address,branch,amount_lost_BTC,swept_at_utc,collector,explorer
bc1qxz7s2u6ful4cfm9daq7zwme579cpm9h2gqgf24,B,51.07336472,2026-07-30 01:32,bc1qc779m8gec84k3t0ffvu0pps94zheht7lr7ueyn,https://mempool.space/address/bc1qxz7s2u6ful4cfm9daq7zwme579cpm9h2gqgf24
bc1qhrgyedsemlfnfcavlm0e6m5chzreczrew57uvw,B,49.79414513,2026-07-30 01:32,bc1qc779m8gec84k3t0ffvu0pps94zheht7lr7ueyn,https://mempool.space/address/bc1qhrgyedsemlfnfcavlm0e6m5chzreczrew57uvw
bc1qe85jr4em79p66fsszkvfhwjf6p6qst58a2ahlr,A,29.89245121,2026-07-30 01:36,bc1qnk4zh9qcnap2mycp56qjrgza3cc8ylrh8fecp0,https://mempool.space/address/bc1qe85jr4em79p66fsszkvfhwjf6p6qst58a2ahlr
bc1qvshd3nv6mjjs5wtk6x5ekppakdp2trqcsdvwlf,A,24.08209830,2026-07-30 01:36,bc1qnk4zh9qcnap2mycp56qjrgza3cc8ylrh8fecp0,https://mempool.space/address/bc1qvshd3nv6mjjs5wtk6x5ekppakdp2trqcsdvwlf
bc1qws3u2kw20y8q9k6sqe2p4k3whmrlawgft7qv47,C1,17.39256787,2026-07-30 01:10,bc1qdaarag7729c2n4l2wnyt3hkhfpcs66n98z7uuh,https://mempool.space/address/bc1qws3u2kw20y8q9k6sqe2p4k3whmrlawgft7qv47
bc1q928aamjwtgc5mfgrc348gryl7s7juhrst4344p,B,17.25253527,2026-07-30 01:32,bc1qc779m8gec84k3t0ffvu0pps94zheht7lr7ueyn,https://mempool.space/address/bc1q928aamjwtgc5mfgrc348gryl7s7juhrst4344p
bc1q30363smzw6uk5n2znj65mf9432s0e3d92e3fu5,A,14.42981976,2026-07-30 01:36,bc1qnk4zh9qcnap2mycp56qjrgza3cc8ylrh8fecp0,https://mempool.space/address/bc1q30363smzw6uk5n2znj65mf9432s0e3d92e3fu5
bc1q9qaljdxux9nr4uuyh8v7khvk7hgvpku5e0xyjj,A,14.25194722,2026-07-30 01:36,bc1qnk4zh9qcnap2mycp56qjrgza3cc8ylrh8fecp0,https://mempool.space/address/bc1q9qaljdxux9nr4uuyh8v7khvk7hgvpku5e0xyjj
bc1qgzxfgqgvnle9p6kksk35t54ycu2tx2hwau5ppw,A,11.73797492,2026-07-30 01:36,bc1qnk4zh9qcnap2mycp56qjrgza3cc8ylrh8fecp0,https://mempool.space/address/bc1qgzxfgqgvnle9p6kksk35t54ycu2tx2hwau5ppw
bc1q8vvys8vzv97fv32ucdj2dgxkxpg02j92mvrskg,B,10.82443134,2026-07-30 01:32,bc1qc779m8gec84k3t0ffvu0pps94zheht7lr7ueyn,https://mempool.space/address/bc1q8vvys8vzv97fv32ucdj2dgxkxpg02j92mvrskg
bc1q76tat7u2r2acakqnagpeqxs7rpwmlut23r903m,A,10.18571815,2026-07-30 01:36,bc1qnk4zh9qcnap2mycp56qjrgza3cc8ylrh8fecp0,https://mempool.space/address/bc1q76tat7u2r2acakqnagpeqxs7rpwmlut23r903m
bc1qa06s3v5qu6thmgz8pfu4hsyzvyx8y7438tssjd,A,10.05122315,2026-07-30 01:36,bc1qnk4zh9qcnap2mycp56qjrgza3cc8ylrh8fecp0,https://mempool.space/address/bc1qa06s3v5qu6thmgz8pfu4hsyzvyx8y7438tssjd
bc1quqhzaymqhf9sscvvy6aug7ymmavk8ds4jat0tm,C1,10.00001464,2026-07-30 01:10,bc1qdaarag7729c2n4l2wnyt3hkhfpcs66n98z7uuh,https://mempool.space/address/bc1quqhzaymqhf9sscvvy6aug7ymmavk8ds4jat0tm
bc1qu004frnrt3rmh6due474m0wx2e8c9sxgk2dla2,A,9.99993244,2026-07-30 01:36,bc1qnk4zh9qcnap2mycp56qjrgza3cc8ylrh8fecp0,https://mempool.space/address/bc1qu004frnrt3rmh6due474m0wx2e8c9sxgk2dla2
bc1quxruvxju65w2lkrzaphugha3pwg0ytr7ng9cp8,A,9.99993244,2026-07-30 01:36,bc1qnk4zh9qcnap2mycp56qjrgza3cc8ylrh8fecp0,https://mempool.space/address/bc1quxruvxju65w2lkrzaphugha3pwg0ytr7ng9cp8
bc1q5qrlh8l73ehs9fvmxl0qkrn784g0qrf4rfxxf6,A,9.99993244,2026-07-30 01:36,bc1qnk4zh9qcnap2mycp56qjrgza3cc8ylrh8fecp0,https://mempool.space/address/bc1q5qrlh8l73ehs9fvmxl0qkrn784g0qrf4rfxxf6
bc1qseck8xdj8fg5z0ntft4qhgsfe2wsjgrmc3t82d,A,9.99993244,2026-07-30 01:36,bc1qnk4zh9qcnap2mycp56qjrgza3cc8ylrh8fecp0,https://mempool.space/address/bc1qseck8xdj8fg5z0ntft4qhgsfe2wsjgrmc3t82d
bc1qkkczhtaah0hjtjul0gxjy6mvlh5eq8jdvuhyw6,A,9.99992348,2026-07-30 01:36,bc1qnk4zh9qcnap2mycp56qjrgza3cc8ylrh8fecp0,https://mempool.space/address/bc1qkkczhtaah0hjtjul0gxjy6mvlh5eq8jdvuhyw6
bc1qhshtt7dhyc9p9xz4plc7nhywg6czlkdpjehkc8,A,9.40421868,2026-07-30 01:36,bc1qnk4zh9qcnap2mycp56qjrgza3cc8ylrh8fecp0,https://mempool.space/address/bc1qhshtt7dhyc9p9xz4plc7nhywg6czlkdpjehkc8
bc1qqda20ss7k0lf29ey6z4c78hppkevcg70hly79c,A,8.70407656,2026-07-30 01:36,bc1qnk4zh9qcnap2mycp56qjrgza3cc8ylrh8fecp0,https://mempool.space/address/bc1qqda20ss7k0lf29ey6z4c78hppkevcg70hly79c
bc1qh9cxvnqfhd7vwpppmhal00859x0wdqhgutp5de,A,8.33726229,2026-07-30 01:36,bc1qnk4zh9qcnap2mycp56qjrgza3cc8ylrh8fecp0,https://mempool.space/address/bc1qh9cxvnqfhd7vwpppmhal00859x0wdqhgutp5de
bc1q5jsd2qy4r5m89faek7ufuk2zyva9qm06e6tynm,C1,7.83074972,2026-07-30 01:10,bc1qdaarag7729c2n4l2wnyt3hkhfpcs66n98z7uuh,https://mempool.space/address/bc1q5jsd2qy4r5m89faek7ufuk2zyva9qm06e6tynm
bc1q796dzm6nlhqphntjwqjp2mr8tx69h4lrjeq05p,A,7.67494954,2026-07-30 01:36,bc1qnk4zh9qcnap2mycp56qjrgza3cc8ylrh8fecp0,https://mempool.space/address/bc1q796dzm6nlhqphntjwqjp2mr8tx69h4lrjeq05p
bc1qdr5pek9yv56dkxr263mlt7eyvp2lucxgd3k0hr,B,7.24509036,2026-07-30 01:32,bc1qc779m8gec84k3t0ffvu0pps94zheht7lr7ueyn,https://mempool.space/address/bc1qdr5pek9yv56dkxr263mlt7eyvp2lucxgd3k0hr
bc1qa99mzy54dgk8g3se3fwd36chjxvlfu8yz8umw7,A,7.17863374,2026-07-30 01:36,bc1qnk4zh9qcnap2mycp56qjrgza3cc8ylrh8fecp0,https://mempool.space/address/bc1qa99mzy54dgk8g3se3fwd36chjxvlfu8yz8umw7
bc1qq9vv5d87x4m5s8xd09fwk6nc0ksjayn90rcarq,A,6.99994954,2026-07-30 01:36,bc1qnk4zh9qcnap2mycp56qjrgza3cc8ylrh8fecp0,https://mempool.space/address/bc1qq9vv5d87x4m5s8xd09fwk6nc0ksjayn90rcarq
bc1q92fhwyv4n39c24kjqhcx0sdjm9q0ywp48degxc,A,6.99994954,2026-07-30 01:36,bc1qnk4zh9qcnap2mycp56qjrgza3cc8ylrh8fecp0,https://mempool.space/address/bc1q92fhwyv4n39c24kjqhcx0sdjm9q0ywp48degxc
bc1qgcda303puzpj98gkh0wqts2md6f2t6sgmp3vnm,A,6.90356378,2026-07-30 01:36,bc1qnk4zh9qcnap2mycp56qjrgza3cc8ylrh8fecp0,https://mempool.space/address/bc1qgcda303puzpj98gkh0wqts2md6f2t6sgmp3vnm
bc1qstmvrwnr9yvsu58lavhazmqz4vg7ewaya8nka7,C1,6.61462943,2026-07-30 01:10,bc1qdaarag7729c2n4l2wnyt3hkhfpcs66n98z7uuh,https://mempool.space/address/bc1qstmvrwnr9yvsu58lavhazmqz4vg7ewaya8nka7
bc1qzupxucra34ct9f4gg05yr96xynsvakmpfech3u,C1,6.31992744,2026-07-30 01:10,bc1qdaarag7729c2n4l2wnyt3hkhfpcs66n98z7uuh,https://mempool.space/address/bc1qzupxucra34ct9f4gg05yr96xynsvakmpfech3u
bc1q5x4qpqxh0yzns86rzs62syzgnwjjg5p9hv5l3f,A,6.31798929,2026-07-30 01:36,bc1qnk4zh9qcnap2mycp56qjrgza3cc8ylrh8fecp0,https://mempool.space/address/bc1q5x4qpqxh0yzns86rzs62syzgnwjjg5p9hv5l3f
bc1qerwsppqhe6rq3tstlmmqfq9r5jwyxl2u2c3wjm,A,6.09993544,2026-07-30 01:36,bc1qnk4zh9qcnap2mycp56qjrgza3cc8ylrh8fecp0,https://mempool.space/address/bc1qerwsppqhe6rq3tstlmmqfq9r5jwyxl2u2c3wjm
bc1qm64fveuqqgxwwhhpn0smj4svdh0afd65vqfgs6,B,5.49992914,2026-07-30 01:32,bc1qc779m8gec84k3t0ffvu0pps94zheht7lr7ueyn,https://mempool.space/address/bc1qm64fveuqqgxwwhhpn0smj4svdh0afd65vqfgs6
bc1qr6f02cel5rxpushezxnck36r7jj5d3yahfw6cg,A,5.14635458,2026-07-30 01:36,bc1qnk4zh9qcnap2mycp56qjrgza3cc8ylrh8fecp0,https://mempool.space/address/bc1qr6f02cel5rxpushezxnck36r7jj5d3yahfw6cg
bc1qswz6hyqn5amvqdq3m9uhmn4zavzz7khwj5gr9e,A,5.00494514,2026-07-30 01:36,bc1qnk4zh9qcnap2mycp56qjrgza3cc8ylrh8fecp0,https://mempool.space/address/bc1qswz6hyqn5amvqdq3m9uhmn4zavzz7khwj5gr9e
bc1qdh3cj62m4etpsntphmd4rsfk3mz60xk0lkxa80,A,5.00493338,2026-07-30 01:36,bc1qnk4zh9qcnap2mycp56qjrgza3cc8ylrh8fecp0,https://mempool.space/address/bc1qdh3cj62m4etpsntphmd4rsfk3mz60xk0lkxa80
bc1q2qefl5qsvfsuay5dljjd6cyl75yej6r6zazrjg,A,4.99996700,2026-07-30 01:36,bc1qnk4zh9qcnap2mycp56qjrgza3cc8ylrh8fecp0,https://mempool.space/address/bc1q2qefl5qsvfsuay5dljjd6cyl75yej6r6zazrjg
bc1qw7eacvq9q2cnlvrcyn3j08sj2tw7laurktzu2t,A,4.99996700,2026-07-30 01:36,bc1qnk4zh9qcnap2mycp56qjrgza3cc8ylrh8fecp0,https://mempool.space/address/bc1qw7eacvq9q2cnlvrcyn3j08sj2tw7laurktzu2t
bc1qn99nejjagm8zakhlrsxqjv3vxpxa95lrqgplfs,A,4.99996700,2026-07-30 01:36,bc1qnk4zh9qcnap2mycp56qjrgza3cc8ylrh8fecp0,https://mempool.space/address/bc1qn99nejjagm8zakhlrsxqjv3vxpxa95lrqgplfs
bc1qp8sev2h59907ty5za8hqk4e0acg3x8pxvn9s27,A,4.99996700,2026-07-30 01:36,bc1qnk4zh9qcnap2mycp56qjrgza3cc8ylrh8fecp0,https://mempool.space/address/bc1qp8sev2h59907ty5za8hqk4e0acg3x8pxvn9s27
bc1q38ax7pgaavs8j0a0kxs8ju0prj6vx4h0834f0t,B,4.99996700,2026-07-30 01:32,bc1qc779m8gec84k3t0ffvu0pps94zheht7lr7ueyn,https://mempool.space/address/bc1q38ax7pgaavs8j0a0kxs8ju0prj6vx4h0834f0t
bc1qy9ec5np0fsq2xvhmrndy27gg35pvsk6shv27wm,C1,4.99996700,2026-07-30 01:10,bc1qdaarag7729c2n4l2wnyt3hkhfpcs66n98z7uuh,https://mempool.space/address/bc1qy9ec5np0fsq2xvhmrndy27gg35pvsk6shv27wm
bc1qa7j36cflcuxe420gwg9gup948efpa2fap2xp38,A,4.99994954,2026-07-30 01:36,bc1qnk4zh9qcnap2mycp56qjrgza3cc8ylrh8fecp0,https://mempool.space/address/bc1qa7j36cflcuxe420gwg9gup948efpa2fap2xp38
bc1qfed5advvk8wks6lywp2fd7dz2cszwuptsef7kf,C1,4.99994886,2026-07-30 01:10,bc1qdaarag7729c2n4l2wnyt3hkhfpcs66n98z7uuh,https://mempool.space/address/bc1qfed5advvk8wks6lywp2fd7dz2cszwuptsef7kf
bc1qqljly534x8la29h4p6pgqxaekpc9jltm47d40u,A,4.87967681,2026-07-30 01:36,bc1qnk4zh9qcnap2mycp56qjrgza3cc8ylrh8fecp0,https://mempool.space/address/bc1qqljly534x8la29h4p6pgqxaekpc9jltm47d40u
bc1q29sveqc780533zuc4z4ulptfm0kcckcvuts8xu,A,4.82233854,2026-07-30 01:36,bc1qnk4zh9qcnap2mycp56qjrgza3cc8ylrh8fecp0,https://mempool.space/address/bc1q29sveqc780533zuc4z4ulptfm0kcckcvuts8xu
bc1q5ft20ulaz8r89u9x5jer4gv29tau35pquh82c8,A,4.57692553,2026-07-30 01:36,bc1qnk4zh9qcnap2mycp56qjrgza3cc8ylrh8fecp0,https://mempool.space/address/bc1q5ft20ulaz8r89u9x5jer4gv29tau35pquh82c8
bc1qpcks3r95my9aja4aq8zvtffz0tv7e2l4xlt4ly,A,4.46813670,2026-07-30 01:36,bc1qnk4zh9qcnap2mycp56qjrgza3cc8ylrh8fecp0,https://mempool.space/address/bc1qpcks3r95my9aja4aq8zvtffz0tv7e2l4xlt4ly
bc1qpngwuwl8ld26xa43v7wg5hxgc5ul8a0tzdcmw7,A,4.39996700,2026-07-30 01:36,bc1qnk4zh9qcnap2mycp56qjrgza3cc8ylrh8fecp0,https://mempool.space/address/bc1qpngwuwl8ld26xa43v7wg5hxgc5ul8a0tzdcmw7
bc1qqj9ft6v2kuqm3ez9ldc520nve4a0ykyff53tt2,B,4.09996785,2026-07-30 01:32,bc1qc779m8gec84k3t0ffvu0pps94zheht7lr7ueyn,https://mempool.space/address/bc1qqj9ft6v2kuqm3ez9ldc520nve4a0ykyff53tt2
bc1qhvzp967l6674xfk5xp2llwr5ggaytzmut40j8f,A,4.06048700,2026-07-30 01:36,bc1qnk4zh9qcnap2mycp56qjrgza3cc8ylrh8fecp0,https://mempool.space/address/bc1qhvzp967l6674xfk5xp2llwr5ggaytzmut40j8f
bc1qre8aet75kcaacuey7sxkmxevfkcgd44y433t5x,A,3.99995098,2026-07-30 01:36,bc1qnk4zh9qcnap2mycp56qjrgza3cc8ylrh8fecp0,https://mempool.space/address/bc1qre8aet75kcaacuey7sxkmxevfkcgd44y433t5x
bc1qn6dz0py8yun29kjhzvhj40sv0jy8554u6glaw4,A,3.95698325,2026-07-30 01:36,bc1qnk4zh9qcnap2mycp56qjrgza3cc8ylrh8fecp0,https://mempool.space/address/bc1qn6dz0py8yun29kjhzvhj40sv0jy8554u6glaw4
bc1qtphqzu6nddqtcezgj0cp5n5ynql3lnxq6htsu7,B,3.95352996,2026-07-30 01:32,bc1qc779m8gec84k3t0ffvu0pps94zheht7lr7ueyn,https://mempool.space/address/bc1qtphqzu6nddqtcezgj0cp5n5ynql3lnxq6htsu7
bc1qfgfh7xd9cv8seq6kx2mg0q2g4xhdjzumh3dvt0,B,3.93445942,2026-07-30 01:32,bc1qc779m8gec84k3t0ffvu0pps94zheht7lr7ueyn,https://mempool.space/address/bc1qfgfh7xd9cv8seq6kx2mg0q2g4xhdjzumh3dvt0
bc1q87sw8a5gvaglg9m3sdaa5mllq3d2yc50sff69m,B,3.92239590,2026-07-30 01:32,bc1qc779m8gec84k3t0ffvu0pps94zheht7lr7ueyn,https://mempool.space/address/bc1q87sw8a5gvaglg9m3sdaa5mllq3d2yc50sff69m
bc1qfvx2vjwgdr6yxn89upsjsf2n6zmkfwe5dy3mf9,B,3.76369235,2026-07-30 01:32,bc1qc779m8gec84k3t0ffvu0pps94zheht7lr7ueyn,https://mempool.space/address/bc1qfvx2vjwgdr6yxn89upsjsf2n6zmkfwe5dy3mf9
bc1qfncalj8rmamr7jr4du9kmyzhuazqsvnn6u8d45,A,3.70218615,2026-07-30 01:36,bc1qnk4zh9qcnap2mycp56qjrgza3cc8ylrh8fecp0,https://mempool.space/address/bc1qfncalj8rmamr7jr4du9kmyzhuazqsvnn6u8d45
bc1q8a69c2ccylxja3ylys64rxpfans9h3dddkd4c6,B,3.54543597,2026-07-30 01:32,bc1qc779m8gec84k3t0ffvu0pps94zheht7lr7ueyn,https://mempool.space/address/bc1q8a69c2ccylxja3ylys64rxpfans9h3dddkd4c6
bc1q24xnl0g4hk7m9ycnmpllvthecwaf0gvx2ydq38,B,3.39344700,2026-07-30 01:32,bc1qc779m8gec84k3t0ffvu0pps94zheht7lr7ueyn,https://mempool.space/address/bc1q24xnl0g4hk7m9ycnmpllvthecwaf0gvx2ydq38
bc1qeskcte7s29mezx9nsuvrq8sefrfhm72qp7h93v,A,3.27969711,2026-07-30 01:36,bc1qnk4zh9qcnap2mycp56qjrgza3cc8ylrh8fecp0,https://mempool.space/address/bc1qeskcte7s29mezx9nsuvrq8sefrfhm72qp7h93v
bc1qu549k5x5z5emxcnracuftv5pjsr6lsxnfkm56e,B,3.14877269,2026-07-30 01:32,bc1qc779m8gec84k3t0ffvu0pps94zheht7lr7ueyn,https://mempool.space/address/bc1qu549k5x5z5emxcnracuftv5pjsr6lsxnfkm56e
bc1q5evkmamh4yu9e5w023t72swhl357zy38e94lcq,B,3.12918615,2026-07-30 01:32,bc1qc779m8gec84k3t0ffvu0pps94zheht7lr7ueyn,https://mempool.space/address/bc1q5evkmamh4yu9e5w023t72swhl357zy38e94lcq
bc1q90zhhd3mazk2wydkh6dqty345qzgmze8lhzff4,A,3.11194240,2026-07-30 01:36,bc1qnk4zh9qcnap2mycp56qjrgza3cc8ylrh8fecp0,https://mempool.space/address/bc1q90zhhd3mazk2wydkh6dqty345qzgmze8lhzff4
bc1q338vpz762xxvqfeuarpx8jv26yfv4kr6htj77r,A,3.07064674,2026-07-30 01:36,bc1qnk4zh9qcnap2mycp56qjrgza3cc8ylrh8fecp0,https://mempool.space/address/bc1q338vpz762xxvqfeuarpx8jv26yfv4kr6htj77r
bc1qsktacew3cug6lzw40gekakllv8k9hpfqdf0cp5,A,3.06902795,2026-07-30 01:36,bc1qnk4zh9qcnap2mycp56qjrgza3cc8ylrh8fecp0,https://mempool.space/address/bc1qsktacew3cug6lzw40gekakllv8k9hpfqdf0cp5
bc1q824zenjr6m3ymcgzxm9rdyeafa00fxqaupt3kt,B,3.03015344,2026-07-30 01:32,bc1qc779m8gec84k3t0ffvu0pps94zheht7lr7ueyn,https://mempool.space/address/bc1q824zenjr6m3ymcgzxm9rdyeafa00fxqaupt3kt
bc1qlap6kyx7hp5vzc6nr9neereg08fqfe3ulmngm3,B,3.00421205,2026-07-30 01:32,bc1qc779m8gec84k3t0ffvu0pps94zheht7lr7ueyn,https://mempool.space/address/bc1qlap6kyx7hp5vzc6nr9neereg08fqfe3ulmngm3
bc1qruquaswvt3d48l95tlp9p3tz88tsxus066pq08,C1,2.95826700,2026-07-30 01:10,bc1qdaarag7729c2n4l2wnyt3hkhfpcs66n98z7uuh,https://mempool.space/address/bc1qruquaswvt3d48l95tlp9p3tz88tsxus066pq08
bc1q2pz28nqzy4xs29vql9t9szqj8xxkguxugrhc0j,A,2.90218398,2026-07-30 01:36,bc1qnk4zh9qcnap2mycp56qjrgza3cc8ylrh8fecp0,https://mempool.space/address/bc1q2pz28nqzy4xs29vql9t9szqj8xxkguxugrhc0j
bc1q6n43elwjh60x02thq5n0kjq6crxfxkw55qf9hg,A,2.89966700,2026-07-30 01:36,bc1qnk4zh9qcnap2mycp56qjrgza3cc8ylrh8fecp0,https://mempool.space/address/bc1q6n43elwjh60x02thq5n0kjq6crxfxkw55qf9hg
bc1qnqgcjtgq48vgpj6r6nvyy0fy4gym2xdsqddw8y,A,2.88658250,2026-07-30 01:36,bc1qnk4zh9qcnap2mycp56qjrgza3cc8ylrh8fecp0,https://mempool.space/address/bc1qnqgcjtgq48vgpj6r6nvyy0fy4gym2xdsqddw8y
bc1qr4fhudrnpmjkuw96jf8dpsztsxj2uy0ynsrkgl,B,2.80062057,2026-07-30 01:32,bc1qc779m8gec84k3t0ffvu0pps94zheht7lr7ueyn,https://mempool.space/address/bc1qr4fhudrnpmjkuw96jf8dpsztsxj2uy0ynsrkgl
bc1qe6ajpk2c5q6x8jjxc4y97txag8jpzgczsuleqr,A,2.75765398,2026-07-30 01:36,bc1qnk4zh9qcnap2mycp56qjrgza3cc8ylrh8fecp0,https://mempool.space/address/bc1qe6ajpk2c5q6x8jjxc4y97txag8jpzgczsuleqr
bc1quqy7zdlak6e6czmj67ly9vjrp2p65t2u4fe8rc,B,2.68432046,2026-07-30 01:32,bc1qc779m8gec84k3t0ffvu0pps94zheht7lr7ueyn,https://mempool.space/address/bc1quqy7zdlak6e6czmj67ly9vjrp2p65t2u4fe8rc
bc1qz0qtxrmggkhjhkq40gu89xjw594jzp2c8cvusd,A,2.64462708,2026-07-30 01:36,bc1qnk4zh9qcnap2mycp56qjrgza3cc8ylrh8fecp0,https://mempool.space/address/bc1qz0qtxrmggkhjhkq40gu89xjw594jzp2c8cvusd
bc1qxhylaxu5ksq5kz6defc6ngk3jv4wwq25ah2vej,C1,2.60699011,2026-07-30 01:10,bc1qdaarag7729c2n4l2wnyt3hkhfpcs66n98z7uuh,https://mempool.space/address/bc1qxhylaxu5ksq5kz6defc6ngk3jv4wwq25ah2vej
bc1qyhwx8mm9fm0ths4r0gegnxgu02k08mc9c35ce9,A,2.58847628,2026-07-30 01:36,bc1qnk4zh9qcnap2mycp56qjrgza3cc8ylrh8fecp0,https://mempool.space/address/bc1qyhwx8mm9fm0ths4r0gegnxgu02k08mc9c35ce9
bc1qjgf6fj5vh3dj6lzc57enkcyx2pzs2g9h3fufaw,B,2.54787016,2026-07-30 01:32,bc1qc779m8gec84k3t0ffvu0pps94zheht7lr7ueyn,https://mempool.space/address/bc1qjgf6fj5vh3dj6lzc57enkcyx2pzs2g9h3fufaw
bc1qs2f75q27a7802gvj8jruhravmcawpr80wwmh8t,A,2.53522700,2026-07-30 01:36,bc1qnk4zh9qcnap2mycp56qjrgza3cc8ylrh8fecp0,https://mempool.space/address/bc1qs2f75q27a7802gvj8jruhravmcawpr80wwmh8t
bc1qd0nahq9n2fehymf39d66wkvzeul9ry9hyec7qn,A,2.29929445,2026-07-30 01:36,bc1qnk4zh9qcnap2mycp56qjrgza3cc8ylrh8fecp0,https://mempool.space/address/bc1qd0nahq9n2fehymf39d66wkvzeul9ry9hyec7qn
bc1qrs2wu8gvq7efk7e6wxt30fnqk3akwqxddslkw2,A,2.27381304,2026-07-30 01:36,bc1qnk4zh9qcnap2mycp56qjrgza3cc8ylrh8fecp0,https://mempool.space/address/bc1qrs2wu8gvq7efk7e6wxt30fnqk3akwqxddslkw2
bc1qm4lnmmnczcj27h9ug730wf824suy67uanuy9mr,A,2.26354628,2026-07-30 01:36,bc1qnk4zh9qcnap2mycp56qjrgza3cc8ylrh8fecp0,https://mempool.space/address/bc1qm4lnmmnczcj27h9ug730wf824suy67uanuy9mr
bc1qxa9du8rpj54l8astnpv75k8vjddu6ph7tmj53e,B,2.23809682,2026-07-30 01:32,bc1qc779m8gec84k3t0ffvu0pps94zheht7lr7ueyn,https://mempool.space/address/bc1qxa9du8rpj54l8astnpv75k8vjddu6ph7tmj53e
bc1qpzuk4lkhe9sjtswfgrd3etx4dvgj65yehm6zws,A,2.23208277,2026-07-30 01:36,bc1qnk4zh9qcnap2mycp56qjrgza3cc8ylrh8fecp0,https://mempool.space/address/bc1qpzuk4lkhe9sjtswfgrd3etx4dvgj65yehm6zws
bc1qfdz3acv57xljp7805s32pxkj94crxq3ajwfma3,B,2.22814660,2026-07-30 01:32,bc1qc779m8gec84k3t0ffvu0pps94zheht7lr7ueyn,https://mempool.space/address/bc1qfdz3acv57xljp7805s32pxkj94crxq3ajwfma3
bc1q3z2zg3t4w8kr76g4rsl62k0nmz6du382gllphu,B,2.20163894,2026-07-30 01:32,bc1qc779m8gec84k3t0ffvu0pps94zheht7lr7ueyn,https://mempool.space/address/bc1q3z2zg3t4w8kr76g4rsl62k0nmz6du382gllphu
bc1qh0uydpkc6fxhajqt7dua5v57x5cmrcm0hf0ml6,C1,2.18670001,2026-07-30 01:10,bc1qdaarag7729c2n4l2wnyt3hkhfpcs66n98z7uuh,https://mempool.space/address/bc1qh0uydpkc6fxhajqt7dua5v57x5cmrcm0hf0ml6
bc1qmf38wskau23k8wu2gl6jphmqwps22dmnl9y8us,B,2.15996700,2026-07-30 01:32,bc1qc779m8gec84k3t0ffvu0pps94zheht7lr7ueyn,https://mempool.space/address/bc1qmf38wskau23k8wu2gl6jphmqwps22dmnl9y8us
bc1q2xsxs9hecvnkqdgnts6nasr4vma3zdrytp62wn,A,2.14762152,2026-07-30 01:36,bc1qnk4zh9qcnap2mycp56qjrgza3cc8ylrh8fecp0,https://mempool.space/address/bc1q2xsxs9hecvnkqdgnts6nasr4vma3zdrytp62wn
bc1qy98q27czgv5jctrx6tltmkjzuc7j4xh48at735,A,2.12671662,2026-07-30 01:36,bc1qnk4zh9qcnap2mycp56qjrgza3cc8ylrh8fecp0,https://mempool.space/address/bc1qy98q27czgv5jctrx6tltmkjzuc7j4xh48at735
bc1qkqwvwuuvv5rvsm25p7ahtfg4ult0mxydj4e6vj,B,2.11853890,2026-07-30 01:32,bc1qc779m8gec84k3t0ffvu0pps94zheht7lr7ueyn,https://mempool.space/address/bc1qkqwvwuuvv5rvsm25p7ahtfg4ult0mxydj4e6vj
bc1qy0lgv37qx25wkcg4mj8shj925mpqfwpqskpzwh,A,2.11316903,2026-07-30 01:36,bc1qnk4zh9qcnap2mycp56qjrgza3cc8ylrh8fecp0,https://mempool.space/address/bc1qy0lgv37qx25wkcg4mj8shj925mpqfwpqskpzwh
bc1qt5j667de4cxkm98y5wtag3n4hxtq560u46altj,A,2.11152568,2026-07-30 01:36,bc1qnk4zh9qcnap2mycp56qjrgza3cc8ylrh8fecp0,https://mempool.space/address/bc1qt5j667de4cxkm98y5wtag3n4hxtq560u46altj
bc1qv02tp04ahp4273smvsyx9pglg946ytysedn6ck,A,2.07566039,2026-07-30 01:36,bc1qnk4zh9qcnap2mycp56qjrgza3cc8ylrh8fecp0,https://mempool.space/address/bc1qv02tp04ahp4273smvsyx9pglg946ytysedn6ck
bc1qyqdt563dh4ag3ff9ylm732c4tv7p73hwwskz6r,A,2.06286266,2026-07-30 01:36,bc1qnk4zh9qcnap2mycp56qjrgza3cc8ylrh8fecp0,https://mempool.space/address/bc1qyqdt563dh4ag3ff9ylm732c4tv7p73hwwskz6r
bc1qcnwha6e3tn7c582l0sc8ud3jyzz3uw55dl2nhs,B,2.05533689,2026-07-30 01:32,bc1qc779m8gec84k3t0ffvu0pps94zheht7lr7ueyn,https://mempool.space/address/bc1qcnwha6e3tn7c582l0sc8ud3jyzz3uw55dl2nhs
39v2Na7whw4z7ZX7VJDKVWwwuZaUz7KzeM,B,2.04078857,2026-07-30 01:32,bc1qc779m8gec84k3t0ffvu0pps94zheht7lr7ueyn,https://mempool.space/address/39v2Na7whw4z7ZX7VJDKVWwwuZaUz7KzeM
bc1qpa73kqghyc3s5q8s8909ucdfcjwt8td9g7lzsc,A,2.03790475,2026-07-30 01:36,bc1qnk4zh9qcnap2mycp56qjrgza3cc8ylrh8fecp0,https://mempool.space/address/bc1qpa73kqghyc3s5q8s8909ucdfcjwt8td9g7lzsc
1B8QY37sTQGUbq7BFQ1vRSGu7Nr3zvbCNX,B,2.03135480,2026-07-30 01:32,bc1qc779m8gec84k3t0ffvu0pps94zheht7lr7ueyn,https://mempool.space/address/1B8QY37sTQGUbq7BFQ1vRSGu7Nr3zvbCNX
bc1qpqruxez30mh44rj5879kqm2y4t5afu2ks9wgm6,A,2.02474660,2026-07-30 01:36,bc1qnk4zh9qcnap2mycp56qjrgza3cc8ylrh8fecp0,https://mempool.space/address/bc1qpqruxez30mh44rj5879kqm2y4t5afu2ks9wgm6
bc1qg0zdh3xwpmeh2tr4jlrkuknljrxl5xyvfr7dur,A,2.02336789,2026-07-30 01:36,bc1qnk4zh9qcnap2mycp56qjrgza3cc8ylrh8fecp0,https://mempool.space/address/bc1qg0zdh3xwpmeh2tr4jlrkuknljrxl5xyvfr7dur
bc1qhly3ses7jr2hxrgryguy50s96dph2tqu2v5l3u,B,2.01718885,2026-07-30 01:32,bc1qc779m8gec84k3t0ffvu0pps94zheht7lr7ueyn,https://mempool.space/address/bc1qhly3ses7jr2hxrgryguy50s96dph2tqu2v5l3u
bc1qng3y4hsv236lhv03035njtehujf7lymaaxtnh9,A,2.01179496,2026-07-30 01:37,bc1qnk4zh9qcnap2mycp56qjrgza3cc8ylrh8fecp0,https://mempool.space/address/bc1qng3y4hsv236lhv03035njtehujf7lymaaxtnh9
bc1qde66w0gkk0p3l5mukjrnryntnxgrlz6gz6p538,A,2.00007592,2026-07-30 01:37,bc1qnk4zh9qcnap2mycp56qjrgza3cc8ylrh8fecp0,https://mempool.space/address/bc1qde66w0gkk0p3l5mukjrnryntnxgrlz6gz6p538
bc1qqy95nhsg9h2a0vuj046g2r80p2afhxult46w7v,A,1.99996700,2026-07-30 01:37,bc1qnk4zh9qcnap2mycp56qjrgza3cc8ylrh8fecp0,https://mempool.space/address/bc1qqy95nhsg9h2a0vuj046g2r80p2afhxult46w7v
bc1q3xgv26d953pgxwykszyyv2522vez5x6ygflxcd,B,1.99996136,2026-07-30 01:32,bc1qc779m8gec84k3t0ffvu0pps94zheht7lr7ueyn,https://mempool.space/address/bc1q3xgv26d953pgxwykszyyv2522vez5x6ygflxcd
bc1q2gmm5l9ltnumhc6p5as6zlmu6m3jxz50fjcq99,B,1.99996136,2026-07-30 01:32,bc1qc779m8gec84k3t0ffvu0pps94zheht7lr7ueyn,https://mempool.space/address/bc1q2gmm5l9ltnumhc6p5as6zlmu6m3jxz50fjcq99
bc1qt06wuvu9hgu23w82p2watz7gjm5vtwkn9mnyxl,B,1.99996136,2026-07-30 01:32,bc1qc779m8gec84k3t0ffvu0pps94zheht7lr7ueyn,https://mempool.space/address/bc1qt06wuvu9hgu23w82p2watz7gjm5vtwkn9mnyxl
bc1qth7cphk2rve3amx29rwv90c4sahh27k4uxh28r,B,1.99994355,2026-07-30 01:32,bc1qc779m8gec84k3t0ffvu0pps94zheht7lr7ueyn,https://mempool.space/address/bc1qth7cphk2rve3amx29rwv90c4sahh27k4uxh28r
bc1qrpzmp0e90ja9960da4xufg6p7fmngdqydj3c6a,B,1.96784772,2026-07-30 01:32,bc1qc779m8gec84k3t0ffvu0pps94zheht7lr7ueyn,https://mempool.space/address/bc1qrpzmp0e90ja9960da4xufg6p7fmngdqydj3c6a
bc1q4tj5lr7k54nlnzg4nkxdknk0lesve07uxwlmua,B,1.89184594,2026-07-30 01:32,bc1qc779m8gec84k3t0ffvu0pps94zheht7lr7ueyn,https://mempool.space/address/bc1q4tj5lr7k54nlnzg4nkxdknk0lesve07uxwlmua
124aqbyLpmyRppnseUsJcw1mmaXqeWc6wY,A,1.86141008,2026-07-30 01:37,bc1qnk4zh9qcnap2mycp56qjrgza3cc8ylrh8fecp0,https://mempool.space/address/124aqbyLpmyRppnseUsJcw1mmaXqeWc6wY
bc1qkd2d5xqvafcs78r4dv09r5xg6f68mnukuzp0z9,B,1.85688456,2026-07-30 01:32,bc1qc779m8gec84k3t0ffvu0pps94zheht7lr7ueyn,https://mempool.space/address/bc1qkd2d5xqvafcs78r4dv09r5xg6f68mnukuzp0z9
bc1qast5zqy7ypav24y4dpsc0pvt8jug8k3lcpuxey,A,1.84676273,2026-07-30 01:37,bc1qnk4zh9qcnap2mycp56qjrgza3cc8ylrh8fecp0,https://mempool.space/address/bc1qast5zqy7ypav24y4dpsc0pvt8jug8k3lcpuxey
bc1q9lv9wcdlsrnslwymtgupl6z7hf5ajsp707mz30,A,1.80702407,2026-07-30 01:37,bc1qnk4zh9qcnap2mycp56qjrgza3cc8ylrh8fecp0,https://mempool.space/address/bc1q9lv9wcdlsrnslwymtgupl6z7hf5ajsp707mz30
bc1qaar4gt9p26r3shta7lg0nxwfvmfrpwvx8qs4r6,A,1.79996700,2026-07-30 01:37,bc1qnk4zh9qcnap2mycp56qjrgza3cc8ylrh8fecp0,https://mempool.space/address/bc1qaar4gt9p26r3shta7lg0nxwfvmfrpwvx8qs4r6
bc1qa3ue9mqm896jgwpa9xame7matx9lv2nluy4nvx,B,1.79955995,2026-07-30 01:32,bc1qc779m8gec84k3t0ffvu0pps94zheht7lr7ueyn,https://mempool.space/address/bc1qa3ue9mqm896jgwpa9xame7matx9lv2nluy4nvx
bc1qn4arcz2xssqy0e02zpj8szenv9dtz25t8lpvc8,A,1.77949129,2026-07-30 01:37,bc1qnk4zh9qcnap2mycp56qjrgza3cc8ylrh8fecp0,https://mempool.space/address/bc1qn4arcz2xssqy0e02zpj8szenv9dtz25t8lpvc8
bc1qfyfh9syff4vu0f4h9g7n50uyekd727ymfdahem,B,1.77383540,2026-07-30 01:32,bc1qc779m8gec84k3t0ffvu0pps94zheht7lr7ueyn,https://mempool.space/address/bc1qfyfh9syff4vu0f4h9g7n50uyekd727ymfdahem
bc1qkl0vnmh5uuzgprwg960nd309hja80s226z58xc,B,1.76797325,2026-07-30 01:32,bc1qc779m8gec84k3t0ffvu0pps94zheht7lr7ueyn,https://mempool.space/address/bc1qkl0vnmh5uuzgprwg960nd309hja80s226z58xc
bc1qk2a0gszr97mavtdnysm4n3ddhu4u773n02n0z8,B,1.76765745,2026-07-30 01:32,bc1qc779m8gec84k3t0ffvu0pps94zheht7lr7ueyn,https://mempool.space/address/bc1qk2a0gszr97mavtdnysm4n3ddhu4u773n02n0z8
bc1q4hhaf3u6xxgxuuzdr2ghaymqreszph4zzm05w2,B,1.76321830,2026-07-30 01:32,bc1qc779m8gec84k3t0ffvu0pps94zheht7lr7ueyn,https://mempool.space/address/bc1q4hhaf3u6xxgxuuzdr2ghaymqreszph4zzm05w2
bc1qwh2h4vyjcg0wu0ttmsdqunejp6sejndfwn3trk,B,1.76305274,2026-07-30 01:32,bc1qc779m8gec84k3t0ffvu0pps94zheht7lr7ueyn,https://mempool.space/address/bc1qwh2h4vyjcg0wu0ttmsdqunejp6sejndfwn3trk
bc1qquvy9jtjqv2ksceawr2mweyazc4qth4mtjndly,A,1.74909559,2026-07-30 01:37,bc1qnk4zh9qcnap2mycp56qjrgza3cc8ylrh8fecp0,https://mempool.space/address/bc1qquvy9jtjqv2ksceawr2mweyazc4qth4mtjndly
bc1qdrqzh0pp609xdcepvcwcrr4g3eysg0yp3j9vse,A,1.74395716,2026-07-30 01:37,bc1qnk4zh9qcnap2mycp56qjrgza3cc8ylrh8fecp0,https://mempool.space/address/bc1qdrqzh0pp609xdcepvcwcrr4g3eysg0yp3j9vse
bc1qpfz2k09m7gn9zznpm9lasd2wkvswlrz7ngla8z,B,1.73054686,2026-07-30 01:32,bc1qc779m8gec84k3t0ffvu0pps94zheht7lr7ueyn,https://mempool.space/address/bc1qpfz2k09m7gn9zznpm9lasd2wkvswlrz7ngla8z
bc1qqsjvjhdy4dn2dm3hxenjan8r3f5f33x4gavrw4,B,1.69994264,2026-07-30 01:32,bc1qc779m8gec84k3t0ffvu0pps94zheht7lr7ueyn,https://mempool.space/address/bc1qqsjvjhdy4dn2dm3hxenjan8r3f5f33x4gavrw4
bc1qtmwe7e79sjjnlql2fxufggpf7r5l6u8eypp2cc,A,1.67987807,2026-07-30 01:37,bc1qnk4zh9qcnap2mycp56qjrgza3cc8ylrh8fecp0,https://mempool.space/address/bc1qtmwe7e79sjjnlql2fxufggpf7r5l6u8eypp2cc
bc1q99u45yueke4jwy0etrfa2e8gdtmjpszgtcm2k0,B,1.66886588,2026-07-30 01:32,bc1qc779m8gec84k3t0ffvu0pps94zheht7lr7ueyn,https://mempool.space/address/bc1q99u45yueke4jwy0etrfa2e8gdtmjpszgtcm2k0
bc1q66kfmc87rdkl8y78knwpxzrqvpu7ch5rtgrd7f,A,1.63652620,2026-07-30 01:37,bc1qnk4zh9qcnap2mycp56qjrgza3cc8ylrh8fecp0,https://mempool.space/address/bc1q66kfmc87rdkl8y78knwpxzrqvpu7ch5rtgrd7f
bc1qa6ex4zdtg3qz2azgchu49qzzfg6r7clh2cz5ms,A,1.63232227,2026-07-30 01:37,bc1qnk4zh9qcnap2mycp56qjrgza3cc8ylrh8fecp0,https://mempool.space/address/bc1qa6ex4zdtg3qz2azgchu49qzzfg6r7clh2cz5ms
bc1qdnx0uzpjlp376hllwuklhdwedgpnrv0fpemhqm,C1,1.60996700,2026-07-30 01:10,bc1qdaarag7729c2n4l2wnyt3hkhfpcs66n98z7uuh,https://mempool.space/address/bc1qdnx0uzpjlp376hllwuklhdwedgpnrv0fpemhqm
bc1qgzf96qtjnsmnmzxeam2tdmfng6v07hx5457z76,A,1.54996700,2026-07-30 01:37,bc1qnk4zh9qcnap2mycp56qjrgza3cc8ylrh8fecp0,https://mempool.space/address/bc1qgzf96qtjnsmnmzxeam2tdmfng6v07hx5457z76
bc1q0jc9ygw9hu0p4uzl7q8rvhfu6syk6lfmvjj79t,A,1.53472478,2026-07-30 01:37,bc1qnk4zh9qcnap2mycp56qjrgza3cc8ylrh8fecp0,https://mempool.space/address/bc1q0jc9ygw9hu0p4uzl7q8rvhfu6syk6lfmvjj79t
bc1qmkfs4qdny6ftcd3683x9pmr44kfhlhzwc75syq,B,1.51515592,2026-07-30 01:32,bc1qc779m8gec84k3t0ffvu0pps94zheht7lr7ueyn,https://mempool.space/address/bc1qmkfs4qdny6ftcd3683x9pmr44kfhlhzwc75syq
bc1quffptmun6sxkcsvnqm3w5arczj8hzdvd4rtqea,B,1.49996700,2026-07-30 01:32,bc1qc779m8gec84k3t0ffvu0pps94zheht7lr7ueyn,https://mempool.space/address/bc1quffptmun6sxkcsvnqm3w5arczj8hzdvd4rtqea
bc1qcnjte47njghgs8xrzx3x4vdp7c9cqsj652d3m4,A,1.49580137,2026-07-30 01:37,bc1qnk4zh9qcnap2mycp56qjrgza3cc8ylrh8fecp0,https://mempool.space/address/bc1qcnjte47njghgs8xrzx3x4vdp7c9cqsj652d3m4
bc1qdaue5zh0jftamzxg7grcmf8z9lumsm9j4uuxww,B,1.48266124,2026-07-30 01:32,bc1qc779m8gec84k3t0ffvu0pps94zheht7lr7ueyn,https://mempool.space/address/bc1qdaue5zh0jftamzxg7grcmf8z9lumsm9j4uuxww
bc1q9t6p60hjdht3nmz74rlh6vsklpxvs3uyt99ndg,A,1.45795769,2026-07-30 01:37,bc1qnk4zh9qcnap2mycp56qjrgza3cc8ylrh8fecp0,https://mempool.space/address/bc1q9t6p60hjdht3nmz74rlh6vsklpxvs3uyt99ndg
bc1qc54j3cwajyxmt8mg4cqu87fgk4gfy7zzp8ay7u,B,1.41784500,2026-07-30 01:32,bc1qc779m8gec84k3t0ffvu0pps94zheht7lr7ueyn,https://mempool.space/address/bc1qc54j3cwajyxmt8mg4cqu87fgk4gfy7zzp8ay7u
bc1qcmkzqz6svprg4tmgr9qndcjq9rzknfetcwvs46,B,1.41711741,2026-07-30 01:32,bc1qc779m8gec84k3t0ffvu0pps94zheht7lr7ueyn,https://mempool.space/address/bc1qcmkzqz6svprg4tmgr9qndcjq9rzknfetcwvs46
bc1qwfljgxw88nrc62hp5gkqdw75axhhcz5zqujqw0,C1,1.38918337,2026-07-30 01:10,bc1qdaarag7729c2n4l2wnyt3hkhfpcs66n98z7uuh,https://mempool.space/address/bc1qwfljgxw88nrc62hp5gkqdw75axhhcz5zqujqw0
bc1qtd8pzglxqdaugzvj4m5xgjmug3jwgan9ypuvha,B,1.36348210,2026-07-30 01:32,bc1qc779m8gec84k3t0ffvu0pps94zheht7lr7ueyn,https://mempool.space/address/bc1qtd8pzglxqdaugzvj4m5xgjmug3jwgan9ypuvha
bc1qh7gfl3793wcct476n0n7rv7ull8gd39ra0krqv,A,1.35932352,2026-07-30 01:37,bc1qnk4zh9qcnap2mycp56qjrgza3cc8ylrh8fecp0,https://mempool.space/address/bc1qh7gfl3793wcct476n0n7rv7ull8gd39ra0krqv
bc1qvqyv8sa23ca5wvssvr3cva0k34tr7z4y6l0cfk,A,1.34994900,2026-07-30 01:37,bc1qnk4zh9qcnap2mycp56qjrgza3cc8ylrh8fecp0,https://mempool.space/address/bc1qvqyv8sa23ca5wvssvr3cva0k34tr7z4y6l0cfk
bc1qqnk5lwm5ufc7x3mlv7pmxwnkkezjr9u37zxtth,A,1.34374444,2026-07-30 01:37,bc1qnk4zh9qcnap2mycp56qjrgza3cc8ylrh8fecp0,https://mempool.space/address/bc1qqnk5lwm5ufc7x3mlv7pmxwnkkezjr9u37zxtth
bc1qtzj87y0xsqgyjzdlzafmyrt8hus4t6c67j6u98,A,1.34356194,2026-07-30 01:37,bc1qnk4zh9qcnap2mycp56qjrgza3cc8ylrh8fecp0,https://mempool.space/address/bc1qtzj87y0xsqgyjzdlzafmyrt8hus4t6c67j6u98
bc1qturry725w0csnhvy7eh3efw8fnw47rjd7dpldq,B,1.33464867,2026-07-30 01:32,bc1qc779m8gec84k3t0ffvu0pps94zheht7lr7ueyn,https://mempool.space/address/bc1qturry725w0csnhvy7eh3efw8fnw47rjd7dpldq
bc1qecm9uhnugc3uxvcjwjtgw7lx0kk6atkrv2g0ku,B,1.32021813,2026-07-30 01:32,bc1qc779m8gec84k3t0ffvu0pps94zheht7lr7ueyn,https://mempool.space/address/bc1qecm9uhnugc3uxvcjwjtgw7lx0kk6atkrv2g0ku
bc1qvz2u908r0rhmcjdtnerlqwzk7v7suf7ezemqwx,A,1.31192906,2026-07-30 01:37,bc1qnk4zh9qcnap2mycp56qjrgza3cc8ylrh8fecp0,https://mempool.space/address/bc1qvz2u908r0rhmcjdtnerlqwzk7v7suf7ezemqwx
bc1q98mxdm7pgj4ktc8kjyghw3deh27s2dv523zv77,B,1.31131310,2026-07-30 01:32,bc1qc779m8gec84k3t0ffvu0pps94zheht7lr7ueyn,https://mempool.space/address/bc1q98mxdm7pgj4ktc8kjyghw3deh27s2dv523zv77
bc1qwj6selj6thmcpnx4nkv55ghdsz6udd6ndgdm9w,B,1.31103140,2026-07-30 01:32,bc1qc779m8gec84k3t0ffvu0pps94zheht7lr7ueyn,https://mempool.space/address/bc1qwj6selj6thmcpnx4nkv55ghdsz6udd6ndgdm9w
bc1quh5e49ly3qgrqu8u9q3asn5yz03zzfm7lyxsef,B,1.30990336,2026-07-30 01:32,bc1qc779m8gec84k3t0ffvu0pps94zheht7lr7ueyn,https://mempool.space/address/bc1quh5e49ly3qgrqu8u9q3asn5yz03zzfm7lyxsef
bc1q9dtgfm7k2dn3s3ykfncfhdavd6azd6gmtxryq3,A,1.29996700,2026-07-30 01:37,bc1qnk4zh9qcnap2mycp56qjrgza3cc8ylrh8fecp0,https://mempool.space/address/bc1q9dtgfm7k2dn3s3ykfncfhdavd6azd6gmtxryq3
bc1qkda677g5q8sgspvklau42puu70s56pcnw2u7w3,A,1.28890571,2026-07-30 01:37,bc1qnk4zh9qcnap2mycp56qjrgza3cc8ylrh8fecp0,https://mempool.space/address/bc1qkda677g5q8sgspvklau42puu70s56pcnw2u7w3
bc1qwtwgx6s5kteqar6yh55j4glgx92atttj35qy6e,B,1.28263050,2026-07-30 01:32,bc1qc779m8gec84k3t0ffvu0pps94zheht7lr7ueyn,https://mempool.space/address/bc1qwtwgx6s5kteqar6yh55j4glgx92atttj35qy6e
bc1qrmjdwxvv29t5pjkxqjajd8fxc4gdvnsyz34443,B,1.28095542,2026-07-30 01:32,bc1qc779m8gec84k3t0ffvu0pps94zheht7lr7ueyn,https://mempool.space/address/bc1qrmjdwxvv29t5pjkxqjajd8fxc4gdvnsyz34443
bc1q3lqck4le2cxfnp727ju9l8pvsymefzkygfxc04,A,1.23575191,2026-07-30 01:37,bc1qnk4zh9qcnap2mycp56qjrgza3cc8ylrh8fecp0,https://mempool.space/address/bc1q3lqck4le2cxfnp727ju9l8pvsymefzkygfxc04
bc1q8m7acjeal5tlj34twn297fu6dvaykj5lcm6eks,C1,1.23085889,2026-07-30 01:10,bc1qdaarag7729c2n4l2wnyt3hkhfpcs66n98z7uuh,https://mempool.space/address/bc1q8m7acjeal5tlj34twn297fu6dvaykj5lcm6eks
bc1qn97m0ec757c0lz02ucewzfkdjsemmv8z9ypmmk,B,1.21776700,2026-07-30 01:32,bc1qc779m8gec84k3t0ffvu0pps94zheht7lr7ueyn,https://mempool.space/address/bc1qn97m0ec757c0lz02ucewzfkdjsemmv8z9ypmmk
bc1qaln0usvvecwz6wzz9mqa07hfwz9aemr8vx8urg,B,1.19996700,2026-07-30 01:32,bc1qc779m8gec84k3t0ffvu0pps94zheht7lr7ueyn,https://mempool.space/address/bc1qaln0usvvecwz6wzz9mqa07hfwz9aemr8vx8urg
bc1qxvnh73ayw86xzx4dwjd0acgxp0qzjwslxxe454,A,1.19994660,2026-07-30 01:37,bc1qnk4zh9qcnap2mycp56qjrgza3cc8ylrh8fecp0,https://mempool.space/address/bc1qxvnh73ayw86xzx4dwjd0acgxp0qzjwslxxe454
bc1q03wvfpqv4ze0mdkqwqsezd74sunp7tmjcpg7jr,A,1.19562062,2026-07-30 01:37,bc1qnk4zh9qcnap2mycp56qjrgza3cc8ylrh8fecp0,https://mempool.space/address/bc1q03wvfpqv4ze0mdkqwqsezd74sunp7tmjcpg7jr
bc1qf5dftjwdhmwaeul904s5ypus3vezrj72h0hkxl,A,1.18996700,2026-07-30 01:37,bc1qnk4zh9qcnap2mycp56qjrgza3cc8ylrh8fecp0,https://mempool.space/address/bc1qf5dftjwdhmwaeul904s5ypus3vezrj72h0hkxl
bc1qlpg6p7za6qpjhegfqdj4cque0pcu3vxtjqa9e2,C1,1.17895425,2026-07-30 01:10,bc1qdaarag7729c2n4l2wnyt3hkhfpcs66n98z7uuh,https://mempool.space/address/bc1qlpg6p7za6qpjhegfqdj4cque0pcu3vxtjqa9e2
bc1q9tuelpkl5p709cz7semu3vd7y34y54vs0ftdx5,A,1.17740865,2026-07-30 01:37,bc1qnk4zh9qcnap2mycp56qjrgza3cc8ylrh8fecp0,https://mempool.space/address/bc1q9tuelpkl5p709cz7semu3vd7y34y54vs0ftdx5
bc1qkkd8kmz27zrwuavp43jdyh5ml9mpwlxv7dttls,A,1.15858059,2026-07-30 01:37,bc1qnk4zh9qcnap2mycp56qjrgza3cc8ylrh8fecp0,https://mempool.space/address/bc1qkkd8kmz27zrwuavp43jdyh5ml9mpwlxv7dttls
bc1qrvddqe7xe89k7xpwvhymdnlwp7u5sa6q0an6js,A,1.15252567,2026-07-30 01:37,bc1qnk4zh9qcnap2mycp56qjrgza3cc8ylrh8fecp0,https://mempool.space/address/bc1qrvddqe7xe89k7xpwvhymdnlwp7u5sa6q0an6js
bc1qn3x70v2q7g8skevqpd6xvkydfzzz7zpwg6qdce,A,1.13990845,2026-07-30 01:37,bc1qnk4zh9qcnap2mycp56qjrgza3cc8ylrh8fecp0,https://mempool.space/address/bc1qn3x70v2q7g8skevqpd6xvkydfzzz7zpwg6qdce
bc1qfztjaefsv8x7kme4ck4xcv4xncwx9m6p8v3t0l,A,1.13965274,2026-07-30 01:37,bc1qnk4zh9qcnap2mycp56qjrgza3cc8ylrh8fecp0,https://mempool.space/address/bc1qfztjaefsv8x7kme4ck4xcv4xncwx9m6p8v3t0l
bc1qmcl3egvhc28mnymtc4xuff63rcg5eav457d8m7,A,1.13283077,2026-07-30 01:37,bc1qnk4zh9qcnap2mycp56qjrgza3cc8ylrh8fecp0,https://mempool.space/address/bc1qmcl3egvhc28mnymtc4xuff63rcg5eav457d8m7
bc1qfqns8xtx0v5sy9zcnd0kn8jdjafhejzj2m8lwm,B,1.13104741,2026-07-30 01:32,bc1qc779m8gec84k3t0ffvu0pps94zheht7lr7ueyn,https://mempool.space/address/bc1qfqns8xtx0v5sy9zcnd0kn8jdjafhejzj2m8lwm
bc1q7kdtad2hef7nn92ca20jr6msy76cp5deqkj9p9,A,1.13065065,2026-07-30 01:37,bc1qnk4zh9qcnap2mycp56qjrgza3cc8ylrh8fecp0,https://mempool.space/address/bc1q7kdtad2hef7nn92ca20jr6msy76cp5deqkj9p9
bc1qf3jh7g5kk8ttzj82gxs6hfnyh8nghv6uxc9990,A,1.13041451,2026-07-30 01:37,bc1qnk4zh9qcnap2mycp56qjrgza3cc8ylrh8fecp0,https://mempool.space/address/bc1qf3jh7g5kk8ttzj82gxs6hfnyh8nghv6uxc9990
bc1qz9gkuktdp8xdeknzpwulsu57cvaxka2kzl0etd,A,1.11826787,2026-07-30 01:37,bc1qnk4zh9qcnap2mycp56qjrgza3cc8ylrh8fecp0,https://mempool.space/address/bc1qz9gkuktdp8xdeknzpwulsu57cvaxka2kzl0etd
bc1qzfnxw8r8hdzmfkqtnmmftm8ksp8jy7sn03kgm4,B,1.10651844,2026-07-30 01:32,bc1qc779m8gec84k3t0ffvu0pps94zheht7lr7ueyn,https://mempool.space/address/bc1qzfnxw8r8hdzmfkqtnmmftm8ksp8jy7sn03kgm4
bc1qe4nxfsa3j9lkcgsus7uwn3ecj00mmv8ppq376p,C1,1.10222126,2026-07-30 01:10,bc1qdaarag7729c2n4l2wnyt3hkhfpcs66n98z7uuh,https://mempool.space/address/bc1qe4nxfsa3j9lkcgsus7uwn3ecj00mmv8ppq376p
bc1q5mtzpw33448gyx8999nyu2n8uux332h5ygh3nr,A,1.08228924,2026-07-30 01:37,bc1qnk4zh9qcnap2mycp56qjrgza3cc8ylrh8fecp0,https://mempool.space/address/bc1q5mtzpw33448gyx8999nyu2n8uux332h5ygh3nr
bc1qe03nu3en8vqhq0a5veyluvqqf3f5qemzu4mfxf,B,1.08095903,2026-07-30 01:32,bc1qc779m8gec84k3t0ffvu0pps94zheht7lr7ueyn,https://mempool.space/address/bc1qe03nu3en8vqhq0a5veyluvqqf3f5qemzu4mfxf
bc1q3ecz3j4xge24lapxz40fsu7mg6g6vtzw4tzwy4,C1,1.07372143,2026-07-30 01:10,bc1qdaarag7729c2n4l2wnyt3hkhfpcs66n98z7uuh,https://mempool.space/address/bc1q3ecz3j4xge24lapxz40fsu7mg6g6vtzw4tzwy4
bc1qdv5d0vv8r753nnfflegh3p06zwjczw8q59hu09,C1,1.07232554,2026-07-30 01:10,bc1qdaarag7729c2n4l2wnyt3hkhfpcs66n98z7uuh,https://mempool.space/address/bc1qdv5d0vv8r753nnfflegh3p06zwjczw8q59hu09
bc1qkjsjaqsxvhvtg7yt99farc440k7mmdz03zgxeq,B,1.06427700,2026-07-30 01:32,bc1qc779m8gec84k3t0ffvu0pps94zheht7lr7ueyn,https://mempool.space/address/bc1qkjsjaqsxvhvtg7yt99farc440k7mmdz03zgxeq
bc1q66wppxxnjg3qa4jzkvhms6mx4jlgmvg66tg00w,B,1.05981268,2026-07-30 01:32,bc1qc779m8gec84k3t0ffvu0pps94zheht7lr7ueyn,https://mempool.space/address/bc1q66wppxxnjg3qa4jzkvhms6mx4jlgmvg66tg00w
bc1qh8ccwg2c0vyswme0nxf6jj4xcj79mzx98vw6y5,B,1.05508800,2026-07-30 01:32,bc1qc779m8gec84k3t0ffvu0pps94zheht7lr7ueyn,https://mempool.space/address/bc1qh8ccwg2c0vyswme0nxf6jj4xcj79mzx98vw6y5
bc1qs55cwg7rrkhke9zfykkt68zhn4wf8m2tfmnfda,A,1.05038385,2026-07-30 01:37,bc1qnk4zh9qcnap2mycp56qjrgza3cc8ylrh8fecp0,https://mempool.space/address/bc1qs55cwg7rrkhke9zfykkt68zhn4wf8m2tfmnfda
bc1qz3m6dhp9tku9dvsxftrzaemdjctgma4m6xcpfq,B,1.04315617,2026-07-30 01:32,bc1qc779m8gec84k3t0ffvu0pps94zheht7lr7ueyn,https://mempool.space/address/bc1qz3m6dhp9tku9dvsxftrzaemdjctgma4m6xcpfq
bc1q657uv3wrtnna7atmntx4ktnenxw8hgganxuq4h,C1,1.02649242,2026-07-30 01:10,bc1qdaarag7729c2n4l2wnyt3hkhfpcs66n98z7uuh,https://mempool.space/address/bc1q657uv3wrtnna7atmntx4ktnenxw8hgganxuq4h
bc1qagt9fx5gflvzzg4hdsptfp0yphcwl0ed23mwzv,A,1.02624963,2026-07-30 01:37,bc1qnk4zh9qcnap2mycp56qjrgza3cc8ylrh8fecp0,https://mempool.space/address/bc1qagt9fx5gflvzzg4hdsptfp0yphcwl0ed23mwzv
bc1qj2h6alz6f0vjs9prz0tc8v0zv2knztph3tqjf4,C1,1.02098493,2026-07-30 01:10,bc1qdaarag7729c2n4l2wnyt3hkhfpcs66n98z7uuh,https://mempool.space/address/bc1qj2h6alz6f0vjs9prz0tc8v0zv2knztph3tqjf4
bc1qensuqjgr8pdluf79yqg6dcls994wxsp7tya7gn,B,1.01574165,2026-07-30 01:32,bc1qc779m8gec84k3t0ffvu0pps94zheht7lr7ueyn,https://mempool.space/address/bc1qensuqjgr8pdluf79yqg6dcls994wxsp7tya7gn
bc1qe9qqf26tjek60uf77p2rrvwj2sgzd97lnmkssc,A,1.01412681,2026-07-30 01:37,bc1qnk4zh9qcnap2mycp56qjrgza3cc8ylrh8fecp0,https://mempool.space/address/bc1qe9qqf26tjek60uf77p2rrvwj2sgzd97lnmkssc
bc1q02cc4rrexkl6thuscqhjmv6hensn4fr052v7ud,A,1.01264357,2026-07-30 01:37,bc1qnk4zh9qcnap2mycp56qjrgza3cc8ylrh8fecp0,https://mempool.space/address/bc1q02cc4rrexkl6thuscqhjmv6hensn4fr052v7ud
bc1q5ttf8wrwzvn2xa2tk53nfyrrgxtp6gjkpfssmp,C1,1.00991702,2026-07-30 01:10,bc1qdaarag7729c2n4l2wnyt3hkhfpcs66n98z7uuh,https://mempool.space/address/bc1q5ttf8wrwzvn2xa2tk53nfyrrgxtp6gjkpfssmp
bc1q7rclwt9hg9327td093f87mem8ncf55r94tm83y,A,1.00655700,2026-07-30 01:37,bc1qnk4zh9qcnap2mycp56qjrgza3cc8ylrh8fecp0,https://mempool.space/address/bc1q7rclwt9hg9327td093f87mem8ncf55r94tm83y
bc1qr5pcnecqx6wvw3evay369eh08m30nw058ha9um,A,1.00496700,2026-07-30 01:37,bc1qnk4zh9qcnap2mycp56qjrgza3cc8ylrh8fecp0,https://mempool.space/address/bc1qr5pcnecqx6wvw3evay369eh08m30nw058ha9um
bc1qqaanwz45ac73w334tjzsx2757z007yxpwdpkfx,A,1.00161106,2026-07-30 01:37,bc1qnk4zh9qcnap2mycp56qjrgza3cc8ylrh8fecp0,https://mempool.space/address/bc1qqaanwz45ac73w334tjzsx2757z007yxpwdpkfx
bc1q6cgyhsfyhcxdz5w27yts4sf22kuv37nsp4dqaj,A,1.00144648,2026-07-30 01:37,bc1qnk4zh9qcnap2mycp56qjrgza3cc8ylrh8fecp0,https://mempool.space/address/bc1q6cgyhsfyhcxdz5w27yts4sf22kuv37nsp4dqaj
bc1qsnmd43pdc5a3uypvycgpz9p34688l050f47p7k,B,1.00070300,2026-07-30 01:32,bc1qc779m8gec84k3t0ffvu0pps94zheht7lr7ueyn,https://mempool.space/address/bc1qsnmd43pdc5a3uypvycgpz9p34688l050f47p7k
bc1qtvjyp4hw2qrwz3kz03ca3rtgll0jk7zvuucd89,A,1.00039830,2026-07-30 01:37,bc1qnk4zh9qcnap2mycp56qjrgza3cc8ylrh8fecp0,https://mempool.space/address/bc1qtvjyp4hw2qrwz3kz03ca3rtgll0jk7zvuucd89
bc1qxfkspya7vrdntzxc6dj8005hjvk6uhx5zmtet6,B,1.00034660,2026-07-30 01:32,bc1qc779m8gec84k3t0ffvu0pps94zheht7lr7ueyn,https://mempool.space/address/bc1qxfkspya7vrdntzxc6dj8005hjvk6uhx5zmtet6
bc1qs70q08ytw67t2yxuasefvft3k9thx4jamjleha,A,0.99996700,2026-07-30 01:37,bc1qnk4zh9qcnap2mycp56qjrgza3cc8ylrh8fecp0,https://mempool.space/address/bc1qs70q08ytw67t2yxuasefvft3k9thx4jamjleha
bc1q3p2gzgzpe4jlxtu48hmuxucnr72cm7gfjptgv7,A,0.99996700,2026-07-30 01:37,bc1qnk4zh9qcnap2mycp56qjrgza3cc8ylrh8fecp0,https://mempool.space/address/bc1q3p2gzgzpe4jlxtu48hmuxucnr72cm7gfjptgv7
bc1qcj2uaqhlnh209e8e7s2s4xwmxkatqyd750qhdv,A,0.99996700,2026-07-30 01:37,bc1qnk4zh9qcnap2mycp56qjrgza3cc8ylrh8fecp0,https://mempool.space/address/bc1qcj2uaqhlnh209e8e7s2s4xwmxkatqyd750qhdv
bc1q3f4e8cdet5vp2lq0d67mlg5j3zg7uk2pcsmcx5,A,0.99996700,2026-07-30 01:37,bc1qnk4zh9qcnap2mycp56qjrgza3cc8ylrh8fecp0,https://mempool.space/address/bc1q3f4e8cdet5vp2lq0d67mlg5j3zg7uk2pcsmcx5
bc1qyvks9zhg8l9c8e6qzmw65y92pwgslpdswes2fp,A,0.99996700,2026-07-30 01:37,bc1qnk4zh9qcnap2mycp56qjrgza3cc8ylrh8fecp0,https://mempool.space/address/bc1qyvks9zhg8l9c8e6qzmw65y92pwgslpdswes2fp
bc1q4zeemj93wdfdf4dmaq6vmcl3n5a6p5dr305rg0,A,0.99996700,2026-07-30 01:37,bc1qnk4zh9qcnap2mycp56qjrgza3cc8ylrh8fecp0,https://mempool.space/address/bc1q4zeemj93wdfdf4dmaq6vmcl3n5a6p5dr305rg0
bc1q0kyvkcll3e62ntpw7eak4j5fgd8yzxk39cmpp3,A,0.99996700,2026-07-30 01:37,bc1qnk4zh9qcnap2mycp56qjrgza3cc8ylrh8fecp0,https://mempool.space/address/bc1q0kyvkcll3e62ntpw7eak4j5fgd8yzxk39cmpp3
bc1qhmcjyphdstxlykkw4p4tljxufg03znlmk3q8c8,A,0.99996700,2026-07-30 01:37,bc1qnk4zh9qcnap2mycp56qjrgza3cc8ylrh8fecp0,https://mempool.space/address/bc1qhmcjyphdstxlykkw4p4tljxufg03znlmk3q8c8
bc1q2kreqjkekuq29gk0dunj3j7tc6svsmt7e48v03,A,0.99996700,2026-07-30 01:37,bc1qnk4zh9qcnap2mycp56qjrgza3cc8ylrh8fecp0,https://mempool.space/address/bc1q2kreqjkekuq29gk0dunj3j7tc6svsmt7e48v03
bc1qg2mk4qeckavhx0p3u543snyeeadxgqsrft9ml6,A,0.99996700,2026-07-30 01:37,bc1qnk4zh9qcnap2mycp56qjrgza3cc8ylrh8fecp0,https://mempool.space/address/bc1qg2mk4qeckavhx0p3u543snyeeadxgqsrft9ml6
bc1qkfdlg8ldhm45jg022xjaywsgqhaz6h6d4r7vqp,A,0.99996700,2026-07-30 01:37,bc1qnk4zh9qcnap2mycp56qjrgza3cc8ylrh8fecp0,https://mempool.space/address/bc1qkfdlg8ldhm45jg022xjaywsgqhaz6h6d4r7vqp
bc1qv4jthf7tw7rj95lu0tzg6hfk5ztgr3xn479jrc,A,0.99996700,2026-07-30 01:37,bc1qnk4zh9qcnap2mycp56qjrgza3cc8ylrh8fecp0,https://mempool.space/address/bc1qv4jthf7tw7rj95lu0tzg6hfk5ztgr3xn479jrc
bc1q2xmcqcvphu48ny0v7avx66f5et9mcar7xnfj34,A,0.99996700,2026-07-30 01:37,bc1qnk4zh9qcnap2mycp56qjrgza3cc8ylrh8fecp0,https://mempool.space/address/bc1q2xmcqcvphu48ny0v7avx66f5et9mcar7xnfj34
bc1q6e4jdt5lr2rnmde8wyctr6njzxuu4qcjts8gx7,A,0.99996700,2026-07-30 01:37,bc1qnk4zh9qcnap2mycp56qjrgza3cc8ylrh8fecp0,https://mempool.space/address/bc1q6e4jdt5lr2rnmde8wyctr6njzxuu4qcjts8gx7
bc1qepnr8hm0kxjxj4ltyny3telers8h8mlda4fye2,A,0.99996700,2026-07-30 01:37,bc1qnk4zh9qcnap2mycp56qjrgza3cc8ylrh8fecp0,https://mempool.space/address/bc1qepnr8hm0kxjxj4ltyny3telers8h8mlda4fye2
bc1qvrrdtw0eadyh5us5mnv44uqw5r427re373zc29,A,0.99996700,2026-07-30 01:37,bc1qnk4zh9qcnap2mycp56qjrgza3cc8ylrh8fecp0,https://mempool.space/address/bc1qvrrdtw0eadyh5us5mnv44uqw5r427re373zc29
bc1qrqw5jta30nafmk3jzf9c8kdwj6acqylt3pk8a7,B,0.99996700,2026-07-30 01:32,bc1qc779m8gec84k3t0ffvu0pps94zheht7lr7ueyn,https://mempool.space/address/bc1qrqw5jta30nafmk3jzf9c8kdwj6acqylt3pk8a7
bc1qcwupvktd4r7khz0ap9qpnzky89zs8h9kmchnsk,B,0.99996700,2026-07-30 01:32,bc1qc779m8gec84k3t0ffvu0pps94zheht7lr7ueyn,https://mempool.space/address/bc1qcwupvktd4r7khz0ap9qpnzky89zs8h9kmchnsk
bc1qkcryy75y5kh2tenzt9zgj4y2644dtgmnk5a6dj,B,0.99996700,2026-07-30 01:32,bc1qc779m8gec84k3t0ffvu0pps94zheht7lr7ueyn,https://mempool.space/address/bc1qkcryy75y5kh2tenzt9zgj4y2644dtgmnk5a6dj
bc1qxdf5zqrql4u3cwcl0cjm7ftjn5ve4s0afkj9uz,B,0.99996700,2026-07-30 01:32,bc1qc779m8gec84k3t0ffvu0pps94zheht7lr7ueyn,https://mempool.space/address/bc1qxdf5zqrql4u3cwcl0cjm7ftjn5ve4s0afkj9uz
bc1q06cwdttgmtnznghdkcq2xqsljjjwv6sdns7r66,B,0.99996700,2026-07-30 01:32,bc1qc779m8gec84k3t0ffvu0pps94zheht7lr7ueyn,https://mempool.space/address/bc1q06cwdttgmtnznghdkcq2xqsljjjwv6sdns7r66
bc1q8r7r5trlzjpwqntg456ncvtwxmjeckyypvfy4v,B,0.99996700,2026-07-30 01:32,bc1qc779m8gec84k3t0ffvu0pps94zheht7lr7ueyn,https://mempool.space/address/bc1q8r7r5trlzjpwqntg456ncvtwxmjeckyypvfy4v
bc1q24ewl4njx8t85v3rg9k5q8wnn43hjrfxnt4vz4,B,0.99996700,2026-07-30 01:32,bc1qc779m8gec84k3t0ffvu0pps94zheht7lr7ueyn,https://mempool.space/address/bc1q24ewl4njx8t85v3rg9k5q8wnn43hjrfxnt4vz4
bc1q5gw680490uhk9knc4mhu65plzmvuvnv240ngd8,B,0.99996700,2026-07-30 01:32,bc1qc779m8gec84k3t0ffvu0pps94zheht7lr7ueyn,https://mempool.space/address/bc1q5gw680490uhk9knc4mhu65plzmvuvnv240ngd8
bc1qkhluy0g6z7y2zlx7jddrecuvyav5tws0ptz0xx,B,0.99996700,2026-07-30 01:32,bc1qc779m8gec84k3t0ffvu0pps94zheht7lr7ueyn,https://mempool.space/address/bc1qkhluy0g6z7y2zlx7jddrecuvyav5tws0ptz0xx
bc1q4n643mmd2tvmmx2kn6pl7qtxnv0kutx626w5ja,B,0.99996700,2026-07-30 01:32,bc1qc779m8gec84k3t0ffvu0pps94zheht7lr7ueyn,https://mempool.space/address/bc1q4n643mmd2tvmmx2kn6pl7qtxnv0kutx626w5ja
bc1qlwyteryzznyy4s9cde5dw77n3hxdwqpkyuudf6,B,0.99996700,2026-07-30 01:32,bc1qc779m8gec84k3t0ffvu0pps94zheht7lr7ueyn,https://mempool.space/address/bc1qlwyteryzznyy4s9cde5dw77n3hxdwqpkyuudf6
bc1qyun4v6t8rduvdfelu4mdcew8gqxlu5h5feqcne,B,0.99996700,2026-07-30 01:32,bc1qc779m8gec84k3t0ffvu0pps94zheht7lr7ueyn,https://mempool.space/address/bc1qyun4v6t8rduvdfelu4mdcew8gqxlu5h5feqcne
bc1qxx59efpwc0zdyyhfqdsq0rescdlxlnddwukjwm,C1,0.99996700,2026-07-30 01:10,bc1qdaarag7729c2n4l2wnyt3hkhfpcs66n98z7uuh,https://mempool.space/address/bc1qxx59efpwc0zdyyhfqdsq0rescdlxlnddwukjwm
bc1qccjrdc4lx6da23wtdml0uj8hclhegy0cg8c3r2,B,0.99996390,2026-07-30 01:32,bc1qc779m8gec84k3t0ffvu0pps94zheht7lr7ueyn,https://mempool.space/address/bc1qccjrdc4lx6da23wtdml0uj8hclhegy0cg8c3r2
bc1qacwd9jz374ffrvyxearqla28vap90pnlmctu3l,A,0.99996370,2026-07-30 01:37,bc1qnk4zh9qcnap2mycp56qjrgza3cc8ylrh8fecp0,https://mempool.space/address/bc1qacwd9jz374ffrvyxearqla28vap90pnlmctu3l
bc1qhm9njw85mxucxy2fexh48ph9wpfqh4ntt72jvu,B,0.99994660,2026-07-30 01:32,bc1qc779m8gec84k3t0ffvu0pps94zheht7lr7ueyn,https://mempool.space/address/bc1qhm9njw85mxucxy2fexh48ph9wpfqh4ntt72jvu
bc1qev5sv7sph02qff4d2q05q75vka4pzka58z7wxd,A,0.99975273,2026-07-30 01:37,bc1qnk4zh9qcnap2mycp56qjrgza3cc8ylrh8fecp0,https://mempool.space/address/bc1qev5sv7sph02qff4d2q05q75vka4pzka58z7wxd
bc1q4me3uwhtammkv6wxupaxrhw8pa3a4e56075vhl,A,0.99966700,2026-07-30 01:37,bc1qnk4zh9qcnap2mycp56qjrgza3cc8ylrh8fecp0,https://mempool.space/address/bc1q4me3uwhtammkv6wxupaxrhw8pa3a4e56075vhl
bc1qns86e7vjp0mu0353gnrh3380mh692q4afsueff,B,0.99237981,2026-07-30 01:32,bc1qc779m8gec84k3t0ffvu0pps94zheht7lr7ueyn,https://mempool.space/address/bc1qns86e7vjp0mu0353gnrh3380mh692q4afsueff
bc1qzm0sm5665erc53ryn8thh5zvtyznmy0nkkjw5t,B,0.98316218,2026-07-30 01:32,bc1qc779m8gec84k3t0ffvu0pps94zheht7lr7ueyn,https://mempool.space/address/bc1qzm0sm5665erc53ryn8thh5zvtyznmy0nkkjw5t
bc1q4dq6av3rzar6y4mdqju9pn6603fdylss7eya9e,A,0.98197703,2026-07-30 01:37,bc1qnk4zh9qcnap2mycp56qjrgza3cc8ylrh8fecp0,https://mempool.space/address/bc1q4dq6av3rzar6y4mdqju9pn6603fdylss7eya9e
bc1qvppwuahfvf6x065dpj3rfr6q6rncyksyphm6m8,A,0.97965337,2026-07-30 01:37,bc1qnk4zh9qcnap2mycp56qjrgza3cc8ylrh8fecp0,https://mempool.space/address/bc1qvppwuahfvf6x065dpj3rfr6q6rncyksyphm6m8
bc1q8eq38rfq4mzfeem7d3f99nn8cjld4h4h5lh32v,B,0.96990022,2026-07-30 01:32,bc1qc779m8gec84k3t0ffvu0pps94zheht7lr7ueyn,https://mempool.space/address/bc1q8eq38rfq4mzfeem7d3f99nn8cjld4h4h5lh32v
bc1qvkxhwe7k66um8lhcnuaf60yf8f4jp4dghmd376,A,0.96334948,2026-07-30 01:37,bc1qnk4zh9qcnap2mycp56qjrgza3cc8ylrh8fecp0,https://mempool.space/address/bc1qvkxhwe7k66um8lhcnuaf60yf8f4jp4dghmd376
bc1q8sfurjsj3g8wq8v0k2rmqyql93hsw4yld94rwe,A,0.94683669,2026-07-30 01:37,bc1qnk4zh9qcnap2mycp56qjrgza3cc8ylrh8fecp0,https://mempool.space/address/bc1q8sfurjsj3g8wq8v0k2rmqyql93hsw4yld94rwe
bc1qnwz6fef795px9jrd50ht0l7pyyvwha2e0nsd4k,C1,0.94681549,2026-07-30 01:10,bc1qdaarag7729c2n4l2wnyt3hkhfpcs66n98z7uuh,https://mempool.space/address/bc1qnwz6fef795px9jrd50ht0l7pyyvwha2e0nsd4k
bc1qz8c0lu6ryy2sr344vwyw2j9reyck065cn75ypg,A,0.93996700,2026-07-30 01:37,bc1qnk4zh9qcnap2mycp56qjrgza3cc8ylrh8fecp0,https://mempool.space/address/bc1qz8c0lu6ryy2sr344vwyw2j9reyck065cn75ypg
bc1qkrkhw9neegmw0tgz7hgzp7utgf5km37tv0fxll,A,0.91364700,2026-07-30 01:37,bc1qnk4zh9qcnap2mycp56qjrgza3cc8ylrh8fecp0,https://mempool.space/address/bc1qkrkhw9neegmw0tgz7hgzp7utgf5km37tv0fxll
bc1q2f4kzwtaa2j50ae4eak0ekcmux4h8wqtqmq52s,A,0.90995864,2026-07-30 01:37,bc1qnk4zh9qcnap2mycp56qjrgza3cc8ylrh8fecp0,https://mempool.space/address/bc1q2f4kzwtaa2j50ae4eak0ekcmux4h8wqtqmq52s
bc1q2ky0rx33c74p44m59r8nzktnw784jmfzv639gv,A,0.89788412,2026-07-30 01:37,bc1qnk4zh9qcnap2mycp56qjrgza3cc8ylrh8fecp0,https://mempool.space/address/bc1q2ky0rx33c74p44m59r8nzktnw784jmfzv639gv
12QkH3YyjLXZZP76BbVi3dPo5TTTg4Vzgb,A,0.88474701,2026-07-30 01:43,bc1qnk4zh9qcnap2mycp56qjrgza3cc8ylrh8fecp0,https://mempool.space/address/12QkH3YyjLXZZP76BbVi3dPo5TTTg4Vzgb
bc1qkskf7wdfm0cej6hf5jmy7mjs30al6tjc7nkqe3,B,0.87375437,2026-07-30 01:32,bc1qc779m8gec84k3t0ffvu0pps94zheht7lr7ueyn,https://mempool.space/address/bc1qkskf7wdfm0cej6hf5jmy7mjs30al6tjc7nkqe3
bc1qn78f8hyn7gy9p8ruxs48uzs98rjn5kkz8g9uau,A,0.86180514,2026-07-30 01:37,bc1qnk4zh9qcnap2mycp56qjrgza3cc8ylrh8fecp0,https://mempool.space/address/bc1qn78f8hyn7gy9p8ruxs48uzs98rjn5kkz8g9uau
bc1qs2rc3dmzza3aqeh3q8lmugqrqax9slpsrgak7d,B,0.85060142,2026-07-30 01:32,bc1qc779m8gec84k3t0ffvu0pps94zheht7lr7ueyn,https://mempool.space/address/bc1qs2rc3dmzza3aqeh3q8lmugqrqax9slpsrgak7d
bc1qcn0ace3dc5rx4zn47gmhx0vzkmu5nek24ayhdz,A,0.84096570,2026-07-30 01:37,bc1qnk4zh9qcnap2mycp56qjrgza3cc8ylrh8fecp0,https://mempool.space/address/bc1qcn0ace3dc5rx4zn47gmhx0vzkmu5nek24ayhdz
bc1q6fwmc0gepz8g90t3g0dl849ap9nm7u0vq88cga,A,0.82703620,2026-07-30 01:37,bc1qnk4zh9qcnap2mycp56qjrgza3cc8ylrh8fecp0,https://mempool.space/address/bc1q6fwmc0gepz8g90t3g0dl849ap9nm7u0vq88cga
bc1q93cphxcn6ynt3uvezelyx3pyzmeyecvds9lspm,A,0.80899559,2026-07-30 01:37,bc1qnk4zh9qcnap2mycp56qjrgza3cc8ylrh8fecp0,https://mempool.space/address/bc1q93cphxcn6ynt3uvezelyx3pyzmeyecvds9lspm
bc1q7yk2h4ugkdlvw0q0w4adh9yxx4wy9ehlh4muye,A,0.80825389,2026-07-30 01:37,bc1qnk4zh9qcnap2mycp56qjrgza3cc8ylrh8fecp0,https://mempool.space/address/bc1q7yk2h4ugkdlvw0q0w4adh9yxx4wy9ehlh4muye
bc1qhhqgevhcv9c5zfqay7jxu0n2efvg6w2zcfrrtk,A,0.80434770,2026-07-30 01:37,bc1qnk4zh9qcnap2mycp56qjrgza3cc8ylrh8fecp0,https://mempool.space/address/bc1qhhqgevhcv9c5zfqay7jxu0n2efvg6w2zcfrrtk
bc1qtadjpt5uzcumnr5dngreq6zjdtrl0cw4x5dkxm,B,0.79896700,2026-07-30 01:32,bc1qc779m8gec84k3t0ffvu0pps94zheht7lr7ueyn,https://mempool.space/address/bc1qtadjpt5uzcumnr5dngreq6zjdtrl0cw4x5dkxm
bc1qldkfrrlylk4s9sdyns9jkaajuzugl0dv5m8fxj,A,0.78951201,2026-07-30 01:37,bc1qnk4zh9qcnap2mycp56qjrgza3cc8ylrh8fecp0,https://mempool.space/address/bc1qldkfrrlylk4s9sdyns9jkaajuzugl0dv5m8fxj
bc1q0rysq3hznxr38zcx570r89sc7ppfv89kre7d4j,A,0.78897244,2026-07-30 01:37,bc1qnk4zh9qcnap2mycp56qjrgza3cc8ylrh8fecp0,https://mempool.space/address/bc1q0rysq3hznxr38zcx570r89sc7ppfv89kre7d4j
bc1qrqfszwcqtjlgepvlka7tp5gkev84ds5yumnf2g,A,0.78696700,2026-07-30 01:37,bc1qnk4zh9qcnap2mycp56qjrgza3cc8ylrh8fecp0,https://mempool.space/address/bc1qrqfszwcqtjlgepvlka7tp5gkev84ds5yumnf2g
bc1qzssyjlcy44xgdfvmj0k25024y8yspn74jglydt,A,0.78568451,2026-07-30 01:37,bc1qnk4zh9qcnap2mycp56qjrgza3cc8ylrh8fecp0,https://mempool.space/address/bc1qzssyjlcy44xgdfvmj0k25024y8yspn74jglydt
bc1q9efvl3zpdlannw7j7nfc6qetuwep9avgclezvj,A,0.76325240,2026-07-30 01:37,bc1qnk4zh9qcnap2mycp56qjrgza3cc8ylrh8fecp0,https://mempool.space/address/bc1q9efvl3zpdlannw7j7nfc6qetuwep9avgclezvj
bc1qmteek9fhg39tqglxdhm96gmju8rp8xcg9v9azy,B,0.76176965,2026-07-30 01:32,bc1qc779m8gec84k3t0ffvu0pps94zheht7lr7ueyn,https://mempool.space/address/bc1qmteek9fhg39tqglxdhm96gmju8rp8xcg9v9azy
bc1q8xlgp6t8xt2erpw5nulqv8ln2950kevrn7gxd6,A,0.75739750,2026-07-30 01:37,bc1qnk4zh9qcnap2mycp56qjrgza3cc8ylrh8fecp0,https://mempool.space/address/bc1q8xlgp6t8xt2erpw5nulqv8ln2950kevrn7gxd6
bc1qyvcllv4f6m0nxfvgf4jjudl7860nllgpkr48tt,A,0.75661984,2026-07-30 01:37,bc1qnk4zh9qcnap2mycp56qjrgza3cc8ylrh8fecp0,https://mempool.space/address/bc1qyvcllv4f6m0nxfvgf4jjudl7860nllgpkr48tt
bc1qa8n360d2g7925dtzs43dl8jfgfdncgzsj74dk0,A,0.75527897,2026-07-30 01:37,bc1qnk4zh9qcnap2mycp56qjrgza3cc8ylrh8fecp0,https://mempool.space/address/bc1qa8n360d2g7925dtzs43dl8jfgfdncgzsj74dk0
bc1qd5hat6vk9cy0hhvhhqcgp7dle5eh0j8206w6fx,B,0.75354874,2026-07-30 01:32,bc1qc779m8gec84k3t0ffvu0pps94zheht7lr7ueyn,https://mempool.space/address/bc1qd5hat6vk9cy0hhvhhqcgp7dle5eh0j8206w6fx
bc1qrf7naqs9zqar85rm5whf3k2j5ce8e2x0q4qgc0,B,0.75209742,2026-07-30 01:32,bc1qc779m8gec84k3t0ffvu0pps94zheht7lr7ueyn,https://mempool.space/address/bc1qrf7naqs9zqar85rm5whf3k2j5ce8e2x0q4qgc0
bc1qw5zkeqpsk7dtp8ck8fyml28egqfzd59n68pmv3,A,0.74331120,2026-07-30 01:37,bc1qnk4zh9qcnap2mycp56qjrgza3cc8ylrh8fecp0,https://mempool.space/address/bc1qw5zkeqpsk7dtp8ck8fyml28egqfzd59n68pmv3
bc1q8fgg9vf4hgaezhsscksqmvwq732x22stcm95z0,B,0.73252525,2026-07-30 01:32,bc1qc779m8gec84k3t0ffvu0pps94zheht7lr7ueyn,https://mempool.space/address/bc1q8fgg9vf4hgaezhsscksqmvwq732x22stcm95z0
bc1qc9fnpcr53qsnd9aw7eufdl2m69yevjd8qflv7f,A,0.72667759,2026-07-30 01:37,bc1qnk4zh9qcnap2mycp56qjrgza3cc8ylrh8fecp0,https://mempool.space/address/bc1qc9fnpcr53qsnd9aw7eufdl2m69yevjd8qflv7f
bc1qmvr23t6nzw69lz7p9wx536703fjnkwvjsjkjnw,B,0.72526569,2026-07-30 01:32,bc1qc779m8gec84k3t0ffvu0pps94zheht7lr7ueyn,https://mempool.space/address/bc1qmvr23t6nzw69lz7p9wx536703fjnkwvjsjkjnw
bc1q7uddgqmy46fycdf5v37r8svrceeumvc4gxtm83,C1,0.72400082,2026-07-30 01:10,bc1qdaarag7729c2n4l2wnyt3hkhfpcs66n98z7uuh,https://mempool.space/address/bc1q7uddgqmy46fycdf5v37r8svrceeumvc4gxtm83
bc1qn8xc7ut76nz6sfwx8l9fltcc48v5jd4fdf9aml,A,0.71296700,2026-07-30 01:37,bc1qnk4zh9qcnap2mycp56qjrgza3cc8ylrh8fecp0,https://mempool.space/address/bc1qn8xc7ut76nz6sfwx8l9fltcc48v5jd4fdf9aml
bc1qgp8q7juqxqfc5u9fu7qv92rgjqw3sn4ycg8v8c,A,0.70032854,2026-07-30 01:37,bc1qnk4zh9qcnap2mycp56qjrgza3cc8ylrh8fecp0,https://mempool.space/address/bc1qgp8q7juqxqfc5u9fu7qv92rgjqw3sn4ycg8v8c
bc1qf3dkn5tjtsjlf0mg3re2sfvaxu08f2lgur04sc,B,0.69996370,2026-07-30 01:32,bc1qc779m8gec84k3t0ffvu0pps94zheht7lr7ueyn,https://mempool.space/address/bc1qf3dkn5tjtsjlf0mg3re2sfvaxu08f2lgur04sc
bc1qeh0nugpmkq5dwjq57j934ukgpqdvwne2u8r4ug,C1,0.69350962,2026-07-30 01:10,bc1qdaarag7729c2n4l2wnyt3hkhfpcs66n98z7uuh,https://mempool.space/address/bc1qeh0nugpmkq5dwjq57j934ukgpqdvwne2u8r4ug
bc1qpf5evqrqfyyyphl4h8m9n2wqdwgj53g5zgrtqr,A,0.68930502,2026-07-30 01:37,bc1qnk4zh9qcnap2mycp56qjrgza3cc8ylrh8fecp0,https://mempool.space/address/bc1qpf5evqrqfyyyphl4h8m9n2wqdwgj53g5zgrtqr
bc1q6wz3rm289tgm8dh4zcfnznv9cues8sn89ftfun,A,0.68377113,2026-07-30 01:37,bc1qnk4zh9qcnap2mycp56qjrgza3cc8ylrh8fecp0,https://mempool.space/address/bc1q6wz3rm289tgm8dh4zcfnznv9cues8sn89ftfun
bc1qhd83f6r23luy7sd29s8adhcrt55awp49s08shs,B,0.68169585,2026-07-30 01:32,bc1qc779m8gec84k3t0ffvu0pps94zheht7lr7ueyn,https://mempool.space/address/bc1qhd83f6r23luy7sd29s8adhcrt55awp49s08shs
bc1qedl3daqphepzmj20skrlcu0qtep7v4lu4vw4z3,A,0.67567276,2026-07-30 01:37,bc1qnk4zh9qcnap2mycp56qjrgza3cc8ylrh8fecp0,https://mempool.space/address/bc1qedl3daqphepzmj20skrlcu0qtep7v4lu4vw4z3
bc1qvp6wsdz623sfhtj9qkqe79a6nylf5tzj7vtdwd,B,0.66812953,2026-07-30 01:32,bc1qc779m8gec84k3t0ffvu0pps94zheht7lr7ueyn,https://mempool.space/address/bc1qvp6wsdz623sfhtj9qkqe79a6nylf5tzj7vtdwd
bc1qnhmm448a6qew3k34ekte5cju47r6zef2wks99v,B,0.66761944,2026-07-30 01:32,bc1qc779m8gec84k3t0ffvu0pps94zheht7lr7ueyn,https://mempool.space/address/bc1qnhmm448a6qew3k34ekte5cju47r6zef2wks99v
bc1qyjzyklx840eu6tmq9aynrmfd8f5ccjwqedeeh3,A,0.66719372,2026-07-30 01:37,bc1qnk4zh9qcnap2mycp56qjrgza3cc8ylrh8fecp0,https://mempool.space/address/bc1qyjzyklx840eu6tmq9aynrmfd8f5ccjwqedeeh3
bc1qyc7m08ujr83svpjp9hvszql9r4un39crs9u6n5,B,0.66385196,2026-07-30 01:32,bc1qc779m8gec84k3t0ffvu0pps94zheht7lr7ueyn,https://mempool.space/address/bc1qyc7m08ujr83svpjp9hvszql9r4un39crs9u6n5
bc1qmua6v6c99klxxn0466cjpqfx8sg2suzwklrjrt,A,0.66086700,2026-07-30 01:37,bc1qnk4zh9qcnap2mycp56qjrgza3cc8ylrh8fecp0,https://mempool.space/address/bc1qmua6v6c99klxxn0466cjpqfx8sg2suzwklrjrt
bc1q73tswlzr95q95c9wdle6gdyav0t5a2sd3y2uw5,B,0.66002700,2026-07-30 01:32,bc1qc779m8gec84k3t0ffvu0pps94zheht7lr7ueyn,https://mempool.space/address/bc1q73tswlzr95q95c9wdle6gdyav0t5a2sd3y2uw5
bc1qymvp97rjsxla4ttgt5aayl5cmlk2rfsred2y2a,A,0.65950978,2026-07-30 01:37,bc1qnk4zh9qcnap2mycp56qjrgza3cc8ylrh8fecp0,https://mempool.space/address/bc1qymvp97rjsxla4ttgt5aayl5cmlk2rfsred2y2a
bc1qqf9ackvlmlgu3zenta552rwle5hrpx52qvdu5h,B,0.65941364,2026-07-30 01:32,bc1qc779m8gec84k3t0ffvu0pps94zheht7lr7ueyn,https://mempool.space/address/bc1qqf9ackvlmlgu3zenta552rwle5hrpx52qvdu5h
bc1ql783fccnuxts6hkrw5t4rcwtc3utzm63cx8dgd,A,0.65625624,2026-07-30 01:37,bc1qnk4zh9qcnap2mycp56qjrgza3cc8ylrh8fecp0,https://mempool.space/address/bc1ql783fccnuxts6hkrw5t4rcwtc3utzm63cx8dgd
bc1qj0p638raz2r7ekz5t6zhf03eqhu7vfeexmkrnm,A,0.65316700,2026-07-30 01:37,bc1qnk4zh9qcnap2mycp56qjrgza3cc8ylrh8fecp0,https://mempool.space/address/bc1qj0p638raz2r7ekz5t6zhf03eqhu7vfeexmkrnm
bc1qeu0a4qlw4lgj2wkk05jlm24yfalrga2ss46hpg,A,0.64996700,2026-07-30 01:37,bc1qnk4zh9qcnap2mycp56qjrgza3cc8ylrh8fecp0,https://mempool.space/address/bc1qeu0a4qlw4lgj2wkk05jlm24yfalrga2ss46hpg
bc1qzzj2jsmunp36trgsyqplepzufrt9d8lf63xmsp,A,0.64949783,2026-07-30 01:37,bc1qnk4zh9qcnap2mycp56qjrgza3cc8ylrh8fecp0,https://mempool.space/address/bc1qzzj2jsmunp36trgsyqplepzufrt9d8lf63xmsp
bc1qehmr6tvhcawa73snmqfsv0a2xmza6ksc5nfggw,B,0.64594982,2026-07-30 01:32,bc1qc779m8gec84k3t0ffvu0pps94zheht7lr7ueyn,https://mempool.space/address/bc1qehmr6tvhcawa73snmqfsv0a2xmza6ksc5nfggw
bc1qu87g02xlhk3y3ghqgnk4w3k6cyfr9zaf7nj9g0,A,0.64194081,2026-07-30 01:37,bc1qnk4zh9qcnap2mycp56qjrgza3cc8ylrh8fecp0,https://mempool.space/address/bc1qu87g02xlhk3y3ghqgnk4w3k6cyfr9zaf7nj9g0
bc1q8mzvxexvgnnw5y48xzpllg2lkj33f62s5q8tt5,B,0.63336011,2026-07-30 01:32,bc1qc779m8gec84k3t0ffvu0pps94zheht7lr7ueyn,https://mempool.space/address/bc1q8mzvxexvgnnw5y48xzpllg2lkj33f62s5q8tt5
bc1qay3w7fc6d4zl47hndxa5ls7eyp82ccav4r044u,A,0.62765425,2026-07-30 01:37,bc1qnk4zh9qcnap2mycp56qjrgza3cc8ylrh8fecp0,https://mempool.space/address/bc1qay3w7fc6d4zl47hndxa5ls7eyp82ccav4r044u
bc1qgsqraxzxzhycsqmjyxfcggm33xweya2m9um0an,A,0.62717600,2026-07-30 01:37,bc1qnk4zh9qcnap2mycp56qjrgza3cc8ylrh8fecp0,https://mempool.space/address/bc1qgsqraxzxzhycsqmjyxfcggm33xweya2m9um0an
bc1qzhzsw4aelhwpc9eh03s3g544thn3v80t373eqa,B,0.62495820,2026-07-30 01:32,bc1qc779m8gec84k3t0ffvu0pps94zheht7lr7ueyn,https://mempool.space/address/bc1qzhzsw4aelhwpc9eh03s3g544thn3v80t373eqa
bc1qyax6jeqm7u59m66eh3gw9jkx58hxrnlgml2q7y,A,0.62423959,2026-07-30 01:37,bc1qnk4zh9qcnap2mycp56qjrgza3cc8ylrh8fecp0,https://mempool.space/address/bc1qyax6jeqm7u59m66eh3gw9jkx58hxrnlgml2q7y
bc1q97y0uwcg9ps5wvxsjh7j5msjfrce0pjrau4qq3,A,0.61853175,2026-07-30 01:37,bc1qnk4zh9qcnap2mycp56qjrgza3cc8ylrh8fecp0,https://mempool.space/address/bc1q97y0uwcg9ps5wvxsjh7j5msjfrce0pjrau4qq3
bc1qklevkhjdjgsk2pq3rmwcf96n0yxeaxhg4kw6m9,A,0.61767705,2026-07-30 01:37,bc1qnk4zh9qcnap2mycp56qjrgza3cc8ylrh8fecp0,https://mempool.space/address/bc1qklevkhjdjgsk2pq3rmwcf96n0yxeaxhg4kw6m9
bc1qcsj6rfq4h8wj5dcvsh2vx8jvcu9sdmfq06qmge,A,0.61273752,2026-07-30 01:37,bc1qnk4zh9qcnap2mycp56qjrgza3cc8ylrh8fecp0,https://mempool.space/address/bc1qcsj6rfq4h8wj5dcvsh2vx8jvcu9sdmfq06qmge
bc1qppyzygpgqk2sqyq8z6s5rf4qmzgyxcf8txtv0s,A,0.61268834,2026-07-30 01:37,bc1qnk4zh9qcnap2mycp56qjrgza3cc8ylrh8fecp0,https://mempool.space/address/bc1qppyzygpgqk2sqyq8z6s5rf4qmzgyxcf8txtv0s
bc1q3e3weewjnn784k7x86lzjmdv2p9k0x57he5kxf,A,0.60508095,2026-07-30 01:43,bc1qnk4zh9qcnap2mycp56qjrgza3cc8ylrh8fecp0,https://mempool.space/address/bc1q3e3weewjnn784k7x86lzjmdv2p9k0x57he5kxf
bc1qfdqemnmkgg5k6r30tclns5wh7wd4n5008jy7zz,A,0.60251539,2026-07-30 01:43,bc1qnk4zh9qcnap2mycp56qjrgza3cc8ylrh8fecp0,https://mempool.space/address/bc1qfdqemnmkgg5k6r30tclns5wh7wd4n5008jy7zz
bc1qen8ff2gmwy62ljs6lawsnakswdzsajrk5ntr3f,A,0.60240731,2026-07-30 01:43,bc1qnk4zh9qcnap2mycp56qjrgza3cc8ylrh8fecp0,https://mempool.space/address/bc1qen8ff2gmwy62ljs6lawsnakswdzsajrk5ntr3f
bc1q63v8td5tknwmsgdq7xapsjlsg7w7u6tpm6ena9,C1,0.59996200,2026-07-30 01:10,bc1qdaarag7729c2n4l2wnyt3hkhfpcs66n98z7uuh,https://mempool.space/address/bc1q63v8td5tknwmsgdq7xapsjlsg7w7u6tpm6ena9
bc1qsqzzxhghwvx0ax9r7twrc8elrcnmudgmd3zxyc,A,0.59992800,2026-07-30 01:43,bc1qnk4zh9qcnap2mycp56qjrgza3cc8ylrh8fecp0,https://mempool.space/address/bc1qsqzzxhghwvx0ax9r7twrc8elrcnmudgmd3zxyc
bc1q3xyl39az87yscj7sk3plevvz3wf975tvlhel9l,A,0.59740580,2026-07-30 01:43,bc1qnk4zh9qcnap2mycp56qjrgza3cc8ylrh8fecp0,https://mempool.space/address/bc1q3xyl39az87yscj7sk3plevvz3wf975tvlhel9l
bc1qsqfshvk4u2k3mca8mfejkvv9gu58qdqu4cy5rd,A,0.59208009,2026-07-30 01:43,bc1qnk4zh9qcnap2mycp56qjrgza3cc8ylrh8fecp0,https://mempool.space/address/bc1qsqfshvk4u2k3mca8mfejkvv9gu58qdqu4cy5rd
bc1qsdwkdfzf7gsges3j3hamdpt38eh2sjlytat6nm,C1,0.59200025,2026-07-30 01:10,bc1qdaarag7729c2n4l2wnyt3hkhfpcs66n98z7uuh,https://mempool.space/address/bc1qsdwkdfzf7gsges3j3hamdpt38eh2sjlytat6nm
bc1qax80vs70kp026m58nzrggvm8lseem9nwh4zs9h,B,0.58679347,2026-07-30 01:32,bc1qc779m8gec84k3t0ffvu0pps94zheht7lr7ueyn,https://mempool.space/address/bc1qax80vs70kp026m58nzrggvm8lseem9nwh4zs9h
bc1que5tl762kh7xsea8e77udwu76jjt3qn00qdvkz,A,0.58513289,2026-07-30 01:43,bc1qnk4zh9qcnap2mycp56qjrgza3cc8ylrh8fecp0,https://mempool.space/address/bc1que5tl762kh7xsea8e77udwu76jjt3qn00qdvkz
bc1qxq7txj7fu33mn0d2dn39ga2ky988gdkpl3usen,B,0.58503700,2026-07-30 01:32,bc1qc779m8gec84k3t0ffvu0pps94zheht7lr7ueyn,https://mempool.space/address/bc1qxq7txj7fu33mn0d2dn39ga2ky988gdkpl3usen
bc1q90edmtsqa5cmqhwg35vuepae7hqvwu58gltth0,A,0.58148531,2026-07-30 01:43,bc1qnk4zh9qcnap2mycp56qjrgza3cc8ylrh8fecp0,https://mempool.space/address/bc1q90edmtsqa5cmqhwg35vuepae7hqvwu58gltth0
bc1qjxv5pze2zpc3juxusc3c8vhs393t4m2few3h9s,B,0.58069628,2026-07-30 01:32,bc1qc779m8gec84k3t0ffvu0pps94zheht7lr7ueyn,https://mempool.space/address/bc1qjxv5pze2zpc3juxusc3c8vhs393t4m2few3h9s
bc1q5qzz07d7f4p23u6837qqfdllts9g0asjkfa42a,A,0.57530348,2026-07-30 01:43,bc1qnk4zh9qcnap2mycp56qjrgza3cc8ylrh8fecp0,https://mempool.space/address/bc1q5qzz07d7f4p23u6837qqfdllts9g0asjkfa42a
bc1qdq9mhzl6jdwmt8q6zu0sjmj4mppuey585mjhpn,A,0.57186910,2026-07-30 01:43,bc1qnk4zh9qcnap2mycp56qjrgza3cc8ylrh8fecp0,https://mempool.space/address/bc1qdq9mhzl6jdwmt8q6zu0sjmj4mppuey585mjhpn
bc1q0nx3jy8cc2qjpf6z5232t07v9mw937r4fvu9he,A,0.56589475,2026-07-30 01:43,bc1qnk4zh9qcnap2mycp56qjrgza3cc8ylrh8fecp0,https://mempool.space/address/bc1q0nx3jy8cc2qjpf6z5232t07v9mw937r4fvu9he
bc1qrq6x3dg9z6c9uhm8zqkdsa4gyhe6cvzq6hht92,A,0.56579496,2026-07-30 01:43,bc1qnk4zh9qcnap2mycp56qjrgza3cc8ylrh8fecp0,https://mempool.space/address/bc1qrq6x3dg9z6c9uhm8zqkdsa4gyhe6cvzq6hht92
bc1qq7a85wgv96xl0mjrau6ut5dkaqs27uvs4844zj,A,0.55391549,2026-07-30 01:43,bc1qnk4zh9qcnap2mycp56qjrgza3cc8ylrh8fecp0,https://mempool.space/address/bc1qq7a85wgv96xl0mjrau6ut5dkaqs27uvs4844zj
bc1qrj0fmznmfjsxlps4788xcq04leqd5k6k0cw0zn,B,0.54901195,2026-07-30 01:32,bc1qc779m8gec84k3t0ffvu0pps94zheht7lr7ueyn,https://mempool.space/address/bc1qrj0fmznmfjsxlps4788xcq04leqd5k6k0cw0zn
bc1q6tzewv66p2trye8xtk9whcu07f3xedfhhh0w8h,B,0.54623639,2026-07-30 01:32,bc1qc779m8gec84k3t0ffvu0pps94zheht7lr7ueyn,https://mempool.space/address/bc1q6tzewv66p2trye8xtk9whcu07f3xedfhhh0w8h
bc1qy8qf49dsjrtw6a0gsxemzdzpq8mu5ju54s7f3m,B,0.54607357,2026-07-30 01:32,bc1qc779m8gec84k3t0ffvu0pps94zheht7lr7ueyn,https://mempool.space/address/bc1qy8qf49dsjrtw6a0gsxemzdzpq8mu5ju54s7f3m
bc1qgrfn5q6ttv9e8s7t3lmlywrfl0zhqq9f96pfcg,A,0.54477934,2026-07-30 01:43,bc1qnk4zh9qcnap2mycp56qjrgza3cc8ylrh8fecp0,https://mempool.space/address/bc1qgrfn5q6ttv9e8s7t3lmlywrfl0zhqq9f96pfcg
bc1q686d99x60fw0zgzwumf8vte2e40uqr4eadettw,A,0.53586612,2026-07-30 01:43,bc1qnk4zh9qcnap2mycp56qjrgza3cc8ylrh8fecp0,https://mempool.space/address/bc1q686d99x60fw0zgzwumf8vte2e40uqr4eadettw
bc1qrl0saseprw6jxuvq5ylkdnczuarurcyljlzrs6,A,0.53452305,2026-07-30 01:43,bc1qnk4zh9qcnap2mycp56qjrgza3cc8ylrh8fecp0,https://mempool.space/address/bc1qrl0saseprw6jxuvq5ylkdnczuarurcyljlzrs6
bc1qmr7pq2ugw8eqx5hcsupaff0mngz37n92szzu4t,A,0.52916909,2026-07-30 01:43,bc1qnk4zh9qcnap2mycp56qjrgza3cc8ylrh8fecp0,https://mempool.space/address/bc1qmr7pq2ugw8eqx5hcsupaff0mngz37n92szzu4t
bc1qm4k2cg06a9nr9rjsvas339nw20lkm4lvfwcn4h,A,0.52790660,2026-07-30 01:43,bc1qnk4zh9qcnap2mycp56qjrgza3cc8ylrh8fecp0,https://mempool.space/address/bc1qm4k2cg06a9nr9rjsvas339nw20lkm4lvfwcn4h
bc1q006affmjr33k7n57cwu69pyhhzrk7fx4yszcny,A,0.52319123,2026-07-30 01:43,bc1qnk4zh9qcnap2mycp56qjrgza3cc8ylrh8fecp0,https://mempool.space/address/bc1q006affmjr33k7n57cwu69pyhhzrk7fx4yszcny
bc1qvr6qjv036j9jnz5rdpht9zv3a4wmvukkpu68yg,B,0.52211630,2026-07-30 01:32,bc1qc779m8gec84k3t0ffvu0pps94zheht7lr7ueyn,https://mempool.space/address/bc1qvr6qjv036j9jnz5rdpht9zv3a4wmvukkpu68yg
bc1qa76t92c63hx28gla49fvg6essye9wvakzscne5,A,0.52012676,2026-07-30 01:43,bc1qnk4zh9qcnap2mycp56qjrgza3cc8ylrh8fecp0,https://mempool.space/address/bc1qa76t92c63hx28gla49fvg6essye9wvakzscne5
bc1qmm5hr48r2k5lgljy70tlx2lmfkjxgvct5mwluw,B,0.52003453,2026-07-30 01:32,bc1qc779m8gec84k3t0ffvu0pps94zheht7lr7ueyn,https://mempool.space/address/bc1qmm5hr48r2k5lgljy70tlx2lmfkjxgvct5mwluw
bc1qv75kthxdxnun36e4hdtq8ymsgq3jq44pm8lgs8,A,0.51975869,2026-07-30 01:43,bc1qnk4zh9qcnap2mycp56qjrgza3cc8ylrh8fecp0,https://mempool.space/address/bc1qv75kthxdxnun36e4hdtq8ymsgq3jq44pm8lgs8
bc1q8e3syqnfsd4q2nyj3wg35dyfqmpql7fxj8dm4n,B,0.51618495,2026-07-30 01:32,bc1qc779m8gec84k3t0ffvu0pps94zheht7lr7ueyn,https://mempool.space/address/bc1q8e3syqnfsd4q2nyj3wg35dyfqmpql7fxj8dm4n
bc1q7j540r0l9a955chpkc8y6mnaz86mssagsky4jp,C1,0.51576693,2026-07-30 01:10,bc1qdaarag7729c2n4l2wnyt3hkhfpcs66n98z7uuh,https://mempool.space/address/bc1q7j540r0l9a955chpkc8y6mnaz86mssagsky4jp
bc1qx7k6awuzlh7qgw7c52kjc6rmfvdjlrvc9tkhj6,A,0.51347495,2026-07-30 01:43,bc1qnk4zh9qcnap2mycp56qjrgza3cc8ylrh8fecp0,https://mempool.space/address/bc1qx7k6awuzlh7qgw7c52kjc6rmfvdjlrvc9tkhj6
bc1qg2nd8k76y2p36rndmmfa3uhhttwy2rdw2upx5h,A,0.50568797,2026-07-30 01:43,bc1qnk4zh9qcnap2mycp56qjrgza3cc8ylrh8fecp0,https://mempool.space/address/bc1qg2nd8k76y2p36rndmmfa3uhhttwy2rdw2upx5h
bc1qkpk2jrm8d50zc0hyyre78v68adve8ee8wam7g4,B,0.50374934,2026-07-30 01:32,bc1qc779m8gec84k3t0ffvu0pps94zheht7lr7ueyn,https://mempool.space/address/bc1qkpk2jrm8d50zc0hyyre78v68adve8ee8wam7g4
bc1qtssghxre9ldyh5nppqpycq43rrg24ghhtg5g4m,A,0.50092054,2026-07-30 01:43,bc1qnk4zh9qcnap2mycp56qjrgza3cc8ylrh8fecp0,https://mempool.space/address/bc1qtssghxre9ldyh5nppqpycq43rrg24ghhtg5g4m
bc1q5jvsx6q0zgu903g9n88ld7pw3pwrgzw9adt54l,A,0.49996700,2026-07-30 01:43,bc1qnk4zh9qcnap2mycp56qjrgza3cc8ylrh8fecp0,https://mempool.space/address/bc1q5jvsx6q0zgu903g9n88ld7pw3pwrgzw9adt54l
bc1qkqar6mtqgtkldjqyfmlkavr489m5g0dqz0nc8t,A,0.49996700,2026-07-30 01:43,bc1qnk4zh9qcnap2mycp56qjrgza3cc8ylrh8fecp0,https://mempool.space/address/bc1qkqar6mtqgtkldjqyfmlkavr489m5g0dqz0nc8t
bc1qk04u9h480qvfec3n70txhgp939rhlch5jtxjwg,A,0.49996700,2026-07-30 01:43,bc1qnk4zh9qcnap2mycp56qjrgza3cc8ylrh8fecp0,https://mempool.space/address/bc1qk04u9h480qvfec3n70txhgp939rhlch5jtxjwg
bc1q96xgy256dpmxa48jm9gqxaddfcg8snkl9jxsuc,A,0.49996700,2026-07-30 01:43,bc1qnk4zh9qcnap2mycp56qjrgza3cc8ylrh8fecp0,https://mempool.space/address/bc1q96xgy256dpmxa48jm9gqxaddfcg8snkl9jxsuc
bc1qgaqfs50gqgnsfr8kqavkkp0hrrg2hue9t3hsm8,A,0.49996700,2026-07-30 01:43,bc1qnk4zh9qcnap2mycp56qjrgza3cc8ylrh8fecp0,https://mempool.space/address/bc1qgaqfs50gqgnsfr8kqavkkp0hrrg2hue9t3hsm8
bc1qp2hxamzznann2pps5gk7vx7v7tap3mgtvmmtfl,A,0.49996700,2026-07-30 01:43,bc1qnk4zh9qcnap2mycp56qjrgza3cc8ylrh8fecp0,https://mempool.space/address/bc1qp2hxamzznann2pps5gk7vx7v7tap3mgtvmmtfl
bc1q7mumyptdr7ru66urdflth4f6tuye7f8h6v8yme,A,0.49996700,2026-07-30 01:43,bc1qnk4zh9qcnap2mycp56qjrgza3cc8ylrh8fecp0,https://mempool.space/address/bc1q7mumyptdr7ru66urdflth4f6tuye7f8h6v8yme
bc1qlyu8swwurllfc8xvtmlyee6304e4fpctpr3xr8,A,0.49996700,2026-07-30 01:43,bc1qnk4zh9qcnap2mycp56qjrgza3cc8ylrh8fecp0,https://mempool.space/address/bc1qlyu8swwurllfc8xvtmlyee6304e4fpctpr3xr8
bc1q7wqx9rpjhchchvplqyw04p3ammwsxddk6m8q3j,A,0.49996700,2026-07-30 01:43,bc1qnk4zh9qcnap2mycp56qjrgza3cc8ylrh8fecp0,https://mempool.space/address/bc1q7wqx9rpjhchchvplqyw04p3ammwsxddk6m8q3j
bc1q7x7pk6whuu5vrzn27e5qgadt3e6245exppxjek,A,0.49996700,2026-07-30 01:43,bc1qnk4zh9qcnap2mycp56qjrgza3cc8ylrh8fecp0,https://mempool.space/address/bc1q7x7pk6whuu5vrzn27e5qgadt3e6245exppxjek
bc1qspdzchv0lxnnk2xxzkxfw38sswjt37g4ntheh0,A,0.49996700,2026-07-30 01:43,bc1qnk4zh9qcnap2mycp56qjrgza3cc8ylrh8fecp0,https://mempool.space/address/bc1qspdzchv0lxnnk2xxzkxfw38sswjt37g4ntheh0
bc1qyqdrfj6a6gn2hjhulj4093yjzqvgtteex8thwe,B,0.49996700,2026-07-30 01:32,bc1qc779m8gec84k3t0ffvu0pps94zheht7lr7ueyn,https://mempool.space/address/bc1qyqdrfj6a6gn2hjhulj4093yjzqvgtteex8thwe
bc1qn4zfxx859qe0gcts7t2lr4ruxddusuq7e4r8qt,B,0.49996700,2026-07-30 01:32,bc1qc779m8gec84k3t0ffvu0pps94zheht7lr7ueyn,https://mempool.space/address/bc1qn4zfxx859qe0gcts7t2lr4ruxddusuq7e4r8qt
bc1qs2mpgkra7zccmukp6h4vyxhrfd65krwh5ttprf,B,0.49996700,2026-07-30 01:32,bc1qc779m8gec84k3t0ffvu0pps94zheht7lr7ueyn,https://mempool.space/address/bc1qs2mpgkra7zccmukp6h4vyxhrfd65krwh5ttprf
bc1qmuq6mqv83tzz95d4weflwy7kzy3g3vjgxkxzs7,B,0.49996700,2026-07-30 01:32,bc1qc779m8gec84k3t0ffvu0pps94zheht7lr7ueyn,https://mempool.space/address/bc1qmuq6mqv83tzz95d4weflwy7kzy3g3vjgxkxzs7
bc1qetqdfpuvn5lncm32u7jrnvvcvrsluvmfu39qzx,B,0.49996700,2026-07-30 01:32,bc1qc779m8gec84k3t0ffvu0pps94zheht7lr7ueyn,https://mempool.space/address/bc1qetqdfpuvn5lncm32u7jrnvvcvrsluvmfu39qzx
bc1q3mjl3lacvr7avzs8xu9kp3qlj7wrmkshxdnajr,B,0.49996700,2026-07-30 01:32,bc1qc779m8gec84k3t0ffvu0pps94zheht7lr7ueyn,https://mempool.space/address/bc1q3mjl3lacvr7avzs8xu9kp3qlj7wrmkshxdnajr
bc1q4wl2s57yzxcpx5enlk4y7fsktg7yvgeufn8amd,B,0.49996700,2026-07-30 01:32,bc1qc779m8gec84k3t0ffvu0pps94zheht7lr7ueyn,https://mempool.space/address/bc1q4wl2s57yzxcpx5enlk4y7fsktg7yvgeufn8amd
bc1quy2zdup33c9mt6srlqytxqguwkdqgezlcae34v,B,0.49996700,2026-07-30 01:32,bc1qc779m8gec84k3t0ffvu0pps94zheht7lr7ueyn,https://mempool.space/address/bc1quy2zdup33c9mt6srlqytxqguwkdqgezlcae34v
bc1qv6d2np3gr7jpxapy82utlxsvfkcpzqjztuuelz,B,0.49996700,2026-07-30 01:32,bc1qc779m8gec84k3t0ffvu0pps94zheht7lr7ueyn,https://mempool.space/address/bc1qv6d2np3gr7jpxapy82utlxsvfkcpzqjztuuelz
bc1qq3z38y6vfe77zjmwcl3yr0ynhjeut0sftvwawt,B,0.49996700,2026-07-30 01:32,bc1qc779m8gec84k3t0ffvu0pps94zheht7lr7ueyn,https://mempool.space/address/bc1qq3z38y6vfe77zjmwcl3yr0ynhjeut0sftvwawt
bc1q3kjtsqzwkp3tyg8vek5qzkuzpjrz90h4tlyw2q,B,0.49996700,2026-07-30 01:32,bc1qc779m8gec84k3t0ffvu0pps94zheht7lr7ueyn,https://mempool.space/address/bc1q3kjtsqzwkp3tyg8vek5qzkuzpjrz90h4tlyw2q
bc1q5tn9u0azqtzhfnwcykjylvlqfr597xnnhjeyz5,B,0.49996700,2026-07-30 01:32,bc1qc779m8gec84k3t0ffvu0pps94zheht7lr7ueyn,https://mempool.space/address/bc1q5tn9u0azqtzhfnwcykjylvlqfr597xnnhjeyz5
bc1q2ux4zgsy7p2yha0dx5dcjgr2780tqq64yrhpad,B,0.49996700,2026-07-30 01:32,bc1qc779m8gec84k3t0ffvu0pps94zheht7lr7ueyn,https://mempool.space/address/bc1q2ux4zgsy7p2yha0dx5dcjgr2780tqq64yrhpad
bc1qd6e7gacf6mnepjqqulfwdup3r4a8d43y0ql74e,B,0.49996700,2026-07-30 01:32,bc1qc779m8gec84k3t0ffvu0pps94zheht7lr7ueyn,https://mempool.space/address/bc1qd6e7gacf6mnepjqqulfwdup3r4a8d43y0ql74e
bc1qtz075g28lzvt34vcepdp5fgyhjvpdng2kg6yax,B,0.49996700,2026-07-30 01:32,bc1qc779m8gec84k3t0ffvu0pps94zheht7lr7ueyn,https://mempool.space/address/bc1qtz075g28lzvt34vcepdp5fgyhjvpdng2kg6yax
bc1q2pxwnff0ahtckp8n0xuh7pgtgc6xncthg6y6m6,B,0.49996700,2026-07-30 01:32,bc1qc779m8gec84k3t0ffvu0pps94zheht7lr7ueyn,https://mempool.space/address/bc1q2pxwnff0ahtckp8n0xuh7pgtgc6xncthg6y6m6
bc1q7m33pysnf0zcv4zv0n9wyvw2zfq3avpgs82gm8,B,0.49996700,2026-07-30 01:32,bc1qc779m8gec84k3t0ffvu0pps94zheht7lr7ueyn,https://mempool.space/address/bc1q7m33pysnf0zcv4zv0n9wyvw2zfq3avpgs82gm8
bc1qnxlmwdway0efl8h0u5x2kvc48y6hlpppaknpzs,B,0.49996700,2026-07-30 01:32,bc1qc779m8gec84k3t0ffvu0pps94zheht7lr7ueyn,https://mempool.space/address/bc1qnxlmwdway0efl8h0u5x2kvc48y6hlpppaknpzs
bc1qs7pktwdv6hm5ehg7ze6whyyldjkry9sws0wt0l,B,0.49996700,2026-07-30 01:32,bc1qc779m8gec84k3t0ffvu0pps94zheht7lr7ueyn,https://mempool.space/address/bc1qs7pktwdv6hm5ehg7ze6whyyldjkry9sws0wt0l
bc1qzfdvptvuuxls6m02at36wudxnwd2p2v2xxrmed,B,0.49996700,2026-07-30 01:32,bc1qc779m8gec84k3t0ffvu0pps94zheht7lr7ueyn,https://mempool.space/address/bc1qzfdvptvuuxls6m02at36wudxnwd2p2v2xxrmed
bc1qzq6jhtl5fhv8j8544w2dknxn45vnfqygum5tnj,B,0.49996700,2026-07-30 01:32,bc1qc779m8gec84k3t0ffvu0pps94zheht7lr7ueyn,https://mempool.space/address/bc1qzq6jhtl5fhv8j8544w2dknxn45vnfqygum5tnj
bc1qnamwkyxnsan6mhcgnj8yadd9y3hunk7gyzpkjc,B,0.49996700,2026-07-30 01:32,bc1qc779m8gec84k3t0ffvu0pps94zheht7lr7ueyn,https://mempool.space/address/bc1qnamwkyxnsan6mhcgnj8yadd9y3hunk7gyzpkjc
bc1qs85tr6jpx7ehy3ugl8vw69tua4ec4l0sewtvwl,B,0.49996700,2026-07-30 01:32,bc1qc779m8gec84k3t0ffvu0pps94zheht7lr7ueyn,https://mempool.space/address/bc1qs85tr6jpx7ehy3ugl8vw69tua4ec4l0sewtvwl
bc1qvj3zgxne5287p7dngc69rz8387qewcsagrr66u,B,0.49996700,2026-07-30 01:32,bc1qc779m8gec84k3t0ffvu0pps94zheht7lr7ueyn,https://mempool.space/address/bc1qvj3zgxne5287p7dngc69rz8387qewcsagrr66u
bc1q0makrkpz3xphf6wlu5v0zprst3w08rldctjj3t,B,0.49996700,2026-07-30 01:32,bc1qc779m8gec84k3t0ffvu0pps94zheht7lr7ueyn,https://mempool.space/address/bc1q0makrkpz3xphf6wlu5v0zprst3w08rldctjj3t
bc1qxhrkkgxsccelt6rxnyu6xg0vseksg4lrkzagmx,B,0.49996700,2026-07-30 01:32,bc1qc779m8gec84k3t0ffvu0pps94zheht7lr7ueyn,https://mempool.space/address/bc1qxhrkkgxsccelt6rxnyu6xg0vseksg4lrkzagmx
bc1qhfqcnm6vshlq6drlnrrp5eqa7c7a3flp5hjud8,B,0.49996700,2026-07-30 01:32,bc1qc779m8gec84k3t0ffvu0pps94zheht7lr7ueyn,https://mempool.space/address/bc1qhfqcnm6vshlq6drlnrrp5eqa7c7a3flp5hjud8
bc1qq2f2g7g5xpz7thhuxky6k6qt2ghy27pwggxuhz,B,0.49996700,2026-07-30 01:32,bc1qc779m8gec84k3t0ffvu0pps94zheht7lr7ueyn,https://mempool.space/address/bc1qq2f2g7g5xpz7thhuxky6k6qt2ghy27pwggxuhz
bc1q6k2n5cmsvqgpef7jjagysyqulrp4px7ffas0jw,B,0.49996700,2026-07-30 01:32,bc1qc779m8gec84k3t0ffvu0pps94zheht7lr7ueyn,https://mempool.space/address/bc1q6k2n5cmsvqgpef7jjagysyqulrp4px7ffas0jw
bc1qrxyskzqn0m7nvzdkcpsgfz65c9u7dnu40vpl2v,B,0.49996700,2026-07-30 01:32,bc1qc779m8gec84k3t0ffvu0pps94zheht7lr7ueyn,https://mempool.space/address/bc1qrxyskzqn0m7nvzdkcpsgfz65c9u7dnu40vpl2v
bc1qv50l6kkh0qcphqda0hqrs745eq67k6hnfkdjhf,B,0.49996700,2026-07-30 01:32,bc1qc779m8gec84k3t0ffvu0pps94zheht7lr7ueyn,https://mempool.space/address/bc1qv50l6kkh0qcphqda0hqrs745eq67k6hnfkdjhf
bc1q0vkcwqkftzpc7yk03yd8zf2gaur330cw4qnsas,B,0.49996700,2026-07-30 01:32,bc1qc779m8gec84k3t0ffvu0pps94zheht7lr7ueyn,https://mempool.space/address/bc1q0vkcwqkftzpc7yk03yd8zf2gaur330cw4qnsas
bc1qwf5f63jtcrmm8gwtxm22esygtmqdnq4mqw96gs,B,0.49996700,2026-07-30 01:32,bc1qc779m8gec84k3t0ffvu0pps94zheht7lr7ueyn,https://mempool.space/address/bc1qwf5f63jtcrmm8gwtxm22esygtmqdnq4mqw96gs
bc1qv629r6mjqsjqmq73d2dkrq829japum0as6yc0f,B,0.49996700,2026-07-30 01:32,bc1qc779m8gec84k3t0ffvu0pps94zheht7lr7ueyn,https://mempool.space/address/bc1qv629r6mjqsjqmq73d2dkrq829japum0as6yc0f
bc1qheuzc3zgh44gnaulk4ukxrts7p4fkxjar0lfvh,B,0.49996700,2026-07-30 01:32,bc1qc779m8gec84k3t0ffvu0pps94zheht7lr7ueyn,https://mempool.space/address/bc1qheuzc3zgh44gnaulk4ukxrts7p4fkxjar0lfvh
bc1qcq0spuas43ep2k8a0rkmjgzfz7jl804pkx6ahr,B,0.49996700,2026-07-30 01:32,bc1qc779m8gec84k3t0ffvu0pps94zheht7lr7ueyn,https://mempool.space/address/bc1qcq0spuas43ep2k8a0rkmjgzfz7jl804pkx6ahr
bc1qqc258wx8va8s30qs7p4l26c6cnfyf26tqap5j3,B,0.49996700,2026-07-30 01:32,bc1qc779m8gec84k3t0ffvu0pps94zheht7lr7ueyn,https://mempool.space/address/bc1qqc258wx8va8s30qs7p4l26c6cnfyf26tqap5j3
bc1q65cayukkv3a9zyhfpjh8xpu9nm4xj72z86jvsl,B,0.49996700,2026-07-30 01:32,bc1qc779m8gec84k3t0ffvu0pps94zheht7lr7ueyn,https://mempool.space/address/bc1q65cayukkv3a9zyhfpjh8xpu9nm4xj72z86jvsl
bc1qhvs2ykar2qjexkvxdhgekl2qj74tc7uhf6vhcx,B,0.49996700,2026-07-30 01:32,bc1qc779m8gec84k3t0ffvu0pps94zheht7lr7ueyn,https://mempool.space/address/bc1qhvs2ykar2qjexkvxdhgekl2qj74tc7uhf6vhcx
bc1qdx24kxvv73ykl6ssdy39wmkxdgtzzulszzy5jg,B,0.49996480,2026-07-30 01:32,bc1qc779m8gec84k3t0ffvu0pps94zheht7lr7ueyn,https://mempool.space/address/bc1qdx24kxvv73ykl6ssdy39wmkxdgtzzulszzy5jg
bc1qg34khy5y8624l644je5rzd73qx5zfcs2ytlte6,B,0.49995741,2026-07-30 01:32,bc1qc779m8gec84k3t0ffvu0pps94zheht7lr7ueyn,https://mempool.space/address/bc1qg34khy5y8624l644je5rzd73qx5zfcs2ytlte6
bc1qjsady4q4ftjzqpa0clc75tnra84qa2hp67gmvx,B,0.49995600,2026-07-30 01:32,bc1qc779m8gec84k3t0ffvu0pps94zheht7lr7ueyn,https://mempool.space/address/bc1qjsady4q4ftjzqpa0clc75tnra84qa2hp67gmvx
bc1q2hwjr5hz6uhedsjj7yqmm6w744v5v8fk4l3gv8,A,0.49875022,2026-07-30 01:43,bc1qnk4zh9qcnap2mycp56qjrgza3cc8ylrh8fecp0,https://mempool.space/address/bc1q2hwjr5hz6uhedsjj7yqmm6w744v5v8fk4l3gv8
bc1qpsjphtm38fc79duc9jh3y2k9dgresqee854saq,A,0.49840144,2026-07-30 01:43,bc1qnk4zh9qcnap2mycp56qjrgza3cc8ylrh8fecp0,https://mempool.space/address/bc1qpsjphtm38fc79duc9jh3y2k9dgresqee854saq
bc1qak04evkslra4e609g6cjdzhavunxs4059afatg,B,0.49787827,2026-07-30 01:32,bc1qc779m8gec84k3t0ffvu0pps94zheht7lr7ueyn,https://mempool.space/address/bc1qak04evkslra4e609g6cjdzhavunxs4059afatg
bc1qy6z6tjmhgnaksxf9d8j8ttcpv8qnlmt25d66gf,A,0.49441806,2026-07-30 01:43,bc1qnk4zh9qcnap2mycp56qjrgza3cc8ylrh8fecp0,https://mempool.space/address/bc1qy6z6tjmhgnaksxf9d8j8ttcpv8qnlmt25d66gf
bc1qyx4e6ujhjljlqzwgl6h2rwq94kk9kgp8gdat8t,A,0.49347420,2026-07-30 01:43,bc1qnk4zh9qcnap2mycp56qjrgza3cc8ylrh8fecp0,https://mempool.space/address/bc1qyx4e6ujhjljlqzwgl6h2rwq94kk9kgp8gdat8t
bc1qlthrf7mdaydeep6709l63fzfzerrxh2ymldyay,A,0.49141172,2026-07-30 01:43,bc1qnk4zh9qcnap2mycp56qjrgza3cc8ylrh8fecp0,https://mempool.space/address/bc1qlthrf7mdaydeep6709l63fzfzerrxh2ymldyay
bc1quh7sc89wp4eztaqa7lsfthqjywnenth2gmuprt,A,0.48997393,2026-07-30 01:43,bc1qnk4zh9qcnap2mycp56qjrgza3cc8ylrh8fecp0,https://mempool.space/address/bc1quh7sc89wp4eztaqa7lsfthqjywnenth2gmuprt
bc1q7vypqrpyy4nvcf52hpdnsdcacfnjk39yxqkzqw,A,0.48848772,2026-07-30 01:43,bc1qnk4zh9qcnap2mycp56qjrgza3cc8ylrh8fecp0,https://mempool.space/address/bc1q7vypqrpyy4nvcf52hpdnsdcacfnjk39yxqkzqw
bc1qs7fp9c42d6h8uvnahkjshllxytshrpnj53um7d,B,0.48837339,2026-07-30 01:32,bc1qc779m8gec84k3t0ffvu0pps94zheht7lr7ueyn,https://mempool.space/address/bc1qs7fp9c42d6h8uvnahkjshllxytshrpnj53um7d
bc1qfjkcdm7gpl7t0uakz8aqxqr2y7hw8pl2kkrf2r,A,0.48808141,2026-07-30 01:43,bc1qnk4zh9qcnap2mycp56qjrgza3cc8ylrh8fecp0,https://mempool.space/address/bc1qfjkcdm7gpl7t0uakz8aqxqr2y7hw8pl2kkrf2r
3Atwx1owHgniExZiu8DfNX7Heyq5fnNGdE,A,0.48652728,2026-07-30 01:43,bc1qnk4zh9qcnap2mycp56qjrgza3cc8ylrh8fecp0,https://mempool.space/address/3Atwx1owHgniExZiu8DfNX7Heyq5fnNGdE
bc1q6jdhc0m9elzgkpld9nynv8mmsv9nlydvp325dx,B,0.48550159,2026-07-30 01:32,bc1qc779m8gec84k3t0ffvu0pps94zheht7lr7ueyn,https://mempool.space/address/bc1q6jdhc0m9elzgkpld9nynv8mmsv9nlydvp325dx
bc1q33jlajf00pustjw6eas4yjclclyclz4sq2a3kr,B,0.48542488,2026-07-30 01:32,bc1qc779m8gec84k3t0ffvu0pps94zheht7lr7ueyn,https://mempool.space/address/bc1q33jlajf00pustjw6eas4yjclclyclz4sq2a3kr
bc1qywu9z9xd0fg4t9kaxkyjps0jekakl00elw48m9,A,0.47996700,2026-07-30 01:43,bc1qnk4zh9qcnap2mycp56qjrgza3cc8ylrh8fecp0,https://mempool.space/address/bc1qywu9z9xd0fg4t9kaxkyjps0jekakl00elw48m9
bc1qypun32e8znslc43aat5xze8xfp3vakn8vmqj77,A,0.47996700,2026-07-30 01:43,bc1qnk4zh9qcnap2mycp56qjrgza3cc8ylrh8fecp0,https://mempool.space/address/bc1qypun32e8znslc43aat5xze8xfp3vakn8vmqj77
bc1q6c8xqnc6602fg68fwqthnlu8dxrkzxuus6saef,A,0.47996700,2026-07-30 01:43,bc1qnk4zh9qcnap2mycp56qjrgza3cc8ylrh8fecp0,https://mempool.space/address/bc1q6c8xqnc6602fg68fwqthnlu8dxrkzxuus6saef
bc1qmxppd4ygcksm99fedv09v76cckl27qarxzrmdg,A,0.47996700,2026-07-30 01:43,bc1qnk4zh9qcnap2mycp56qjrgza3cc8ylrh8fecp0,https://mempool.space/address/bc1qmxppd4ygcksm99fedv09v76cckl27qarxzrmdg
bc1qpa5wauskhk0zzv0l7e25tf8lljddarn80859gy,A,0.47996700,2026-07-30 01:43,bc1qnk4zh9qcnap2mycp56qjrgza3cc8ylrh8fecp0,https://mempool.space/address/bc1qpa5wauskhk0zzv0l7e25tf8lljddarn80859gy
bc1qgtfex9zt8qm5z0kmzmgkejc922e3mvq9mw25sk,A,0.47970974,2026-07-30 01:43,bc1qnk4zh9qcnap2mycp56qjrgza3cc8ylrh8fecp0,https://mempool.space/address/bc1qgtfex9zt8qm5z0kmzmgkejc922e3mvq9mw25sk
bc1q9tva35hcq6hsjsx86fyat5z4g5eqpnrq4et3l4,A,0.47446320,2026-07-30 01:43,bc1qnk4zh9qcnap2mycp56qjrgza3cc8ylrh8fecp0,https://mempool.space/address/bc1q9tva35hcq6hsjsx86fyat5z4g5eqpnrq4et3l4
bc1q504lqstdcjeg3svp79ja44wqrtlt4363c0dsk5,B,0.47122691,2026-07-30 01:32,bc1qc779m8gec84k3t0ffvu0pps94zheht7lr7ueyn,https://mempool.space/address/bc1q504lqstdcjeg3svp79ja44wqrtlt4363c0dsk5
bc1qxcca6mk38ty68td9qphfkcxkqrknaxnjx4ymap,A,0.46721593,2026-07-30 01:43,bc1qnk4zh9qcnap2mycp56qjrgza3cc8ylrh8fecp0,https://mempool.space/address/bc1qxcca6mk38ty68td9qphfkcxkqrknaxnjx4ymap
bc1qu4pe6uwrqytapesk36gz0qh53pwua2q3xqy9xf,A,0.45881415,2026-07-30 01:43,bc1qnk4zh9qcnap2mycp56qjrgza3cc8ylrh8fecp0,https://mempool.space/address/bc1qu4pe6uwrqytapesk36gz0qh53pwua2q3xqy9xf
bc1qdq06huf3hm9xtysjh9j56cmgfjew397r8vae06,B,0.45788700,2026-07-30 01:32,bc1qc779m8gec84k3t0ffvu0pps94zheht7lr7ueyn,https://mempool.space/address/bc1qdq06huf3hm9xtysjh9j56cmgfjew397r8vae06
bc1qmv30ahnudlxtmz8y65ew37fuq3y5duglx685dr,A,0.45720322,2026-07-30 01:43,bc1qnk4zh9qcnap2mycp56qjrgza3cc8ylrh8fecp0,https://mempool.space/address/bc1qmv30ahnudlxtmz8y65ew37fuq3y5duglx685dr
bc1qjxy9grltueqx7r6pswj8uvxpee9gd96plmf3ax,B,0.45696700,2026-07-30 01:32,bc1qc779m8gec84k3t0ffvu0pps94zheht7lr7ueyn,https://mempool.space/address/bc1qjxy9grltueqx7r6pswj8uvxpee9gd96plmf3ax
bc1qm9vjjnvenfrwcm2hu9876qprdslhfnmx4y3a7h,A,0.45096700,2026-07-30 01:43,bc1qnk4zh9qcnap2mycp56qjrgza3cc8ylrh8fecp0,https://mempool.space/address/bc1qm9vjjnvenfrwcm2hu9876qprdslhfnmx4y3a7h
bc1qdjy4sz3mwm04zkleuclt9s4u9yrvf0jfzxrs39,A,0.45063047,2026-07-30 01:43,bc1qnk4zh9qcnap2mycp56qjrgza3cc8ylrh8fecp0,https://mempool.space/address/bc1qdjy4sz3mwm04zkleuclt9s4u9yrvf0jfzxrs39
bc1qnemxdlmu633575nesyegz20z8eukqmu09e7hm2,A,0.44995372,2026-07-30 01:43,bc1qnk4zh9qcnap2mycp56qjrgza3cc8ylrh8fecp0,https://mempool.space/address/bc1qnemxdlmu633575nesyegz20z8eukqmu09e7hm2
bc1qmtt365vx9z3c0jkx2fy3naav8v7kwcrpj8mzcz,A,0.44826132,2026-07-30 01:43,bc1qnk4zh9qcnap2mycp56qjrgza3cc8ylrh8fecp0,https://mempool.space/address/bc1qmtt365vx9z3c0jkx2fy3naav8v7kwcrpj8mzcz
bc1qys904etd9c9e6rsw4hw9lr2saw28y0jjg4czj5,A,0.44812719,2026-07-30 01:43,bc1qnk4zh9qcnap2mycp56qjrgza3cc8ylrh8fecp0,https://mempool.space/address/bc1qys904etd9c9e6rsw4hw9lr2saw28y0jjg4czj5
bc1qzuzkrn5thdkr7rn6nek7h0dl99kj2jfj7rnn48,A,0.44449778,2026-07-30 01:43,bc1qnk4zh9qcnap2mycp56qjrgza3cc8ylrh8fecp0,https://mempool.space/address/bc1qzuzkrn5thdkr7rn6nek7h0dl99kj2jfj7rnn48
bc1qylc5w9r8l2ah04qwprf4h02tc02qllefjkh9j0,B,0.44094542,2026-07-30 01:32,bc1qc779m8gec84k3t0ffvu0pps94zheht7lr7ueyn,https://mempool.space/address/bc1qylc5w9r8l2ah04qwprf4h02tc02qllefjkh9j0
bc1qh45khdunrs99yc8apkupaljt67st04pssg68yg,B,0.43991730,2026-07-30 01:32,bc1qc779m8gec84k3t0ffvu0pps94zheht7lr7ueyn,https://mempool.space/address/bc1qh45khdunrs99yc8apkupaljt67st04pssg68yg
bc1q2gy6w22gu3r4a8uzh737agz2u9xs65536pc9ms,A,0.43871282,2026-07-30 01:43,bc1qnk4zh9qcnap2mycp56qjrgza3cc8ylrh8fecp0,https://mempool.space/address/bc1q2gy6w22gu3r4a8uzh737agz2u9xs65536pc9ms
bc1q8c3msn89welrplycmtx0rzyke4qdrrqygsf6y3,B,0.43830150,2026-07-30 01:32,bc1qc779m8gec84k3t0ffvu0pps94zheht7lr7ueyn,https://mempool.space/address/bc1q8c3msn89welrplycmtx0rzyke4qdrrqygsf6y3
bc1qrz9xngxtf7n8y4ccf0pg82ag4dt5t5e4pehpz6,A,0.43750051,2026-07-30 01:43,bc1qnk4zh9qcnap2mycp56qjrgza3cc8ylrh8fecp0,https://mempool.space/address/bc1qrz9xngxtf7n8y4ccf0pg82ag4dt5t5e4pehpz6
bc1q7acrnvchwclutj9xpfesveqqd905ks750px84j,B,0.43696558,2026-07-30 01:32,bc1qc779m8gec84k3t0ffvu0pps94zheht7lr7ueyn,https://mempool.space/address/bc1q7acrnvchwclutj9xpfesveqqd905ks750px84j
bc1qx0e6dfpsgd88g4j4kxz2h5v7dwfademe06ynez,B,0.43666026,2026-07-30 01:32,bc1qc779m8gec84k3t0ffvu0pps94zheht7lr7ueyn,https://mempool.space/address/bc1qx0e6dfpsgd88g4j4kxz2h5v7dwfademe06ynez
bc1qq4sp4pd0m6tdenurawna45unsfvlxfy2483nte,A,0.43645910,2026-07-30 01:43,bc1qnk4zh9qcnap2mycp56qjrgza3cc8ylrh8fecp0,https://mempool.space/address/bc1qq4sp4pd0m6tdenurawna45unsfvlxfy2483nte
bc1qwmam8krfhuqxtp94d3qh63qyt6nsget28dt8s0,A,0.43622710,2026-07-30 01:43,bc1qnk4zh9qcnap2mycp56qjrgza3cc8ylrh8fecp0,https://mempool.space/address/bc1qwmam8krfhuqxtp94d3qh63qyt6nsget28dt8s0
bc1qzclq06wpmjn0qk44a0297c4e572rh7705wx4hm,B,0.43527250,2026-07-30 01:32,bc1qc779m8gec84k3t0ffvu0pps94zheht7lr7ueyn,https://mempool.space/address/bc1qzclq06wpmjn0qk44a0297c4e572rh7705wx4hm
bc1qjwpzm0hwqvhq7653zmfgrvqcsrcmhz8h7fe6a2,B,0.43380155,2026-07-30 01:32,bc1qc779m8gec84k3t0ffvu0pps94zheht7lr7ueyn,https://mempool.space/address/bc1qjwpzm0hwqvhq7653zmfgrvqcsrcmhz8h7fe6a2
bc1qh6p2fpgwhqkyr345z8lx56sy9sw3agxxgfd030,A,0.42433711,2026-07-30 01:43,bc1qnk4zh9qcnap2mycp56qjrgza3cc8ylrh8fecp0,https://mempool.space/address/bc1qh6p2fpgwhqkyr345z8lx56sy9sw3agxxgfd030
bc1qsfycsmveuqndynk46jmv9k6gf5mkqjgxuefk04,A,0.42366062,2026-07-30 01:43,bc1qnk4zh9qcnap2mycp56qjrgza3cc8ylrh8fecp0,https://mempool.space/address/bc1qsfycsmveuqndynk46jmv9k6gf5mkqjgxuefk04
bc1qwqtz04fz9ndm9gtxx7757rjlwf9669y3t7ldsf,A,0.42206110,2026-07-30 01:43,bc1qnk4zh9qcnap2mycp56qjrgza3cc8ylrh8fecp0,https://mempool.space/address/bc1qwqtz04fz9ndm9gtxx7757rjlwf9669y3t7ldsf
bc1qkv4gqd3feapjp67mfz2zhzjk0lu9mp4g0kv6mg,A,0.42104513,2026-07-30 01:43,bc1qnk4zh9qcnap2mycp56qjrgza3cc8ylrh8fecp0,https://mempool.space/address/bc1qkv4gqd3feapjp67mfz2zhzjk0lu9mp4g0kv6mg
bc1q4e5fcu2l42kxfm6t6727c4f9m6tle5y8tp9v48,C1,0.41833494,2026-07-30 01:10,bc1qdaarag7729c2n4l2wnyt3hkhfpcs66n98z7uuh,https://mempool.space/address/bc1q4e5fcu2l42kxfm6t6727c4f9m6tle5y8tp9v48
bc1qferfww87449mqeqpjxn6gkqqjnte3tcsmwjmaj,A,0.41798914,2026-07-30 01:43,bc1qnk4zh9qcnap2mycp56qjrgza3cc8ylrh8fecp0,https://mempool.space/address/bc1qferfww87449mqeqpjxn6gkqqjnte3tcsmwjmaj
bc1qvxdvvzcx9x2s0usza3ndghtrqyu0xe57trsgd7,A,0.41757196,2026-07-30 01:43,bc1qnk4zh9qcnap2mycp56qjrgza3cc8ylrh8fecp0,https://mempool.space/address/bc1qvxdvvzcx9x2s0usza3ndghtrqyu0xe57trsgd7
bc1qwmvqceqypgn4lnm6auxcf7zcsyzpyfa3uj32h6,A,0.41737100,2026-07-30 01:43,bc1qnk4zh9qcnap2mycp56qjrgza3cc8ylrh8fecp0,https://mempool.space/address/bc1qwmvqceqypgn4lnm6auxcf7zcsyzpyfa3uj32h6
bc1qagexrzzrpcke4s55mlp4sx36evzsc5mxlqzkup,A,0.41632638,2026-07-30 01:43,bc1qnk4zh9qcnap2mycp56qjrgza3cc8ylrh8fecp0,https://mempool.space/address/bc1qagexrzzrpcke4s55mlp4sx36evzsc5mxlqzkup
bc1qzg583s43d77yuqr2mz2apxjfv7e9c2cl3ueql9,B,0.41363555,2026-07-30 01:32,bc1qc779m8gec84k3t0ffvu0pps94zheht7lr7ueyn,https://mempool.space/address/bc1qzg583s43d77yuqr2mz2apxjfv7e9c2cl3ueql9
bc1q3w4qgsm77u378dgkztkqa8cv2pvfwwdzkk0sqg,A,0.41296700,2026-07-30 01:43,bc1qnk4zh9qcnap2mycp56qjrgza3cc8ylrh8fecp0,https://mempool.space/address/bc1q3w4qgsm77u378dgkztkqa8cv2pvfwwdzkk0sqg
bc1q0lce8jw5tewlzxswjrsv2ualsrtgvzke2j5htm,A,0.41263127,2026-07-30 01:43,bc1qnk4zh9qcnap2mycp56qjrgza3cc8ylrh8fecp0,https://mempool.space/address/bc1q0lce8jw5tewlzxswjrsv2ualsrtgvzke2j5htm
bc1qykudzaukwv2xarht7s040zr2cjqj2ucm8dp3g0,B,0.41134700,2026-07-30 01:32,bc1qc779m8gec84k3t0ffvu0pps94zheht7lr7ueyn,https://mempool.space/address/bc1qykudzaukwv2xarht7s040zr2cjqj2ucm8dp3g0
bc1qlpwj5enjvqz8ttsr67yq5am4kq2hmgscgxl9m9,A,0.41096410,2026-07-30 01:43,bc1qnk4zh9qcnap2mycp56qjrgza3cc8ylrh8fecp0,https://mempool.space/address/bc1qlpwj5enjvqz8ttsr67yq5am4kq2hmgscgxl9m9
bc1qnz9xzphmurucx2ryeuxhx7klzsv2cry39q07je,B,0.41053111,2026-07-30 01:32,bc1qc779m8gec84k3t0ffvu0pps94zheht7lr7ueyn,https://mempool.space/address/bc1qnz9xzphmurucx2ryeuxhx7klzsv2cry39q07je
bc1ql7a4dzgdsyza4cgdkkmzlh8qrvk20d5ky8376g,A,0.40928854,2026-07-30 01:43,bc1qnk4zh9qcnap2mycp56qjrgza3cc8ylrh8fecp0,https://mempool.space/address/bc1ql7a4dzgdsyza4cgdkkmzlh8qrvk20d5ky8376g
bc1qd4wqkqawp277c42u2egf24knzrplmq6gut4zlg,B,0.40893563,2026-07-30 01:32,bc1qc779m8gec84k3t0ffvu0pps94zheht7lr7ueyn,https://mempool.space/address/bc1qd4wqkqawp277c42u2egf24knzrplmq6gut4zlg
bc1qe0u9dwj2ha5v5dj4rzx2d0anauv7a269hq8tch,A,0.40876419,2026-07-30 01:43,bc1qnk4zh9qcnap2mycp56qjrgza3cc8ylrh8fecp0,https://mempool.space/address/bc1qe0u9dwj2ha5v5dj4rzx2d0anauv7a269hq8tch
bc1q2sgtu25mfqs2vvztwkluly2t7q7z46zn3z8mlh,A,0.40814100,2026-07-30 01:43,bc1qnk4zh9qcnap2mycp56qjrgza3cc8ylrh8fecp0,https://mempool.space/address/bc1q2sgtu25mfqs2vvztwkluly2t7q7z46zn3z8mlh
bc1qkxz7da2y32qf6zg4xp4glp04g7eazyvna9cfce,B,0.40487743,2026-07-30 01:32,bc1qc779m8gec84k3t0ffvu0pps94zheht7lr7ueyn,https://mempool.space/address/bc1qkxz7da2y32qf6zg4xp4glp04g7eazyvna9cfce
bc1qw5nngkf7tamcugtz27r04cylgvc3dlgfu0th72,A,0.40476940,2026-07-30 01:43,bc1qnk4zh9qcnap2mycp56qjrgza3cc8ylrh8fecp0,https://mempool.space/address/bc1qw5nngkf7tamcugtz27r04cylgvc3dlgfu0th72
bc1q93gvyt0avlla3w2m2lfu25c7ndnkjdd308n0np,A,0.40442034,2026-07-30 01:43,bc1qnk4zh9qcnap2mycp56qjrgza3cc8ylrh8fecp0,https://mempool.space/address/bc1q93gvyt0avlla3w2m2lfu25c7ndnkjdd308n0np
bc1q20eexmnyfjgtn08u9pvpkxz5k8050tlfgau3n7,A,0.40309500,2026-07-30 01:43,bc1qnk4zh9qcnap2mycp56qjrgza3cc8ylrh8fecp0,https://mempool.space/address/bc1q20eexmnyfjgtn08u9pvpkxz5k8050tlfgau3n7
3ADi95FFf8ELvk5LMYy4vAZWAve6zkm3zF,B,0.40115280,2026-07-30 01:32,bc1qc779m8gec84k3t0ffvu0pps94zheht7lr7ueyn,https://mempool.space/address/3ADi95FFf8ELvk5LMYy4vAZWAve6zkm3zF
bc1q374rngglphx6k0vpcn7qluwkjknsj0q70lzk0r,B,0.39996700,2026-07-30 01:32,bc1qc779m8gec84k3t0ffvu0pps94zheht7lr7ueyn,https://mempool.space/address/bc1q374rngglphx6k0vpcn7qluwkjknsj0q70lzk0r
bc1qgud0mugs3djwy94te2zmm4ehsvnvgp0ct5tfnq,B,0.39995243,2026-07-30 01:32,bc1qc779m8gec84k3t0ffvu0pps94zheht7lr7ueyn,https://mempool.space/address/bc1qgud0mugs3djwy94te2zmm4ehsvnvgp0ct5tfnq
bc1qwxmtgy9wdlf7pymyhl3ttr99lrgyy5767qcftg,A,0.39990580,2026-07-30 01:43,bc1qnk4zh9qcnap2mycp56qjrgza3cc8ylrh8fecp0,https://mempool.space/address/bc1qwxmtgy9wdlf7pymyhl3ttr99lrgyy5767qcftg
bc1qfma5npww7nj777l9pyeq0qas8s7tg689kasyqq,A,0.39807320,2026-07-30 01:43,bc1qnk4zh9qcnap2mycp56qjrgza3cc8ylrh8fecp0,https://mempool.space/address/bc1qfma5npww7nj777l9pyeq0qas8s7tg689kasyqq
bc1qrx6762qhfuztwq06ektna40rqscvjw8x845ym0,A,0.39736332,2026-07-30 01:43,bc1qnk4zh9qcnap2mycp56qjrgza3cc8ylrh8fecp0,https://mempool.space/address/bc1qrx6762qhfuztwq06ektna40rqscvjw8x845ym0
bc1q4aelnc6pvgvutx3n8uh9nsnal543nh38pjum0q,B,0.39730952,2026-07-30 01:32,bc1qc779m8gec84k3t0ffvu0pps94zheht7lr7ueyn,https://mempool.space/address/bc1q4aelnc6pvgvutx3n8uh9nsnal543nh38pjum0q
bc1q9789le0s9ryeaynldf2j5fuszewknqd07nh7uk,B,0.39499994,2026-07-30 01:32,bc1qc779m8gec84k3t0ffvu0pps94zheht7lr7ueyn,https://mempool.space/address/bc1q9789le0s9ryeaynldf2j5fuszewknqd07nh7uk
bc1q2xea60lzvavl9c5ve42rxa5p0ssvl5cn56jlja,A,0.39473697,2026-07-30 01:43,bc1qnk4zh9qcnap2mycp56qjrgza3cc8ylrh8fecp0,https://mempool.space/address/bc1q2xea60lzvavl9c5ve42rxa5p0ssvl5cn56jlja
bc1qc9q8a4jzk4qaj5v2gn26rh9gl23gpy8gh5wjxe,A,0.39353981,2026-07-30 01:43,bc1qnk4zh9qcnap2mycp56qjrgza3cc8ylrh8fecp0,https://mempool.space/address/bc1qc9q8a4jzk4qaj5v2gn26rh9gl23gpy8gh5wjxe
bc1qp8zxur46vmwkk9k28fmgnqwefyf7ze202meyj2,A,0.39176660,2026-07-30 01:43,bc1qnk4zh9qcnap2mycp56qjrgza3cc8ylrh8fecp0,https://mempool.space/address/bc1qp8zxur46vmwkk9k28fmgnqwefyf7ze202meyj2
bc1q076cftd2lzx3jnzht03le7nq83lu89kxh7a9d5,A,0.39141506,2026-07-30 01:43,bc1qnk4zh9qcnap2mycp56qjrgza3cc8ylrh8fecp0,https://mempool.space/address/bc1q076cftd2lzx3jnzht03le7nq83lu89kxh7a9d5
bc1qwstyaqr7jw0tslfsjkvrehszw4t00ju7u2d7lc,B,0.39131362,2026-07-30 01:32,bc1qc779m8gec84k3t0ffvu0pps94zheht7lr7ueyn,https://mempool.space/address/bc1qwstyaqr7jw0tslfsjkvrehszw4t00ju7u2d7lc
bc1q44uq6xu0mg4c6a2ma6nek5wu3tpykjsd26x92n,A,0.38665501,2026-07-30 01:43,bc1qnk4zh9qcnap2mycp56qjrgza3cc8ylrh8fecp0,https://mempool.space/address/bc1q44uq6xu0mg4c6a2ma6nek5wu3tpykjsd26x92n
bc1qp5hurhkkzztezj0lckv34az63dszhmkx9x0k0y,A,0.38624077,2026-07-30 01:43,bc1qnk4zh9qcnap2mycp56qjrgza3cc8ylrh8fecp0,https://mempool.space/address/bc1qp5hurhkkzztezj0lckv34az63dszhmkx9x0k0y
bc1qxd5sjg7sdmm9x6xu7kfd0fknhytlfkfzlwxuvv,B,0.37996700,2026-07-30 01:32,bc1qc779m8gec84k3t0ffvu0pps94zheht7lr7ueyn,https://mempool.space/address/bc1qxd5sjg7sdmm9x6xu7kfd0fknhytlfkfzlwxuvv
bc1qnc92u4k0z9n9xx8uz6armuleh75c54p86am3nx,A,0.37972655,2026-07-30 01:43,bc1qnk4zh9qcnap2mycp56qjrgza3cc8ylrh8fecp0,https://mempool.space/address/bc1qnc92u4k0z9n9xx8uz6armuleh75c54p86am3nx
bc1qyrs7pfvmz9s9lsun5epkrz3zlhc35382dyr48n,A,0.37843000,2026-07-30 01:43,bc1qnk4zh9qcnap2mycp56qjrgza3cc8ylrh8fecp0,https://mempool.space/address/bc1qyrs7pfvmz9s9lsun5epkrz3zlhc35382dyr48n
bc1qk0q56jucp2lqnfnfslmwk3zh5pc7m4jpw46jvh,B,0.37595019,2026-07-30 01:32,bc1qc779m8gec84k3t0ffvu0pps94zheht7lr7ueyn,https://mempool.space/address/bc1qk0q56jucp2lqnfnfslmwk3zh5pc7m4jpw46jvh
bc1qtjwgqzc85x740dnpjd38sthzuxqdwrt60xuejp,B,0.37580785,2026-07-30 01:32,bc1qc779m8gec84k3t0ffvu0pps94zheht7lr7ueyn,https://mempool.space/address/bc1qtjwgqzc85x740dnpjd38sthzuxqdwrt60xuejp
bc1q4d7t96fc0s64q5xpghyr7r0j309jsj6zhnklc5,B,0.37552632,2026-07-30 01:32,bc1qc779m8gec84k3t0ffvu0pps94zheht7lr7ueyn,https://mempool.space/address/bc1q4d7t96fc0s64q5xpghyr7r0j309jsj6zhnklc5
bc1q8dm5mhuk9z2vrh4ygdmfxv89mpy2jrtsev9r0x,A,0.37496700,2026-07-30 01:43,bc1qnk4zh9qcnap2mycp56qjrgza3cc8ylrh8fecp0,https://mempool.space/address/bc1q8dm5mhuk9z2vrh4ygdmfxv89mpy2jrtsev9r0x
bc1qsw8lzw7tv6tj6jcl88ljdc09tarn5uw0jk78vl,A,0.37273126,2026-07-30 01:43,bc1qnk4zh9qcnap2mycp56qjrgza3cc8ylrh8fecp0,https://mempool.space/address/bc1qsw8lzw7tv6tj6jcl88ljdc09tarn5uw0jk78vl
bc1qr2fc6hvp5463xnw5hu4kjvq0p8x0w5w7zsjt7y,B,0.37093195,2026-07-30 01:32,bc1qc779m8gec84k3t0ffvu0pps94zheht7lr7ueyn,https://mempool.space/address/bc1qr2fc6hvp5463xnw5hu4kjvq0p8x0w5w7zsjt7y
bc1qmkr73dvpkag0yt80wdlkf0f9v3s6xry5heuruh,B,0.36921700,2026-07-30 01:32,bc1qc779m8gec84k3t0ffvu0pps94zheht7lr7ueyn,https://mempool.space/address/bc1qmkr73dvpkag0yt80wdlkf0f9v3s6xry5heuruh
15yzFxjy4Qksim1okPvBEbTYJcvdJ2uS9z,A,0.36759746,2026-07-30 01:43,bc1qnk4zh9qcnap2mycp56qjrgza3cc8ylrh8fecp0,https://mempool.space/address/15yzFxjy4Qksim1okPvBEbTYJcvdJ2uS9z
bc1qgje9csuq7gkss5k5kr6tcpu627zwwkwut2gm0m,A,0.36281089,2026-07-30 01:43,bc1qnk4zh9qcnap2mycp56qjrgza3cc8ylrh8fecp0,https://mempool.space/address/bc1qgje9csuq7gkss5k5kr6tcpu627zwwkwut2gm0m
bc1qg6qxwwgq5dspm9stc8um6cgyke2uzu94fvx8rr,B,0.36024851,2026-07-30 01:32,bc1qc779m8gec84k3t0ffvu0pps94zheht7lr7ueyn,https://mempool.space/address/bc1qg6qxwwgq5dspm9stc8um6cgyke2uzu94fvx8rr
bc1qt7qrwl2pyjmj9p68dn5nu5999q65cnfata84qa,B,0.36018597,2026-07-30 01:32,bc1qc779m8gec84k3t0ffvu0pps94zheht7lr7ueyn,https://mempool.space/address/bc1qt7qrwl2pyjmj9p68dn5nu5999q65cnfata84qa
bc1qdxgmue8a8en4lgc2cmy93lg20d4km2zwgu06nr,A,0.35666268,2026-07-30 01:43,bc1qnk4zh9qcnap2mycp56qjrgza3cc8ylrh8fecp0,https://mempool.space/address/bc1qdxgmue8a8en4lgc2cmy93lg20d4km2zwgu06nr
bc1qwnaqjm7fqeygnxv3dp0tj6cp2n372l5gjaf87d,B,0.35566470,2026-07-30 01:32,bc1qc779m8gec84k3t0ffvu0pps94zheht7lr7ueyn,https://mempool.space/address/bc1qwnaqjm7fqeygnxv3dp0tj6cp2n372l5gjaf87d
bc1q5uh3k8tm2r0ppzn0y0xxvum4ajf8lfw8hqu58y,B,0.35547251,2026-07-30 01:32,bc1qc779m8gec84k3t0ffvu0pps94zheht7lr7ueyn,https://mempool.space/address/bc1q5uh3k8tm2r0ppzn0y0xxvum4ajf8lfw8hqu58y
bc1qdhzxgkagm393fkl4mfqkxjrn0jn4wkhqyl5sct,A,0.35396249,2026-07-30 01:43,bc1qnk4zh9qcnap2mycp56qjrgza3cc8ylrh8fecp0,https://mempool.space/address/bc1qdhzxgkagm393fkl4mfqkxjrn0jn4wkhqyl5sct
bc1qgakr5sjmtem8twpmj77uc7tkdgmlr8z38anyd8,A,0.35285956,2026-07-30 01:43,bc1qnk4zh9qcnap2mycp56qjrgza3cc8ylrh8fecp0,https://mempool.space/address/bc1qgakr5sjmtem8twpmj77uc7tkdgmlr8z38anyd8
bc1qac77g75hs7jgeawtzmeja922gd57upjuvzwr2q,A,0.35284591,2026-07-30 01:43,bc1qnk4zh9qcnap2mycp56qjrgza3cc8ylrh8fecp0,https://mempool.space/address/bc1qac77g75hs7jgeawtzmeja922gd57upjuvzwr2q
bc1q9d02j35ezpds0kdx73fcqjf7t3557hlq9jseqy,A,0.35025581,2026-07-30 01:43,bc1qnk4zh9qcnap2mycp56qjrgza3cc8ylrh8fecp0,https://mempool.space/address/bc1q9d02j35ezpds0kdx73fcqjf7t3557hlq9jseqy
bc1qrsxe5pueezhwr2u8xl7x3hjs6nx2sm07xhmx6u,A,0.34991295,2026-07-30 01:43,bc1qnk4zh9qcnap2mycp56qjrgza3cc8ylrh8fecp0,https://mempool.space/address/bc1qrsxe5pueezhwr2u8xl7x3hjs6nx2sm07xhmx6u
bc1qzwvfn7mg9kszu3utx2dwwp299pfxm5fmwtrjg3,B,0.34921700,2026-07-30 01:32,bc1qc779m8gec84k3t0ffvu0pps94zheht7lr7ueyn,https://mempool.space/address/bc1qzwvfn7mg9kszu3utx2dwwp299pfxm5fmwtrjg3
bc1qwrpj0n4nsg3a6ugsxxseede6vqqjyq85xfupdk,B,0.34921700,2026-07-30 01:32,bc1qc779m8gec84k3t0ffvu0pps94zheht7lr7ueyn,https://mempool.space/address/bc1qwrpj0n4nsg3a6ugsxxseede6vqqjyq85xfupdk
bc1q32pqy8r9px3lw6s39yjpafttt2m92y9uvqr4hc,B,0.34771000,2026-07-30 01:32,bc1qc779m8gec84k3t0ffvu0pps94zheht7lr7ueyn,https://mempool.space/address/bc1q32pqy8r9px3lw6s39yjpafttt2m92y9uvqr4hc
bc1quyenzhvggvmen9dt7dxecj9zezxngzpyx9tkjx,A,0.34661148,2026-07-30 01:43,bc1qnk4zh9qcnap2mycp56qjrgza3cc8ylrh8fecp0,https://mempool.space/address/bc1quyenzhvggvmen9dt7dxecj9zezxngzpyx9tkjx
bc1qvrszeq5zf7r93z7ysxqr95268t9u50lcu6698k,A,0.34619925,2026-07-30 01:43,bc1qnk4zh9qcnap2mycp56qjrgza3cc8ylrh8fecp0,https://mempool.space/address/bc1qvrszeq5zf7r93z7ysxqr95268t9u50lcu6698k
bc1qwunqj0af8qq4w42mem8hxzwqxlguu6pwms2jll,A,0.34553465,2026-07-30 01:43,bc1qnk4zh9qcnap2mycp56qjrgza3cc8ylrh8fecp0,https://mempool.space/address/bc1qwunqj0af8qq4w42mem8hxzwqxlguu6pwms2jll
bc1qe20tag9jv5nddu42jjdr4cm2d4y7aaaxmpj5v2,A,0.33881466,2026-07-30 01:43,bc1qnk4zh9qcnap2mycp56qjrgza3cc8ylrh8fecp0,https://mempool.space/address/bc1qe20tag9jv5nddu42jjdr4cm2d4y7aaaxmpj5v2
bc1q6sfgjmmts8wxemfm226vdvt2j53glxyzjchd3w,A,0.33862417,2026-07-30 01:43,bc1qnk4zh9qcnap2mycp56qjrgza3cc8ylrh8fecp0,https://mempool.space/address/bc1q6sfgjmmts8wxemfm226vdvt2j53glxyzjchd3w
bc1q9g39pr4uj7f2drdp4r8mccr7w8tcw7ewh96s7r,B,0.33587367,2026-07-30 01:32,bc1qc779m8gec84k3t0ffvu0pps94zheht7lr7ueyn,https://mempool.space/address/bc1q9g39pr4uj7f2drdp4r8mccr7w8tcw7ewh96s7r
bc1qws6pmp875wgr5anmdhwpgldqer8pqsqcv4epww,B,0.33551022,2026-07-30 01:32,bc1qc779m8gec84k3t0ffvu0pps94zheht7lr7ueyn,https://mempool.space/address/bc1qws6pmp875wgr5anmdhwpgldqer8pqsqcv4epww
bc1q9skd6q97d7qf23u3xt3p2vz0qgh2ne9vl69lme,A,0.33337858,2026-07-30 01:43,bc1qnk4zh9qcnap2mycp56qjrgza3cc8ylrh8fecp0,https://mempool.space/address/bc1q9skd6q97d7qf23u3xt3p2vz0qgh2ne9vl69lme
bc1q8s0xt9rz04cumw6jesccqncnajrnvh36jmh6qg,A,0.33322166,2026-07-30 01:43,bc1qnk4zh9qcnap2mycp56qjrgza3cc8ylrh8fecp0,https://mempool.space/address/bc1q8s0xt9rz04cumw6jesccqncnajrnvh36jmh6qg
bc1qum7a0659jrpltkks4th06nf2he6kf9cznqsdmk,A,0.33207483,2026-07-30 01:43,bc1qnk4zh9qcnap2mycp56qjrgza3cc8ylrh8fecp0,https://mempool.space/address/bc1qum7a0659jrpltkks4th06nf2he6kf9cznqsdmk
bc1q86zzpw3mdq39gyq9py8xdxu22c0p7rjx77sal2,A,0.33056693,2026-07-30 01:43,bc1qnk4zh9qcnap2mycp56qjrgza3cc8ylrh8fecp0,https://mempool.space/address/bc1q86zzpw3mdq39gyq9py8xdxu22c0p7rjx77sal2
bc1qj2z78y6k0ntuuk5yj7yns0p754sm4frq0c5qrv,B,0.33028349,2026-07-30 01:32,bc1qc779m8gec84k3t0ffvu0pps94zheht7lr7ueyn,https://mempool.space/address/bc1qj2z78y6k0ntuuk5yj7yns0p754sm4frq0c5qrv
bc1q85flxv7yll3t7nh3lac5n0xjrq562kvrgjjunk,B,0.32998618,2026-07-30 01:32,bc1qc779m8gec84k3t0ffvu0pps94zheht7lr7ueyn,https://mempool.space/address/bc1q85flxv7yll3t7nh3lac5n0xjrq562kvrgjjunk
bc1qvz7fkc3zvs6jv9cm4cq3hjsqnwyjed0svza0an,B,0.32983085,2026-07-30 01:32,bc1qc779m8gec84k3t0ffvu0pps94zheht7lr7ueyn,https://mempool.space/address/bc1qvz7fkc3zvs6jv9cm4cq3hjsqnwyjed0svza0an
bc1q0cka0cu8fl2uylmdg98a6s9jyt2z9e2y0serr6,A,0.32982840,2026-07-30 01:43,bc1qnk4zh9qcnap2mycp56qjrgza3cc8ylrh8fecp0,https://mempool.space/address/bc1q0cka0cu8fl2uylmdg98a6s9jyt2z9e2y0serr6
bc1q295p483c0jesz5qjplskqxqjnze8p3u3u5p7n0,A,0.32971200,2026-07-30 01:43,bc1qnk4zh9qcnap2mycp56qjrgza3cc8ylrh8fecp0,https://mempool.space/address/bc1q295p483c0jesz5qjplskqxqjnze8p3u3u5p7n0
bc1qqwh956mfs2lzn293gmn24jfwlwxm4gvdpsmqfm,B,0.32932953,2026-07-30 01:32,bc1qc779m8gec84k3t0ffvu0pps94zheht7lr7ueyn,https://mempool.space/address/bc1qqwh956mfs2lzn293gmn24jfwlwxm4gvdpsmqfm
bc1qd22nqf8g6ln8hrf80fhr3sz0p7yjjheaghmp0v,B,0.32904049,2026-07-30 01:32,bc1qc779m8gec84k3t0ffvu0pps94zheht7lr7ueyn,https://mempool.space/address/bc1qd22nqf8g6ln8hrf80fhr3sz0p7yjjheaghmp0v
bc1qrk2wgaj82cjlq4687k7x6smjs8658kav489mgj,B,0.32809301,2026-07-30 01:32,bc1qc779m8gec84k3t0ffvu0pps94zheht7lr7ueyn,https://mempool.space/address/bc1qrk2wgaj82cjlq4687k7x6smjs8658kav489mgj
bc1qlgt0m7u7f83jrv522cjz2xuq5k0vjayyq7d42z,A,0.32710626,2026-07-30 01:43,bc1qnk4zh9qcnap2mycp56qjrgza3cc8ylrh8fecp0,https://mempool.space/address/bc1qlgt0m7u7f83jrv522cjz2xuq5k0vjayyq7d42z
bc1q3vqs9ja20z756kwaxhqn73hmwfpp9dzlxxz0hy,B,0.32709364,2026-07-30 01:32,bc1qc779m8gec84k3t0ffvu0pps94zheht7lr7ueyn,https://mempool.space/address/bc1q3vqs9ja20z756kwaxhqn73hmwfpp9dzlxxz0hy
bc1qwyfyshtckpdt8ly6vtffe8gzzyje9yuujc967k,B,0.32596700,2026-07-30 01:32,bc1qc779m8gec84k3t0ffvu0pps94zheht7lr7ueyn,https://mempool.space/address/bc1qwyfyshtckpdt8ly6vtffe8gzzyje9yuujc967k
bc1qnn8glhafryrvf477vlmvezpzt309fgwnmd4c2k,A,0.32594400,2026-07-30 01:43,bc1qnk4zh9qcnap2mycp56qjrgza3cc8ylrh8fecp0,https://mempool.space/address/bc1qnn8glhafryrvf477vlmvezpzt309fgwnmd4c2k
bc1qqrknf64tg3zpageypqfqqdp7rzt98k9e4puvwu,B,0.32577601,2026-07-30 01:32,bc1qc779m8gec84k3t0ffvu0pps94zheht7lr7ueyn,https://mempool.space/address/bc1qqrknf64tg3zpageypqfqqdp7rzt98k9e4puvwu
bc1qz0msgpxvytaq6pa7m0ppn6j3wtrdrmnu3j568j,B,0.32429626,2026-07-30 01:32,bc1qc779m8gec84k3t0ffvu0pps94zheht7lr7ueyn,https://mempool.space/address/bc1qz0msgpxvytaq6pa7m0ppn6j3wtrdrmnu3j568j
bc1qhpda7sgyf0vv8jmp3528l5x3typf7pph4pc635,B,0.32407004,2026-07-30 01:32,bc1qc779m8gec84k3t0ffvu0pps94zheht7lr7ueyn,https://mempool.space/address/bc1qhpda7sgyf0vv8jmp3528l5x3typf7pph4pc635
bc1qyvgn3eau57l0cxj9pgpgw89xah765qyw5vsuk2,B,0.32355397,2026-07-30 01:32,bc1qc779m8gec84k3t0ffvu0pps94zheht7lr7ueyn,https://mempool.space/address/bc1qyvgn3eau57l0cxj9pgpgw89xah765qyw5vsuk2
bc1q9uk7vxxw95l67kdq2c0lunzkqm9h6sdz9jkarq,B,0.32345858,2026-07-30 01:32,bc1qc779m8gec84k3t0ffvu0pps94zheht7lr7ueyn,https://mempool.space/address/bc1q9uk7vxxw95l67kdq2c0lunzkqm9h6sdz9jkarq
bc1qs8e8f3cdlfxeege8ewtd7jsfxrq5qyacfj0cqz,B,0.32281499,2026-07-30 01:32,bc1qc779m8gec84k3t0ffvu0pps94zheht7lr7ueyn,https://mempool.space/address/bc1qs8e8f3cdlfxeege8ewtd7jsfxrq5qyacfj0cqz
bc1qwrjq4mtj2xn5xrhgegjvalfezmhs0aakeg9lm8,A,0.32275521,2026-07-30 01:43,bc1qnk4zh9qcnap2mycp56qjrgza3cc8ylrh8fecp0,https://mempool.space/address/bc1qwrjq4mtj2xn5xrhgegjvalfezmhs0aakeg9lm8
3LkZTJ9YeM1T8Qs12VmqKe8Y9iVRGCUvCU,A,0.32255365,2026-07-30 01:43,bc1qnk4zh9qcnap2mycp56qjrgza3cc8ylrh8fecp0,https://mempool.space/address/3LkZTJ9YeM1T8Qs12VmqKe8Y9iVRGCUvCU
bc1qnzka9gnt4js9d8uurxxcqlanc077h79eym9mm4,A,0.32199881,2026-07-30 01:43,bc1qnk4zh9qcnap2mycp56qjrgza3cc8ylrh8fecp0,https://mempool.space/address/bc1qnzka9gnt4js9d8uurxxcqlanc077h79eym9mm4
bc1qw0hwnjcn240nt2y5jjy3ygc4t8e8dqf6cxv4ax,B,0.32151823,2026-07-30 01:32,bc1qc779m8gec84k3t0ffvu0pps94zheht7lr7ueyn,https://mempool.space/address/bc1qw0hwnjcn240nt2y5jjy3ygc4t8e8dqf6cxv4ax
bc1qxgdtsne508k9qamyp2r79tck3wlagcx3mvqs7l,A,0.32076776,2026-07-30 01:43,bc1qnk4zh9qcnap2mycp56qjrgza3cc8ylrh8fecp0,https://mempool.space/address/bc1qxgdtsne508k9qamyp2r79tck3wlagcx3mvqs7l
bc1q7ayy3877y8qtkp3ndem7ny7umz4dccm0l5md8n,C1,0.32042393,2026-07-30 01:10,bc1qdaarag7729c2n4l2wnyt3hkhfpcs66n98z7uuh,https://mempool.space/address/bc1q7ayy3877y8qtkp3ndem7ny7umz4dccm0l5md8n
bc1q9ws29zuvljamx869e7z4xlnah3fkw340y0uunf,B,0.32005876,2026-07-30 01:32,bc1qc779m8gec84k3t0ffvu0pps94zheht7lr7ueyn,https://mempool.space/address/bc1q9ws29zuvljamx869e7z4xlnah3fkw340y0uunf
bc1qmmg7ck257gddu62dcd66txgdxmp7j8mdwwwj80,B,0.31964402,2026-07-30 01:32,bc1qc779m8gec84k3t0ffvu0pps94zheht7lr7ueyn,https://mempool.space/address/bc1qmmg7ck257gddu62dcd66txgdxmp7j8mdwwwj80
bc1qgts890qkmggx5xks3gxgnrlgm0s26vhp0l4hq0,B,0.31836850,2026-07-30 01:32,bc1qc779m8gec84k3t0ffvu0pps94zheht7lr7ueyn,https://mempool.space/address/bc1qgts890qkmggx5xks3gxgnrlgm0s26vhp0l4hq0
bc1q64l8w27ey8yz09vjh5rx832ke9gmrv2hdws80k,A,0.31706469,2026-07-30 01:43,bc1qnk4zh9qcnap2mycp56qjrgza3cc8ylrh8fecp0,https://mempool.space/address/bc1q64l8w27ey8yz09vjh5rx832ke9gmrv2hdws80k
bc1qulu54e0q7fctyknj3sr70m2z3ezdhy8v0nghyl,A,0.31546528,2026-07-30 01:43,bc1qnk4zh9qcnap2mycp56qjrgza3cc8ylrh8fecp0,https://mempool.space/address/bc1qulu54e0q7fctyknj3sr70m2z3ezdhy8v0nghyl
bc1q2hqm9xjlq06fytjqw3a9824nspsc62fvya0zcn,B,0.31513874,2026-07-30 01:32,bc1qc779m8gec84k3t0ffvu0pps94zheht7lr7ueyn,https://mempool.space/address/bc1q2hqm9xjlq06fytjqw3a9824nspsc62fvya0zcn
bc1qp53td6qtcqhjdufeqsapganeq43t6fgr3jd8k7,A,0.31494944,2026-07-30 01:43,bc1qnk4zh9qcnap2mycp56qjrgza3cc8ylrh8fecp0,https://mempool.space/address/bc1qp53td6qtcqhjdufeqsapganeq43t6fgr3jd8k7
bc1qapgutqvs6ay3y3n0wj4ayeynhdpxqhdryyr89p,A,0.31398170,2026-07-30 01:43,bc1qnk4zh9qcnap2mycp56qjrgza3cc8ylrh8fecp0,https://mempool.space/address/bc1qapgutqvs6ay3y3n0wj4ayeynhdpxqhdryyr89p
bc1q2tpnqfu4t47260qpk3u9mur7w67wfaay254xcz,A,0.31344548,2026-07-30 01:43,bc1qnk4zh9qcnap2mycp56qjrgza3cc8ylrh8fecp0,https://mempool.space/address/bc1q2tpnqfu4t47260qpk3u9mur7w67wfaay254xcz
bc1qxl95n2xfmdrrpg6n9jkmx66cj92faxyq7wz5rt,B,0.31192756,2026-07-30 01:32,bc1qc779m8gec84k3t0ffvu0pps94zheht7lr7ueyn,https://mempool.space/address/bc1qxl95n2xfmdrrpg6n9jkmx66cj92faxyq7wz5rt
bc1qz3y4wxwmgklf92mgtxjnkqne8swhhgkpmmnmpe,A,0.31149028,2026-07-30 01:43,bc1qnk4zh9qcnap2mycp56qjrgza3cc8ylrh8fecp0,https://mempool.space/address/bc1qz3y4wxwmgklf92mgtxjnkqne8swhhgkpmmnmpe
bc1qc8zx8qfdm9zaj2jrne7nwwz46rdm8ewypx7arp,A,0.31121174,2026-07-30 01:43,bc1qnk4zh9qcnap2mycp56qjrgza3cc8ylrh8fecp0,https://mempool.space/address/bc1qc8zx8qfdm9zaj2jrne7nwwz46rdm8ewypx7arp
bc1qw6p09dhz6w4576txqyqjnwln9y0mlhu974w0zk,A,0.31080600,2026-07-30 01:43,bc1qnk4zh9qcnap2mycp56qjrgza3cc8ylrh8fecp0,https://mempool.space/address/bc1qw6p09dhz6w4576txqyqjnwln9y0mlhu974w0zk
bc1qv5mr6s5vltvfp9v9ncl6ntl00de4mpzetqazk4,A,0.31062400,2026-07-30 01:43,bc1qnk4zh9qcnap2mycp56qjrgza3cc8ylrh8fecp0,https://mempool.space/address/bc1qv5mr6s5vltvfp9v9ncl6ntl00de4mpzetqazk4
bc1q0jfs8yz3cju090quafhv4ydnpwqgkzv6vqwdt3,A,0.30992660,2026-07-30 01:43,bc1qnk4zh9qcnap2mycp56qjrgza3cc8ylrh8fecp0,https://mempool.space/address/bc1q0jfs8yz3cju090quafhv4ydnpwqgkzv6vqwdt3
bc1qfygsqwqalfrsq02a9mu2eaqyl7qv6nu4qse4nl,C1,0.30954909,2026-07-30 01:10,bc1qdaarag7729c2n4l2wnyt3hkhfpcs66n98z7uuh,https://mempool.space/address/bc1qfygsqwqalfrsq02a9mu2eaqyl7qv6nu4qse4nl
bc1qtedmdcmncmvdal55dt7yzc3jrk7gzug8pyn4cl,C1,0.30779179,2026-07-30 01:10,bc1qdaarag7729c2n4l2wnyt3hkhfpcs66n98z7uuh,https://mempool.space/address/bc1qtedmdcmncmvdal55dt7yzc3jrk7gzug8pyn4cl
bc1qg3xrjhezl6wryqvptkzlwpe5dk4ua3ea6e7jm8,A,0.30673500,2026-07-30 01:43,bc1qnk4zh9qcnap2mycp56qjrgza3cc8ylrh8fecp0,https://mempool.space/address/bc1qg3xrjhezl6wryqvptkzlwpe5dk4ua3ea6e7jm8
bc1qtu6j5wdynqs9umpccw7f76tq5yllcj246vrruu,A,0.30672742,2026-07-30 01:43,bc1qnk4zh9qcnap2mycp56qjrgza3cc8ylrh8fecp0,https://mempool.space/address/bc1qtu6j5wdynqs9umpccw7f76tq5yllcj246vrruu
bc1qwkwh43l78vvndfq64af6fkladdfkysarhps3dv,B,0.30636700,2026-07-30 01:32,bc1qc779m8gec84k3t0ffvu0pps94zheht7lr7ueyn,https://mempool.space/address/bc1qwkwh43l78vvndfq64af6fkladdfkysarhps3dv
bc1qjrh35awp9vuag57d3qyulf89cgwar5js6vvs25,A,0.30596300,2026-07-30 01:43,bc1qnk4zh9qcnap2mycp56qjrgza3cc8ylrh8fecp0,https://mempool.space/address/bc1qjrh35awp9vuag57d3qyulf89cgwar5js6vvs25
bc1qsfayffqqa4wnxg37yqlxpckdtsvv5g2tzpxkya,C1,0.30565691,2026-07-30 01:10,bc1qdaarag7729c2n4l2wnyt3hkhfpcs66n98z7uuh,https://mempool.space/address/bc1qsfayffqqa4wnxg37yqlxpckdtsvv5g2tzpxkya
bc1qglqjercdvfalxfd6ech5eks6wkvntspuvvevtk,A,0.30547319,2026-07-30 01:43,bc1qnk4zh9qcnap2mycp56qjrgza3cc8ylrh8fecp0,https://mempool.space/address/bc1qglqjercdvfalxfd6ech5eks6wkvntspuvvevtk
bc1qzlw2nsg3q5qj7r6s8ejkxyre4hvsvmqr57unjt,A,0.30424777,2026-07-30 01:43,bc1qnk4zh9qcnap2mycp56qjrgza3cc8ylrh8fecp0,https://mempool.space/address/bc1qzlw2nsg3q5qj7r6s8ejkxyre4hvsvmqr57unjt
bc1qqdz9g08gf7a82cpf7reeerffusq869kgysxmx8,A,0.30407472,2026-07-30 01:43,bc1qnk4zh9qcnap2mycp56qjrgza3cc8ylrh8fecp0,https://mempool.space/address/bc1qqdz9g08gf7a82cpf7reeerffusq869kgysxmx8
bc1q7nd3uw8gq4ue9q62knkej8ame5nl38xlmc8t5w,B,0.30061700,2026-07-30 01:32,bc1qc779m8gec84k3t0ffvu0pps94zheht7lr7ueyn,https://mempool.space/address/bc1q7nd3uw8gq4ue9q62knkej8ame5nl38xlmc8t5w
bc1q5ctnrc8q5fuz9g8yf3nex2tenr3hs2d90qjqyu,A,0.30024872,2026-07-30 01:43,bc1qnk4zh9qcnap2mycp56qjrgza3cc8ylrh8fecp0,https://mempool.space/address/bc1q5ctnrc8q5fuz9g8yf3nex2tenr3hs2d90qjqyu
bc1qftezgyjt8t0su5w7kkfq44kst9edsp6txwmll9,B,0.29996700,2026-07-30 01:32,bc1qc779m8gec84k3t0ffvu0pps94zheht7lr7ueyn,https://mempool.space/address/bc1qftezgyjt8t0su5w7kkfq44kst9edsp6txwmll9
bc1qpxnu35xhqnksz30c6x3j7rzl3tn5cca0e7jyt3,B,0.29996700,2026-07-30 01:32,bc1qc779m8gec84k3t0ffvu0pps94zheht7lr7ueyn,https://mempool.space/address/bc1qpxnu35xhqnksz30c6x3j7rzl3tn5cca0e7jyt3
bc1q80d3vntqjrde0yvdnwcnsy02pm3z3hyr3xkh6d,B,0.29996700,2026-07-30 01:32,bc1qc779m8gec84k3t0ffvu0pps94zheht7lr7ueyn,https://mempool.space/address/bc1q80d3vntqjrde0yvdnwcnsy02pm3z3hyr3xkh6d
bc1qqdlldjnfkw66pkvszvuak23epsqtdn6r007cl7,B,0.29996700,2026-07-30 01:32,bc1qc779m8gec84k3t0ffvu0pps94zheht7lr7ueyn,https://mempool.space/address/bc1qqdlldjnfkw66pkvszvuak23epsqtdn6r007cl7
bc1q0lksj6hgd7e5g3e2jupeh7m4n9nl3d5amv3ulr,B,0.29996700,2026-07-30 01:32,bc1qc779m8gec84k3t0ffvu0pps94zheht7lr7ueyn,https://mempool.space/address/bc1q0lksj6hgd7e5g3e2jupeh7m4n9nl3d5amv3ulr
bc1qd9z85qm8yayhyutkxy968l58qhwys6yvlqt0u9,B,0.29996700,2026-07-30 01:32,bc1qc779m8gec84k3t0ffvu0pps94zheht7lr7ueyn,https://mempool.space/address/bc1qd9z85qm8yayhyutkxy968l58qhwys6yvlqt0u9
bc1qqzvr3v0ehjc4l7cv69q8h23ytcflv65q4jagac,A,0.29994700,2026-07-30 01:43,bc1qnk4zh9qcnap2mycp56qjrgza3cc8ylrh8fecp0,https://mempool.space/address/bc1qqzvr3v0ehjc4l7cv69q8h23ytcflv65q4jagac
bc1qt3erfy0nx5268fyjjywht33nxkac62kq2k0xe6,A,0.29927815,2026-07-30 01:43,bc1qnk4zh9qcnap2mycp56qjrgza3cc8ylrh8fecp0,https://mempool.space/address/bc1qt3erfy0nx5268fyjjywht33nxkac62kq2k0xe6
bc1q48l8m8mnwll9ttmr79w39shlxtr4ztq9eft7u6,A,0.29926112,2026-07-30 01:43,bc1qnk4zh9qcnap2mycp56qjrgza3cc8ylrh8fecp0,https://mempool.space/address/bc1q48l8m8mnwll9ttmr79w39shlxtr4ztq9eft7u6
bc1q9wm37s5reazzd3hgc6ykseqg94ff99es5vlx49,B,0.29921700,2026-07-30 01:32,bc1qc779m8gec84k3t0ffvu0pps94zheht7lr7ueyn,https://mempool.space/address/bc1q9wm37s5reazzd3hgc6ykseqg94ff99es5vlx49
bc1q4zyyzgltpek7mkl03kuwzd7yduhyk6er36kwa2,A,0.29874856,2026-07-30 01:43,bc1qnk4zh9qcnap2mycp56qjrgza3cc8ylrh8fecp0,https://mempool.space/address/bc1q4zyyzgltpek7mkl03kuwzd7yduhyk6er36kwa2
bc1qg2ks5tss8d8wvw4gfg2g9rch0urdlhz02fxgqn,A,0.29618981,2026-07-30 01:43,bc1qnk4zh9qcnap2mycp56qjrgza3cc8ylrh8fecp0,https://mempool.space/address/bc1qg2ks5tss8d8wvw4gfg2g9rch0urdlhz02fxgqn
bc1q3msh0yrcq28k6kulvt00e7ymnrwdgsqjcht4ae,A,0.29608148,2026-07-30 01:43,bc1qnk4zh9qcnap2mycp56qjrgza3cc8ylrh8fecp0,https://mempool.space/address/bc1q3msh0yrcq28k6kulvt00e7ymnrwdgsqjcht4ae
bc1qxvtpy5vumkjyqqp98ln8qfdr8g3t4d45undume,A,0.29597453,2026-07-30 01:43,bc1qnk4zh9qcnap2mycp56qjrgza3cc8ylrh8fecp0,https://mempool.space/address/bc1qxvtpy5vumkjyqqp98ln8qfdr8g3t4d45undume
bc1q34y2q26rttdehw6u46ak6edpgph3ut25yv24ag,B,0.29457538,2026-07-30 01:32,bc1qc779m8gec84k3t0ffvu0pps94zheht7lr7ueyn,https://mempool.space/address/bc1q34y2q26rttdehw6u46ak6edpgph3ut25yv24ag
bc1qnm8223tkwdgsa9j76nqls9tgg5vcu9jrtp02em,A,0.29436700,2026-07-30 01:43,bc1qnk4zh9qcnap2mycp56qjrgza3cc8ylrh8fecp0,https://mempool.space/address/bc1qnm8223tkwdgsa9j76nqls9tgg5vcu9jrtp02em
bc1qjtydlg5tjgxxexygs5vf9sal8gwqjud0y4q35v,B,0.29334622,2026-07-30 01:32,bc1qc779m8gec84k3t0ffvu0pps94zheht7lr7ueyn,https://mempool.space/address/bc1qjtydlg5tjgxxexygs5vf9sal8gwqjud0y4q35v
bc1q46aktv3mmu3pzxj7yvqmfvlfdxp0h2vng7xw5g,B,0.29326988,2026-07-30 01:32,bc1qc779m8gec84k3t0ffvu0pps94zheht7lr7ueyn,https://mempool.space/address/bc1q46aktv3mmu3pzxj7yvqmfvlfdxp0h2vng7xw5g
bc1qqm92tj5n4k26wjtu4pyw49tjj0cww5dtv3g57s,A,0.29296700,2026-07-30 01:43,bc1qnk4zh9qcnap2mycp56qjrgza3cc8ylrh8fecp0,https://mempool.space/address/bc1qqm92tj5n4k26wjtu4pyw49tjj0cww5dtv3g57s
bc1q2g65zzaydkxrq9ws9fg633wjcg5rxtddxq80ku,A,0.29116700,2026-07-30 01:43,bc1qnk4zh9qcnap2mycp56qjrgza3cc8ylrh8fecp0,https://mempool.space/address/bc1q2g65zzaydkxrq9ws9fg633wjcg5rxtddxq80ku
bc1qvczj07d4ycmrumc2yjygvxhutnz8pclzqycc43,A,0.29033815,2026-07-30 01:43,bc1qnk4zh9qcnap2mycp56qjrgza3cc8ylrh8fecp0,https://mempool.space/address/bc1qvczj07d4ycmrumc2yjygvxhutnz8pclzqycc43
bc1qc27awf8yj6y3qpcmldkukfm7vujlhjxdssspqw,A,0.28494314,2026-07-30 01:43,bc1qnk4zh9qcnap2mycp56qjrgza3cc8ylrh8fecp0,https://mempool.space/address/bc1qc27awf8yj6y3qpcmldkukfm7vujlhjxdssspqw
bc1qmh0uw9l2rjenqhlqgq9cg3wwg9h48xgs7tqndp,A,0.28052660,2026-07-30 01:43,bc1qnk4zh9qcnap2mycp56qjrgza3cc8ylrh8fecp0,https://mempool.space/address/bc1qmh0uw9l2rjenqhlqgq9cg3wwg9h48xgs7tqndp
bc1q6xagquc3lz62r2d48xckujxljwg26gzp720hua,A,0.27995806,2026-07-30 01:43,bc1qnk4zh9qcnap2mycp56qjrgza3cc8ylrh8fecp0,https://mempool.space/address/bc1q6xagquc3lz62r2d48xckujxljwg26gzp720hua
bc1q7tttxh7t55deuk4lelawxqv9t3wmrt7wlke4r0,A,0.27972600,2026-07-30 01:43,bc1qnk4zh9qcnap2mycp56qjrgza3cc8ylrh8fecp0,https://mempool.space/address/bc1q7tttxh7t55deuk4lelawxqv9t3wmrt7wlke4r0
bc1qxzw46pdumrz4un5694pq5yu8s4lhdt5rzqtfkh,B,0.27970368,2026-07-30 01:32,bc1qc779m8gec84k3t0ffvu0pps94zheht7lr7ueyn,https://mempool.space/address/bc1qxzw46pdumrz4un5694pq5yu8s4lhdt5rzqtfkh
bc1qhm8ptxsx00ycy74nhl558v8u3thvlwlh6pmqfv,A,0.27933700,2026-07-30 01:43,bc1qnk4zh9qcnap2mycp56qjrgza3cc8ylrh8fecp0,https://mempool.space/address/bc1qhm8ptxsx00ycy74nhl558v8u3thvlwlh6pmqfv
bc1qsz2svuqzqxux5nfsm0p8wzl55c4yc7krfrhjnd,A,0.27932721,2026-07-30 01:43,bc1qnk4zh9qcnap2mycp56qjrgza3cc8ylrh8fecp0,https://mempool.space/address/bc1qsz2svuqzqxux5nfsm0p8wzl55c4yc7krfrhjnd
bc1qxflxcgry7twyt566qhjw43xj9vpfnd5gamk7wq,B,0.27670621,2026-07-30 01:32,bc1qc779m8gec84k3t0ffvu0pps94zheht7lr7ueyn,https://mempool.space/address/bc1qxflxcgry7twyt566qhjw43xj9vpfnd5gamk7wq
bc1qt888hm2vrk3s8qpqhgn05d87kxrda9svu7s2nm,A,0.27536648,2026-07-30 01:43,bc1qnk4zh9qcnap2mycp56qjrgza3cc8ylrh8fecp0,https://mempool.space/address/bc1qt888hm2vrk3s8qpqhgn05d87kxrda9svu7s2nm
bc1qs8pfn9t0cpetdh0fm8da4aper32g6a8naz7jkf,A,0.27377352,2026-07-30 01:43,bc1qnk4zh9qcnap2mycp56qjrgza3cc8ylrh8fecp0,https://mempool.space/address/bc1qs8pfn9t0cpetdh0fm8da4aper32g6a8naz7jkf
bc1qzqney5k3c3quamanud4g0dlac5ks06szxvxwlg,B,0.27276888,2026-07-30 01:32,bc1qc779m8gec84k3t0ffvu0pps94zheht7lr7ueyn,https://mempool.space/address/bc1qzqney5k3c3quamanud4g0dlac5ks06szxvxwlg
bc1qa7l90gj4w3mwdd276yfc47dhhmrmyv5xrle3j4,B,0.27175611,2026-07-30 01:32,bc1qc779m8gec84k3t0ffvu0pps94zheht7lr7ueyn,https://mempool.space/address/bc1qa7l90gj4w3mwdd276yfc47dhhmrmyv5xrle3j4
bc1q3tuuk4pw72nqdeazfq5x7eux0l58n85926ghlt,C1,0.27076870,2026-07-30 01:10,bc1qdaarag7729c2n4l2wnyt3hkhfpcs66n98z7uuh,https://mempool.space/address/bc1q3tuuk4pw72nqdeazfq5x7eux0l58n85926ghlt
bc1qe5y72zn5fjrwue5a62fjqk9vjsta5g5hd3zwve,A,0.27076380,2026-07-30 01:43,bc1qnk4zh9qcnap2mycp56qjrgza3cc8ylrh8fecp0,https://mempool.space/address/bc1qe5y72zn5fjrwue5a62fjqk9vjsta5g5hd3zwve
bc1qr43n89l958smj69y8sqnr26mxy5y46v9q29eka,B,0.26998631,2026-07-30 01:32,bc1qc779m8gec84k3t0ffvu0pps94zheht7lr7ueyn,https://mempool.space/address/bc1qr43n89l958smj69y8sqnr26mxy5y46v9q29eka
bc1qpfydvc0yejcfw64dgqcm4rykz9qd5f6394hpfc,A,0.26996700,2026-07-30 01:43,bc1qnk4zh9qcnap2mycp56qjrgza3cc8ylrh8fecp0,https://mempool.space/address/bc1qpfydvc0yejcfw64dgqcm4rykz9qd5f6394hpfc
bc1qzjdz83y7srykux4ssescaf37wfjc6s7fd5zqz5,A,0.26994047,2026-07-30 01:43,bc1qnk4zh9qcnap2mycp56qjrgza3cc8ylrh8fecp0,https://mempool.space/address/bc1qzjdz83y7srykux4ssescaf37wfjc6s7fd5zqz5
bc1qftlg2nkcs30vkxtqw6t3lsdavme7tlxnqs0s5x,A,0.26992620,2026-07-30 01:43,bc1qnk4zh9qcnap2mycp56qjrgza3cc8ylrh8fecp0,https://mempool.space/address/bc1qftlg2nkcs30vkxtqw6t3lsdavme7tlxnqs0s5x
bc1q9p6fagf8rp72tdatx33t42je3fzqlartgg7p4e,B,0.26938700,2026-07-30 01:32,bc1qc779m8gec84k3t0ffvu0pps94zheht7lr7ueyn,https://mempool.space/address/bc1q9p6fagf8rp72tdatx33t42je3fzqlartgg7p4e
bc1qa3kxnyklnk95wxesppqjemvr52fe4y3fghd3vk,B,0.26887593,2026-07-30 01:32,bc1qc779m8gec84k3t0ffvu0pps94zheht7lr7ueyn,https://mempool.space/address/bc1qa3kxnyklnk95wxesppqjemvr52fe4y3fghd3vk
bc1qrz3mzye4uk74022cjf7uw4vcvedu95a5a9k89a,B,0.26833602,2026-07-30 01:32,bc1qc779m8gec84k3t0ffvu0pps94zheht7lr7ueyn,https://mempool.space/address/bc1qrz3mzye4uk74022cjf7uw4vcvedu95a5a9k89a
bc1qsr2rw3lmmrw236mgqr93c4h0zeczl3lnra59a4,A,0.26681534,2026-07-30 01:43,bc1qnk4zh9qcnap2mycp56qjrgza3cc8ylrh8fecp0,https://mempool.space/address/bc1qsr2rw3lmmrw236mgqr93c4h0zeczl3lnra59a4
bc1q3xw7tmdrua8jsn70rddsklx9q2w3dzhzxedume,B,0.26669021,2026-07-30 01:32,bc1qc779m8gec84k3t0ffvu0pps94zheht7lr7ueyn,https://mempool.space/address/bc1q3xw7tmdrua8jsn70rddsklx9q2w3dzhzxedume
bc1q9swzgq9lnt897vq970ftl0cjxktlqhgz5hn6y5,A,0.26605690,2026-07-30 01:43,bc1qnk4zh9qcnap2mycp56qjrgza3cc8ylrh8fecp0,https://mempool.space/address/bc1q9swzgq9lnt897vq970ftl0cjxktlqhgz5hn6y5
bc1qp5mxxpnmegkt37mhln5t5fpsmxeeu0ee9uh5rf,A,0.26586035,2026-07-30 01:43,bc1qnk4zh9qcnap2mycp56qjrgza3cc8ylrh8fecp0,https://mempool.space/address/bc1qp5mxxpnmegkt37mhln5t5fpsmxeeu0ee9uh5rf
bc1q2ncncn8qmckk6f5c8cqhvzuw8gyjvyqmxyucd0,B,0.26473988,2026-07-30 01:32,bc1qc779m8gec84k3t0ffvu0pps94zheht7lr7ueyn,https://mempool.space/address/bc1q2ncncn8qmckk6f5c8cqhvzuw8gyjvyqmxyucd0
bc1qcpma79z9htw8nphdn75kktgps00eleczzthegd,A,0.26275492,2026-07-30 01:43,bc1qnk4zh9qcnap2mycp56qjrgza3cc8ylrh8fecp0,https://mempool.space/address/bc1qcpma79z9htw8nphdn75kktgps00eleczzthegd
bc1qhma0h2nx44qu5rgky2sm5dpyejye930vql99z8,A,0.26236531,2026-07-30 01:43,bc1qnk4zh9qcnap2mycp56qjrgza3cc8ylrh8fecp0,https://mempool.space/address/bc1qhma0h2nx44qu5rgky2sm5dpyejye930vql99z8
bc1qm8l95x607qxjyr45yxsgvkewqxfelz4v054tt8,B,0.26162900,2026-07-30 01:32,bc1qc779m8gec84k3t0ffvu0pps94zheht7lr7ueyn,https://mempool.space/address/bc1qm8l95x607qxjyr45yxsgvkewqxfelz4v054tt8
bc1qdxcyquvs5yc32asfzzgrgdnagslzelkw6sz7c6,A,0.26046700,2026-07-30 01:43,bc1qnk4zh9qcnap2mycp56qjrgza3cc8ylrh8fecp0,https://mempool.space/address/bc1qdxcyquvs5yc32asfzzgrgdnagslzelkw6sz7c6
bc1qw9klyl0t6n6jxlfdycy0agftpn2cklq79y7m9f,B,0.26013589,2026-07-30 01:32,bc1qc779m8gec84k3t0ffvu0pps94zheht7lr7ueyn,https://mempool.space/address/bc1qw9klyl0t6n6jxlfdycy0agftpn2cklq79y7m9f
bc1qsj36xa9l5rskxkrdvu9uev6689uhtl5txrqft6,B,0.25967680,2026-07-30 01:32,bc1qc779m8gec84k3t0ffvu0pps94zheht7lr7ueyn,https://mempool.space/address/bc1qsj36xa9l5rskxkrdvu9uev6689uhtl5txrqft6
bc1qe9nux702z3w52fj3yrpvug4maplga9a0u5prqh,A,0.25854236,2026-07-30 01:43,bc1qnk4zh9qcnap2mycp56qjrgza3cc8ylrh8fecp0,https://mempool.space/address/bc1qe9nux702z3w52fj3yrpvug4maplga9a0u5prqh
bc1q03gmpqzvusydtnlf5jszvh4k4duqs6slcnzv7m,A,0.25641790,2026-07-30 01:43,bc1qnk4zh9qcnap2mycp56qjrgza3cc8ylrh8fecp0,https://mempool.space/address/bc1q03gmpqzvusydtnlf5jszvh4k4duqs6slcnzv7m
bc1q4r9erc0ktwm379fqx3ss27ge80lv4aju5vesuf,B,0.25585040,2026-07-30 01:32,bc1qc779m8gec84k3t0ffvu0pps94zheht7lr7ueyn,https://mempool.space/address/bc1q4r9erc0ktwm379fqx3ss27ge80lv4aju5vesuf
bc1qn3j370pwadnm67uxm7520fg0a4dl3skum8lczh,A,0.25406700,2026-07-30 01:51,bc1qnk4zh9qcnap2mycp56qjrgza3cc8ylrh8fecp0,https://mempool.space/address/bc1qn3j370pwadnm67uxm7520fg0a4dl3skum8lczh
bc1q9k7ne9pz0m799m6l6kkr0jteep2h0y6np2yg5e,A,0.25383960,2026-07-30 01:51,bc1qnk4zh9qcnap2mycp56qjrgza3cc8ylrh8fecp0,https://mempool.space/address/bc1q9k7ne9pz0m799m6l6kkr0jteep2h0y6np2yg5e
bc1qqx9yyrkdjgvpc6gx8czp6jrzhs9l5lpmwphcw5,A,0.25379227,2026-07-30 01:51,bc1qnk4zh9qcnap2mycp56qjrgza3cc8ylrh8fecp0,https://mempool.space/address/bc1qqx9yyrkdjgvpc6gx8czp6jrzhs9l5lpmwphcw5
bc1qa2cvpseqtppjf7k5y95mzumfvyqzj56tjhq63s,A,0.25286518,2026-07-30 01:51,bc1qnk4zh9qcnap2mycp56qjrgza3cc8ylrh8fecp0,https://mempool.space/address/bc1qa2cvpseqtppjf7k5y95mzumfvyqzj56tjhq63s
bc1qe85slggzgt8p9aedg2csu4ag8lm2422wq4q6dy,A,0.25277562,2026-07-30 01:51,bc1qnk4zh9qcnap2mycp56qjrgza3cc8ylrh8fecp0,https://mempool.space/address/bc1qe85slggzgt8p9aedg2csu4ag8lm2422wq4q6dy
bc1qf3js7vuw2tz68yrkaj4nz8yx4mnde99u9g2jzj,A,0.25270721,2026-07-30 01:51,bc1qnk4zh9qcnap2mycp56qjrgza3cc8ylrh8fecp0,https://mempool.space/address/bc1qf3js7vuw2tz68yrkaj4nz8yx4mnde99u9g2jzj
bc1q8xanje6dm8vs9hq3kefux6yn3ve3juxc07al4m,B,0.25217076,2026-07-30 01:32,bc1qc779m8gec84k3t0ffvu0pps94zheht7lr7ueyn,https://mempool.space/address/bc1q8xanje6dm8vs9hq3kefux6yn3ve3juxc07al4m
bc1q8l52jk37fdmvskv7v3z7qcp6ks46vr6d7t97g8,A,0.25203600,2026-07-30 01:51,bc1qnk4zh9qcnap2mycp56qjrgza3cc8ylrh8fecp0,https://mempool.space/address/bc1q8l52jk37fdmvskv7v3z7qcp6ks46vr6d7t97g8
bc1qdfm9w7f4gjk0kn9xv45af92rxftulzt73zgptw,B,0.25096700,2026-07-30 01:32,bc1qc779m8gec84k3t0ffvu0pps94zheht7lr7ueyn,https://mempool.space/address/bc1qdfm9w7f4gjk0kn9xv45af92rxftulzt73zgptw
bc1qr5xs6tc78mr7crnkxz0dna8tcmgcuhnyspy36j,A,0.25068544,2026-07-30 01:51,bc1qnk4zh9qcnap2mycp56qjrgza3cc8ylrh8fecp0,https://mempool.space/address/bc1qr5xs6tc78mr7crnkxz0dna8tcmgcuhnyspy36j
bc1qcst99qs32670kyjeyc5umxqyv7f05th8af6heu,A,0.24996700,2026-07-30 01:51,bc1qnk4zh9qcnap2mycp56qjrgza3cc8ylrh8fecp0,https://mempool.space/address/bc1qcst99qs32670kyjeyc5umxqyv7f05th8af6heu
bc1qvd6sgzdm2ktmdpdnmmfe26776r7q0qp97py0xa,A,0.24996700,2026-07-30 01:51,bc1qnk4zh9qcnap2mycp56qjrgza3cc8ylrh8fecp0,https://mempool.space/address/bc1qvd6sgzdm2ktmdpdnmmfe26776r7q0qp97py0xa
bc1qyxzcaggx46hxe2dzqvd5weyx79le8p2twthsy8,A,0.24996700,2026-07-30 01:51,bc1qnk4zh9qcnap2mycp56qjrgza3cc8ylrh8fecp0,https://mempool.space/address/bc1qyxzcaggx46hxe2dzqvd5weyx79le8p2twthsy8
bc1q26ak80v4ff3dkj8gf5un9r09f4raafzd4stw05,A,0.24996700,2026-07-30 01:51,bc1qnk4zh9qcnap2mycp56qjrgza3cc8ylrh8fecp0,https://mempool.space/address/bc1q26ak80v4ff3dkj8gf5un9r09f4raafzd4stw05
bc1qaa89s8dm4k4rerxhzlulcepd6fe5099sgz0c4t,A,0.24996700,2026-07-30 01:51,bc1qnk4zh9qcnap2mycp56qjrgza3cc8ylrh8fecp0,https://mempool.space/address/bc1qaa89s8dm4k4rerxhzlulcepd6fe5099sgz0c4t
bc1qvqpsdkzvyck3y42yzfyyzraakmj2g4hvv5qurt,A,0.24996300,2026-07-30 01:51,bc1qnk4zh9qcnap2mycp56qjrgza3cc8ylrh8fecp0,https://mempool.space/address/bc1qvqpsdkzvyck3y42yzfyyzraakmj2g4hvv5qurt
bc1qftq5shhz53gzw9uhk3w3tsvgrf64vfdz00kafq,A,0.24995725,2026-07-30 01:51,bc1qnk4zh9qcnap2mycp56qjrgza3cc8ylrh8fecp0,https://mempool.space/address/bc1qftq5shhz53gzw9uhk3w3tsvgrf64vfdz00kafq
bc1qevv329s63wemk7hpzl524kv5uv6u52gysmlnwc,A,0.24995725,2026-07-30 01:51,bc1qnk4zh9qcnap2mycp56qjrgza3cc8ylrh8fecp0,https://mempool.space/address/bc1qevv329s63wemk7hpzl524kv5uv6u52gysmlnwc
bc1q0m9ku90v32e8n7w4my7azn2j553gju4yrhpe3j,A,0.24994700,2026-07-30 01:51,bc1qnk4zh9qcnap2mycp56qjrgza3cc8ylrh8fecp0,https://mempool.space/address/bc1q0m9ku90v32e8n7w4my7azn2j553gju4yrhpe3j
bc1qq9frq75ctzdx4l8rn4ylc9kvsu794g8yzepz6s,A,0.24990245,2026-07-30 01:51,bc1qnk4zh9qcnap2mycp56qjrgza3cc8ylrh8fecp0,https://mempool.space/address/bc1qq9frq75ctzdx4l8rn4ylc9kvsu794g8yzepz6s
bc1qcdtd9cszw2hzvw8tqpup8k455w9ja43raxs0ln,B,0.24971722,2026-07-30 01:32,bc1qc779m8gec84k3t0ffvu0pps94zheht7lr7ueyn,https://mempool.space/address/bc1qcdtd9cszw2hzvw8tqpup8k455w9ja43raxs0ln
bc1qulv4wzdu46pgfkrmq05r08jd0ca4gyqcs0rjsk,B,0.24938042,2026-07-30 01:32,bc1qc779m8gec84k3t0ffvu0pps94zheht7lr7ueyn,https://mempool.space/address/bc1qulv4wzdu46pgfkrmq05r08jd0ca4gyqcs0rjsk
bc1q6v5apec7ma6xuv6zfrnhl2498nhs03c7t8rtz6,B,0.24883407,2026-07-30 01:32,bc1qc779m8gec84k3t0ffvu0pps94zheht7lr7ueyn,https://mempool.space/address/bc1q6v5apec7ma6xuv6zfrnhl2498nhs03c7t8rtz6
bc1qh9d5ndu393kles2a9pzn74852vl4yg6q2gx7zu,B,0.24873500,2026-07-30 01:32,bc1qc779m8gec84k3t0ffvu0pps94zheht7lr7ueyn,https://mempool.space/address/bc1qh9d5ndu393kles2a9pzn74852vl4yg6q2gx7zu
bc1qxytmkseeqd6pza9rcrk4nzzv9jp3e5k92s8e6x,A,0.24860016,2026-07-30 01:51,bc1qnk4zh9qcnap2mycp56qjrgza3cc8ylrh8fecp0,https://mempool.space/address/bc1qxytmkseeqd6pza9rcrk4nzzv9jp3e5k92s8e6x
bc1qej544s5f428seup6n80sem8m2s22lhzkudn3jy,A,0.24822869,2026-07-30 01:51,bc1qnk4zh9qcnap2mycp56qjrgza3cc8ylrh8fecp0,https://mempool.space/address/bc1qej544s5f428seup6n80sem8m2s22lhzkudn3jy
bc1qv6ga6q0uxlh29ny6at3hnzlse72yms83e8l66l,B,0.24813521,2026-07-30 01:32,bc1qc779m8gec84k3t0ffvu0pps94zheht7lr7ueyn,https://mempool.space/address/bc1qv6ga6q0uxlh29ny6at3hnzlse72yms83e8l66l
bc1q6mma333pdfrq4tlwk4pjshhyzczjxgq8jcyw0r,B,0.24621083,2026-07-30 01:32,bc1qc779m8gec84k3t0ffvu0pps94zheht7lr7ueyn,https://mempool.space/address/bc1q6mma333pdfrq4tlwk4pjshhyzczjxgq8jcyw0r
bc1qmjpm4s0d6h5rta9yk0hhdv50de0vptnmdaa9j3,B,0.24607325,2026-07-30 01:32,bc1qc779m8gec84k3t0ffvu0pps94zheht7lr7ueyn,https://mempool.space/address/bc1qmjpm4s0d6h5rta9yk0hhdv50de0vptnmdaa9j3
bc1quhu5r7fw4p8ln6eft66h6vgnjgk88x3csqf0hq,B,0.24558784,2026-07-30 01:32,bc1qc779m8gec84k3t0ffvu0pps94zheht7lr7ueyn,https://mempool.space/address/bc1quhu5r7fw4p8ln6eft66h6vgnjgk88x3csqf0hq
bc1q69j4wys4lu0c8gn0k8yl4xm3ern6j5lfvqkgny,A,0.24496261,2026-07-30 01:51,bc1qnk4zh9qcnap2mycp56qjrgza3cc8ylrh8fecp0,https://mempool.space/address/bc1q69j4wys4lu0c8gn0k8yl4xm3ern6j5lfvqkgny
bc1qxd8endrmqunzpnyfevwl5cnapms6x6ezr4arsd,B,0.24488365,2026-07-30 01:32,bc1qc779m8gec84k3t0ffvu0pps94zheht7lr7ueyn,https://mempool.space/address/bc1qxd8endrmqunzpnyfevwl5cnapms6x6ezr4arsd
bc1qum2jkdzh2zgfe3eh573r2q0qe7hv4d062r93mx,A,0.24433109,2026-07-30 01:51,bc1qnk4zh9qcnap2mycp56qjrgza3cc8ylrh8fecp0,https://mempool.space/address/bc1qum2jkdzh2zgfe3eh573r2q0qe7hv4d062r93mx
bc1quds7zvqumlk2924q3pw6jsqa9xl9uq7h3npm35,C1,0.24274929,2026-07-30 01:10,bc1qdaarag7729c2n4l2wnyt3hkhfpcs66n98z7uuh,https://mempool.space/address/bc1quds7zvqumlk2924q3pw6jsqa9xl9uq7h3npm35
bc1qu7su66ysd7q89fy6zepgaze77n7a5uw5dfgfnq,A,0.24250500,2026-07-30 01:51,bc1qnk4zh9qcnap2mycp56qjrgza3cc8ylrh8fecp0,https://mempool.space/address/bc1qu7su66ysd7q89fy6zepgaze77n7a5uw5dfgfnq
bc1qg6n4m0wnulkwv9665hlacxufnl6p3lr6863xxt,A,0.24127500,2026-07-30 01:51,bc1qnk4zh9qcnap2mycp56qjrgza3cc8ylrh8fecp0,https://mempool.space/address/bc1qg6n4m0wnulkwv9665hlacxufnl6p3lr6863xxt
bc1qpnkks520wwr0r2nw3nutyvw6my5vn5u6qkmafn,B,0.24029896,2026-07-30 01:32,bc1qc779m8gec84k3t0ffvu0pps94zheht7lr7ueyn,https://mempool.space/address/bc1qpnkks520wwr0r2nw3nutyvw6my5vn5u6qkmafn
bc1qwe4r5wzrtjrzqunlmmlpdtla89nsz09c8ejfgz,A,0.24008700,2026-07-30 01:51,bc1qnk4zh9qcnap2mycp56qjrgza3cc8ylrh8fecp0,https://mempool.space/address/bc1qwe4r5wzrtjrzqunlmmlpdtla89nsz09c8ejfgz
bc1qm4me3t2cyl65wyrpnayulgq4q7q4vkqxlqx0y6,A,0.23996700,2026-07-30 01:51,bc1qnk4zh9qcnap2mycp56qjrgza3cc8ylrh8fecp0,https://mempool.space/address/bc1qm4me3t2cyl65wyrpnayulgq4q7q4vkqxlqx0y6
bc1q62yl0gqz5gylvyne8ym9fnfjnsdp66kn0wt95x,A,0.23996700,2026-07-30 01:51,bc1qnk4zh9qcnap2mycp56qjrgza3cc8ylrh8fecp0,https://mempool.space/address/bc1q62yl0gqz5gylvyne8ym9fnfjnsdp66kn0wt95x
bc1qrfadkg5w24524t62qw2frz996z0c9nt5jjlw8f,A,0.23996700,2026-07-30 01:51,bc1qnk4zh9qcnap2mycp56qjrgza3cc8ylrh8fecp0,https://mempool.space/address/bc1qrfadkg5w24524t62qw2frz996z0c9nt5jjlw8f
bc1q6fmf8v353gzjgt48774dqgzyglqkwtyaggdrvf,A,0.23996700,2026-07-30 01:51,bc1qnk4zh9qcnap2mycp56qjrgza3cc8ylrh8fecp0,https://mempool.space/address/bc1q6fmf8v353gzjgt48774dqgzyglqkwtyaggdrvf
bc1qx0y2rxez8eh9y5ztm6qgvlt2gfncu9vaxv0np7,A,0.23996700,2026-07-30 01:51,bc1qnk4zh9qcnap2mycp56qjrgza3cc8ylrh8fecp0,https://mempool.space/address/bc1qx0y2rxez8eh9y5ztm6qgvlt2gfncu9vaxv0np7
bc1q0zh82neztm42wzqxn4vvcmmhlqnt65kxn5nda9,A,0.23996700,2026-07-30 01:51,bc1qnk4zh9qcnap2mycp56qjrgza3cc8ylrh8fecp0,https://mempool.space/address/bc1q0zh82neztm42wzqxn4vvcmmhlqnt65kxn5nda9
bc1qsmsfj6y7e4uhseje4pzh8tar4zg2vn74ksxkk3,A,0.23996700,2026-07-30 01:51,bc1qnk4zh9qcnap2mycp56qjrgza3cc8ylrh8fecp0,https://mempool.space/address/bc1qsmsfj6y7e4uhseje4pzh8tar4zg2vn74ksxkk3
bc1qjq9g937tgzkfm4whnancfrmmswjl7cygazlgf9,B,0.23996700,2026-07-30 01:32,bc1qc779m8gec84k3t0ffvu0pps94zheht7lr7ueyn,https://mempool.space/address/bc1qjq9g937tgzkfm4whnancfrmmswjl7cygazlgf9
bc1qzme8dtg4svdegfqqrmgfh2ddf2wrvpfk5ce3wv,A,0.23994700,2026-07-30 01:51,bc1qnk4zh9qcnap2mycp56qjrgza3cc8ylrh8fecp0,https://mempool.space/address/bc1qzme8dtg4svdegfqqrmgfh2ddf2wrvpfk5ce3wv
bc1q6q5mqfpg7pqvnc3nsumq0mux77hz8ry0lkg6nk,A,0.23994700,2026-07-30 01:51,bc1qnk4zh9qcnap2mycp56qjrgza3cc8ylrh8fecp0,https://mempool.space/address/bc1q6q5mqfpg7pqvnc3nsumq0mux77hz8ry0lkg6nk
bc1qf9kqaapkduxsfcmreq3q73nztl8rjmq4ah2yz6,A,0.23994700,2026-07-30 01:51,bc1qnk4zh9qcnap2mycp56qjrgza3cc8ylrh8fecp0,https://mempool.space/address/bc1qf9kqaapkduxsfcmreq3q73nztl8rjmq4ah2yz6
bc1qngc7p7xny0x3emtwp6mrkyqgwjaf0znpn3jj9t,A,0.23976686,2026-07-30 01:51,bc1qnk4zh9qcnap2mycp56qjrgza3cc8ylrh8fecp0,https://mempool.space/address/bc1qngc7p7xny0x3emtwp6mrkyqgwjaf0znpn3jj9t
bc1qkx9vw4lk2sn8sexu25q4frq04nrfw7hwrrquku,B,0.23921700,2026-07-30 01:32,bc1qc779m8gec84k3t0ffvu0pps94zheht7lr7ueyn,https://mempool.space/address/bc1qkx9vw4lk2sn8sexu25q4frq04nrfw7hwrrquku
bc1q6vxkgqarahg9ktx2mkraj3fe504c9qfkzr5wvg,B,0.23857400,2026-07-30 01:32,bc1qc779m8gec84k3t0ffvu0pps94zheht7lr7ueyn,https://mempool.space/address/bc1q6vxkgqarahg9ktx2mkraj3fe504c9qfkzr5wvg
bc1q5tag2qvzndzutecs56hzx6ykmy7t7zzl4qux4s,A,0.23836700,2026-07-30 01:51,bc1qnk4zh9qcnap2mycp56qjrgza3cc8ylrh8fecp0,https://mempool.space/address/bc1q5tag2qvzndzutecs56hzx6ykmy7t7zzl4qux4s
bc1q9atjn6ql5p3csu9dsktrch5sysc2lnetl6dueq,A,0.23699531,2026-07-30 01:51,bc1qnk4zh9qcnap2mycp56qjrgza3cc8ylrh8fecp0,https://mempool.space/address/bc1q9atjn6ql5p3csu9dsktrch5sysc2lnetl6dueq
bc1q0z7jht45cyxp7mxzsw7ydsupl2psqua6q3qaa2,B,0.23599639,2026-07-30 01:32,bc1qc779m8gec84k3t0ffvu0pps94zheht7lr7ueyn,https://mempool.space/address/bc1q0z7jht45cyxp7mxzsw7ydsupl2psqua6q3qaa2
bc1qq96elxglxqt8vxhz86qxy5m6fyqclnu58q40gp,B,0.23396700,2026-07-30 01:32,bc1qc779m8gec84k3t0ffvu0pps94zheht7lr7ueyn,https://mempool.space/address/bc1qq96elxglxqt8vxhz86qxy5m6fyqclnu58q40gp
bc1qjk3r93m99r6un6hw4agpvnazg377mmhyauwp2v,B,0.22845839,2026-07-30 01:32,bc1qc779m8gec84k3t0ffvu0pps94zheht7lr7ueyn,https://mempool.space/address/bc1qjk3r93m99r6un6hw4agpvnazg377mmhyauwp2v
bc1q5v0gl35zjfwrtkgzgpktydc8hnum0dr7z938c2,A,0.22823547,2026-07-30 01:51,bc1qnk4zh9qcnap2mycp56qjrgza3cc8ylrh8fecp0,https://mempool.space/address/bc1q5v0gl35zjfwrtkgzgpktydc8hnum0dr7z938c2
bc1qegmwav9p4fcee6nehyk66h97vxs39h4rxs67wa,A,0.22811629,2026-07-30 01:51,bc1qnk4zh9qcnap2mycp56qjrgza3cc8ylrh8fecp0,https://mempool.space/address/bc1qegmwav9p4fcee6nehyk66h97vxs39h4rxs67wa
bc1q5uu026mn99qgllu25xld7lfqnfygu96e3erv2n,A,0.22810938,2026-07-30 01:51,bc1qnk4zh9qcnap2mycp56qjrgza3cc8ylrh8fecp0,https://mempool.space/address/bc1q5uu026mn99qgllu25xld7lfqnfygu96e3erv2n
bc1qn838svgxxkt6seadahv36s4vzujrqagp4tlh86,A,0.22809771,2026-07-30 01:51,bc1qnk4zh9qcnap2mycp56qjrgza3cc8ylrh8fecp0,https://mempool.space/address/bc1qn838svgxxkt6seadahv36s4vzujrqagp4tlh86
bc1qwpepquw290qh5v2vk265rckpqlfq6h9wm2l6pu,A,0.22776054,2026-07-30 01:51,bc1qnk4zh9qcnap2mycp56qjrgza3cc8ylrh8fecp0,https://mempool.space/address/bc1qwpepquw290qh5v2vk265rckpqlfq6h9wm2l6pu
bc1qrc4ys5vpy8mrt2x0fpxlt8x4jqfsp3jw5c4wrj,B,0.22728301,2026-07-30 01:32,bc1qc779m8gec84k3t0ffvu0pps94zheht7lr7ueyn,https://mempool.space/address/bc1qrc4ys5vpy8mrt2x0fpxlt8x4jqfsp3jw5c4wrj
bc1qvdqxyrudejln7u6p8mkhdcc6ytz0tfhk3chxng,B,0.22596700,2026-07-30 01:32,bc1qc779m8gec84k3t0ffvu0pps94zheht7lr7ueyn,https://mempool.space/address/bc1qvdqxyrudejln7u6p8mkhdcc6ytz0tfhk3chxng
bc1qe60nl2g09xu8r4s3uwgdwx5wpcgpkg53evj9dr,B,0.22358627,2026-07-30 01:32,bc1qc779m8gec84k3t0ffvu0pps94zheht7lr7ueyn,https://mempool.space/address/bc1qe60nl2g09xu8r4s3uwgdwx5wpcgpkg53evj9dr
bc1qazext8ntehcqkvtwadgef6ntemum0skfv2t6dl,B,0.22275251,2026-07-30 01:32,bc1qc779m8gec84k3t0ffvu0pps94zheht7lr7ueyn,https://mempool.space/address/bc1qazext8ntehcqkvtwadgef6ntemum0skfv2t6dl
bc1qem6t2ahfvr3ra3efvu32n6k2anh45vezqxk5dp,A,0.22227197,2026-07-30 01:51,bc1qnk4zh9qcnap2mycp56qjrgza3cc8ylrh8fecp0,https://mempool.space/address/bc1qem6t2ahfvr3ra3efvu32n6k2anh45vezqxk5dp
bc1qu0vw9e70jdynewuz4ewu753p36kyjgr940avrl,A,0.22117700,2026-07-30 01:51,bc1qnk4zh9qcnap2mycp56qjrgza3cc8ylrh8fecp0,https://mempool.space/address/bc1qu0vw9e70jdynewuz4ewu753p36kyjgr940avrl
bc1q2u70zfqctfjd0xfvwfcarqds2zqqenphmk40ac,A,0.21996700,2026-07-30 01:51,bc1qnk4zh9qcnap2mycp56qjrgza3cc8ylrh8fecp0,https://mempool.space/address/bc1q2u70zfqctfjd0xfvwfcarqds2zqqenphmk40ac
bc1q7sg8q83l8h3qe4ld2negu62z6fam5e4egkl77d,B,0.21979129,2026-07-30 01:32,bc1qc779m8gec84k3t0ffvu0pps94zheht7lr7ueyn,https://mempool.space/address/bc1q7sg8q83l8h3qe4ld2negu62z6fam5e4egkl77d
bc1qrcmu5ypgd9dle2ryjdqgxtlh6mzy3kwtp3we56,B,0.21935249,2026-07-30 01:32,bc1qc779m8gec84k3t0ffvu0pps94zheht7lr7ueyn,https://mempool.space/address/bc1qrcmu5ypgd9dle2ryjdqgxtlh6mzy3kwtp3we56
bc1qmhmqjtea3jegkfg6tdltyyxytkhpn44h6u0mft,B,0.21935109,2026-07-30 01:32,bc1qc779m8gec84k3t0ffvu0pps94zheht7lr7ueyn,https://mempool.space/address/bc1qmhmqjtea3jegkfg6tdltyyxytkhpn44h6u0mft
bc1qh7gn63wmn6ydakrscrzny2ct7v0kzlzdgn5aqz,B,0.21920015,2026-07-30 01:32,bc1qc779m8gec84k3t0ffvu0pps94zheht7lr7ueyn,https://mempool.space/address/bc1qh7gn63wmn6ydakrscrzny2ct7v0kzlzdgn5aqz
bc1q996cyupnydejcz0q4q60j2ylntkha0a446sah4,B,0.21843224,2026-07-30 01:32,bc1qc779m8gec84k3t0ffvu0pps94zheht7lr7ueyn,https://mempool.space/address/bc1q996cyupnydejcz0q4q60j2ylntkha0a446sah4
bc1qccpx7pljepglj3ulhf7rhc5prwu83wp75xvd2h,B,0.21842596,2026-07-30 01:32,bc1qc779m8gec84k3t0ffvu0pps94zheht7lr7ueyn,https://mempool.space/address/bc1qccpx7pljepglj3ulhf7rhc5prwu83wp75xvd2h
bc1qnh2uj76qlnn704f5nv3x2dxggpjvk2ve0zr3d7,B,0.21841584,2026-07-30 01:32,bc1qc779m8gec84k3t0ffvu0pps94zheht7lr7ueyn,https://mempool.space/address/bc1qnh2uj76qlnn704f5nv3x2dxggpjvk2ve0zr3d7
bc1qltf4p2xn9l3ery87eu8le64lx9r8eu4h8mtjzh,B,0.21840106,2026-07-30 01:32,bc1qc779m8gec84k3t0ffvu0pps94zheht7lr7ueyn,https://mempool.space/address/bc1qltf4p2xn9l3ery87eu8le64lx9r8eu4h8mtjzh
bc1qvdj4uee43hqxshcxkwch38wwjzuwr8r59rzq29,B,0.21839924,2026-07-30 01:32,bc1qc779m8gec84k3t0ffvu0pps94zheht7lr7ueyn,https://mempool.space/address/bc1qvdj4uee43hqxshcxkwch38wwjzuwr8r59rzq29
bc1qmh4fml4q8ujsmknp8f6ax3ymwdftf7ffmxueng,B,0.21839608,2026-07-30 01:32,bc1qc779m8gec84k3t0ffvu0pps94zheht7lr7ueyn,https://mempool.space/address/bc1qmh4fml4q8ujsmknp8f6ax3ymwdftf7ffmxueng
bc1qmuut7509nz6e0gtt67sd04uy852zktqwc48aas,B,0.21839296,2026-07-30 01:32,bc1qc779m8gec84k3t0ffvu0pps94zheht7lr7ueyn,https://mempool.space/address/bc1qmuut7509nz6e0gtt67sd04uy852zktqwc48aas
bc1q2cltanyhtdypfz6x30xemle6zssmn265k3cvpz,A,0.21819415,2026-07-30 01:51,bc1qnk4zh9qcnap2mycp56qjrgza3cc8ylrh8fecp0,https://mempool.space/address/bc1q2cltanyhtdypfz6x30xemle6zssmn265k3cvpz
bc1qnn35slxv7uwcp80hmkp4c6t2vgk5s7jtulqhfk,A,0.21817626,2026-07-30 01:51,bc1qnk4zh9qcnap2mycp56qjrgza3cc8ylrh8fecp0,https://mempool.space/address/bc1qnn35slxv7uwcp80hmkp4c6t2vgk5s7jtulqhfk
bc1qqcvspmz2gc3m3zjs9vx3t2ydl57q4ssn54kzva,A,0.21796390,2026-07-30 01:51,bc1qnk4zh9qcnap2mycp56qjrgza3cc8ylrh8fecp0,https://mempool.space/address/bc1qqcvspmz2gc3m3zjs9vx3t2ydl57q4ssn54kzva
bc1qtmgga2620h4v7r0fdt88rxf7hkyw4tt25yt269,A,0.21749000,2026-07-30 01:51,bc1qnk4zh9qcnap2mycp56qjrgza3cc8ylrh8fecp0,https://mempool.space/address/bc1qtmgga2620h4v7r0fdt88rxf7hkyw4tt25yt269
bc1qggwg6j2a5wuwtvk27cf6ue2rj2nfh2m0fjdnkh,A,0.21673933,2026-07-30 01:51,bc1qnk4zh9qcnap2mycp56qjrgza3cc8ylrh8fecp0,https://mempool.space/address/bc1qggwg6j2a5wuwtvk27cf6ue2rj2nfh2m0fjdnkh
bc1q607fw4y733n35qjdvxlhl6l5kpsqp66wqq2gm4,A,0.21661436,2026-07-30 01:51,bc1qnk4zh9qcnap2mycp56qjrgza3cc8ylrh8fecp0,https://mempool.space/address/bc1q607fw4y733n35qjdvxlhl6l5kpsqp66wqq2gm4
bc1qy0yttz2n8qf4fxxfhxnx8f2qyrpsulg7p0gdcn,A,0.21614604,2026-07-30 01:51,bc1qnk4zh9qcnap2mycp56qjrgza3cc8ylrh8fecp0,https://mempool.space/address/bc1qy0yttz2n8qf4fxxfhxnx8f2qyrpsulg7p0gdcn
bc1qf74auyjtl34uamuzxxdugtd23vcwh5f2v7nm05,B,0.21567368,2026-07-30 01:32,bc1qc779m8gec84k3t0ffvu0pps94zheht7lr7ueyn,https://mempool.space/address/bc1qf74auyjtl34uamuzxxdugtd23vcwh5f2v7nm05
bc1qtstejjeqflnl5lgc29ul7fs7lse9muu0dy839l,A,0.21547162,2026-07-30 01:51,bc1qnk4zh9qcnap2mycp56qjrgza3cc8ylrh8fecp0,https://mempool.space/address/bc1qtstejjeqflnl5lgc29ul7fs7lse9muu0dy839l
bc1q8l2tmqchvet850vcrvma20k9qd54j8f599kc5g,A,0.21546700,2026-07-30 01:51,bc1qnk4zh9qcnap2mycp56qjrgza3cc8ylrh8fecp0,https://mempool.space/address/bc1q8l2tmqchvet850vcrvma20k9qd54j8f599kc5g
bc1qjwlcdpypr7tvmweljzkry84lw6gjvg9nuq8wht,A,0.21545827,2026-07-30 01:51,bc1qnk4zh9qcnap2mycp56qjrgza3cc8ylrh8fecp0,https://mempool.space/address/bc1qjwlcdpypr7tvmweljzkry84lw6gjvg9nuq8wht
bc1q6fqg9u8y9u86a55al3d3ngvzu886up2r5c56j5,A,0.21536131,2026-07-30 01:51,bc1qnk4zh9qcnap2mycp56qjrgza3cc8ylrh8fecp0,https://mempool.space/address/bc1q6fqg9u8y9u86a55al3d3ngvzu886up2r5c56j5
bc1ql4asy9yt35up66fz4f4f7xy6nl3l6xmave43ee,A,0.21533225,2026-07-30 01:51,bc1qnk4zh9qcnap2mycp56qjrgza3cc8ylrh8fecp0,https://mempool.space/address/bc1ql4asy9yt35up66fz4f4f7xy6nl3l6xmave43ee
bc1qgeppj5mwuw48alr7qy7zkq9jqyhhf33kh44jq2,A,0.21532228,2026-07-30 01:51,bc1qnk4zh9qcnap2mycp56qjrgza3cc8ylrh8fecp0,https://mempool.space/address/bc1qgeppj5mwuw48alr7qy7zkq9jqyhhf33kh44jq2
37tsJvhKxfCWeBbuWse7fxkJoqGxx67GCW,A,0.21531287,2026-07-30 01:51,bc1qnk4zh9qcnap2mycp56qjrgza3cc8ylrh8fecp0,https://mempool.space/address/37tsJvhKxfCWeBbuWse7fxkJoqGxx67GCW
bc1qfyy4a6qjaz5lpzc6uys5fqjlsy30e23985zy59,A,0.21530644,2026-07-30 01:51,bc1qnk4zh9qcnap2mycp56qjrgza3cc8ylrh8fecp0,https://mempool.space/address/bc1qfyy4a6qjaz5lpzc6uys5fqjlsy30e23985zy59
3H6HaFdHRiqvkqBk8LWpstXFk4hWN3dMLX,A,0.21530381,2026-07-30 01:51,bc1qnk4zh9qcnap2mycp56qjrgza3cc8ylrh8fecp0,https://mempool.space/address/3H6HaFdHRiqvkqBk8LWpstXFk4hWN3dMLX
bc1qst04y9gy52jls76yhqcz6ueyd6s7djg267780j,A,0.21530009,2026-07-30 01:51,bc1qnk4zh9qcnap2mycp56qjrgza3cc8ylrh8fecp0,https://mempool.space/address/bc1qst04y9gy52jls76yhqcz6ueyd6s7djg267780j
bc1qwc0u8ummql453hxxkcyyv8tl7mn6e8a420vxmh,A,0.21526893,2026-07-30 01:51,bc1qnk4zh9qcnap2mycp56qjrgza3cc8ylrh8fecp0,https://mempool.space/address/bc1qwc0u8ummql453hxxkcyyv8tl7mn6e8a420vxmh
bc1q7m43fn0qwnva43t4qz84vsemadysdgy47d28g8,A,0.21523125,2026-07-30 01:51,bc1qnk4zh9qcnap2mycp56qjrgza3cc8ylrh8fecp0,https://mempool.space/address/bc1q7m43fn0qwnva43t4qz84vsemadysdgy47d28g8
bc1qj3t3h8khvjrp82lnnu6a2ahzmpc9p0yrhchewm,A,0.21521329,2026-07-30 01:51,bc1qnk4zh9qcnap2mycp56qjrgza3cc8ylrh8fecp0,https://mempool.space/address/bc1qj3t3h8khvjrp82lnnu6a2ahzmpc9p0yrhchewm
bc1qwns7yh99wp8jergrftvt5ms8rmhlvheehkz97k,A,0.21501420,2026-07-30 01:51,bc1qnk4zh9qcnap2mycp56qjrgza3cc8ylrh8fecp0,https://mempool.space/address/bc1qwns7yh99wp8jergrftvt5ms8rmhlvheehkz97k
bc1qcdt5uwwg9432c6gs5shz94hsd03w2jxcecpdsn,B,0.21482972,2026-07-30 01:32,bc1qc779m8gec84k3t0ffvu0pps94zheht7lr7ueyn,https://mempool.space/address/bc1qcdt5uwwg9432c6gs5shz94hsd03w2jxcecpdsn
bc1q89rgfnjaj334d5ewmnkdcq9rqr07qup6uv5m7j,B,0.21478080,2026-07-30 01:32,bc1qc779m8gec84k3t0ffvu0pps94zheht7lr7ueyn,https://mempool.space/address/bc1q89rgfnjaj334d5ewmnkdcq9rqr07qup6uv5m7j
bc1qe2uwm78rvkxgx22mputdaqnk0zc4dvqvsudgyw,A,0.21446700,2026-07-30 01:51,bc1qnk4zh9qcnap2mycp56qjrgza3cc8ylrh8fecp0,https://mempool.space/address/bc1qe2uwm78rvkxgx22mputdaqnk0zc4dvqvsudgyw
bc1q36f9j0lxvlqytjnjfa72e95nzm9rptpd3fy8ah,A,0.21446700,2026-07-30 01:51,bc1qnk4zh9qcnap2mycp56qjrgza3cc8ylrh8fecp0,https://mempool.space/address/bc1q36f9j0lxvlqytjnjfa72e95nzm9rptpd3fy8ah
36YCSjRGbhdCj3NokFjjxS1FSBxRXEYYxY,A,0.21436967,2026-07-30 01:51,bc1qnk4zh9qcnap2mycp56qjrgza3cc8ylrh8fecp0,https://mempool.space/address/36YCSjRGbhdCj3NokFjjxS1FSBxRXEYYxY
bc1quzs7t3rarw3pzrrwe3yxfgsmk9cmy0926c28ys,A,0.21333062,2026-07-30 01:51,bc1qnk4zh9qcnap2mycp56qjrgza3cc8ylrh8fecp0,https://mempool.space/address/bc1quzs7t3rarw3pzrrwe3yxfgsmk9cmy0926c28ys
bc1qvgdqm9x2ft9knj6xy4930d6jll5ms3g0lpe7g3,A,0.21315500,2026-07-30 01:51,bc1qnk4zh9qcnap2mycp56qjrgza3cc8ylrh8fecp0,https://mempool.space/address/bc1qvgdqm9x2ft9knj6xy4930d6jll5ms3g0lpe7g3
bc1qe3ezdmxjzvn3uxddrcel9mzv9ma90y58pt5kkm,B,0.21266900,2026-07-30 01:32,bc1qc779m8gec84k3t0ffvu0pps94zheht7lr7ueyn,https://mempool.space/address/bc1qe3ezdmxjzvn3uxddrcel9mzv9ma90y58pt5kkm
bc1q97cssuhws8vp7jhdcm3ajcywapjm8qe4cz9rl6,A,0.21216507,2026-07-30 01:51,bc1qnk4zh9qcnap2mycp56qjrgza3cc8ylrh8fecp0,https://mempool.space/address/bc1q97cssuhws8vp7jhdcm3ajcywapjm8qe4cz9rl6
bc1qtqxyv7fuhhnvk9t5raw3g9s84yytar4yhc6uqc,B,0.21208642,2026-07-30 01:32,bc1qc779m8gec84k3t0ffvu0pps94zheht7lr7ueyn,https://mempool.space/address/bc1qtqxyv7fuhhnvk9t5raw3g9s84yytar4yhc6uqc
bc1qnp4e269uypg04ssgad5csu6a26rg2a4ejvrxy4,B,0.21199021,2026-07-30 01:32,bc1qc779m8gec84k3t0ffvu0pps94zheht7lr7ueyn,https://mempool.space/address/bc1qnp4e269uypg04ssgad5csu6a26rg2a4ejvrxy4
bc1q27all5n98wy8hvkv0ef4mc550xen3fk2yvam9r,B,0.21178004,2026-07-30 01:32,bc1qc779m8gec84k3t0ffvu0pps94zheht7lr7ueyn,https://mempool.space/address/bc1q27all5n98wy8hvkv0ef4mc550xen3fk2yvam9r
bc1qu32lylvjmaqx4w649t8ts7507t240skfu2gvjz,A,0.21177353,2026-07-30 01:51,bc1qnk4zh9qcnap2mycp56qjrgza3cc8ylrh8fecp0,https://mempool.space/address/bc1qu32lylvjmaqx4w649t8ts7507t240skfu2gvjz
bc1qwe5kaf5eq3lmt7p9tjhv0uk7w8em7k3pf0ew6e,A,0.21042946,2026-07-30 01:51,bc1qnk4zh9qcnap2mycp56qjrgza3cc8ylrh8fecp0,https://mempool.space/address/bc1qwe5kaf5eq3lmt7p9tjhv0uk7w8em7k3pf0ew6e
bc1qml3g8425lx9h4uxy48w5n33l0evs7w74jrwjcl,A,0.21021502,2026-07-30 01:51,bc1qnk4zh9qcnap2mycp56qjrgza3cc8ylrh8fecp0,https://mempool.space/address/bc1qml3g8425lx9h4uxy48w5n33l0evs7w74jrwjcl
bc1qqfda33wwnej3pj8u09s96etk0ad7cmu9n2rrwg,A,0.21021122,2026-07-30 01:51,bc1qnk4zh9qcnap2mycp56qjrgza3cc8ylrh8fecp0,https://mempool.space/address/bc1qqfda33wwnej3pj8u09s96etk0ad7cmu9n2rrwg
bc1qd8l3mnftdlvnfs7ent2qaxlzyq24vutj7g5nqu,A,0.21020760,2026-07-30 01:51,bc1qnk4zh9qcnap2mycp56qjrgza3cc8ylrh8fecp0,https://mempool.space/address/bc1qd8l3mnftdlvnfs7ent2qaxlzyq24vutj7g5nqu
bc1q449thkewlxsp9u25dfyw0t8nqy2nhsraretja5,A,0.21002618,2026-07-30 01:51,bc1qnk4zh9qcnap2mycp56qjrgza3cc8ylrh8fecp0,https://mempool.space/address/bc1q449thkewlxsp9u25dfyw0t8nqy2nhsraretja5
bc1qu878xx8ueeaa9742c66lpteheg45ax3xr4ndnw,A,0.20996426,2026-07-30 01:51,bc1qnk4zh9qcnap2mycp56qjrgza3cc8ylrh8fecp0,https://mempool.space/address/bc1qu878xx8ueeaa9742c66lpteheg45ax3xr4ndnw
bc1qcxk69qrdycrcsnmemtj2nuzh3quvx8r8skgqdm,B,0.20921700,2026-07-30 01:32,bc1qc779m8gec84k3t0ffvu0pps94zheht7lr7ueyn,https://mempool.space/address/bc1qcxk69qrdycrcsnmemtj2nuzh3quvx8r8skgqdm
bc1qlqn4ncsks4n4v77tk2ccx64mgd59dvtgl62nxm,A,0.20829232,2026-07-30 01:51,bc1qnk4zh9qcnap2mycp56qjrgza3cc8ylrh8fecp0,https://mempool.space/address/bc1qlqn4ncsks4n4v77tk2ccx64mgd59dvtgl62nxm
bc1q09edmg0jtgrahuj7jvq4spkjh9mx5d90eq95th,A,0.20759824,2026-07-30 01:51,bc1qnk4zh9qcnap2mycp56qjrgza3cc8ylrh8fecp0,https://mempool.space/address/bc1q09edmg0jtgrahuj7jvq4spkjh9mx5d90eq95th
bc1qw0my0ywvnycfq9l4s7c6n5rzrxwgru5ujgxxs6,A,0.20759494,2026-07-30 01:51,bc1qnk4zh9qcnap2mycp56qjrgza3cc8ylrh8fecp0,https://mempool.space/address/bc1qw0my0ywvnycfq9l4s7c6n5rzrxwgru5ujgxxs6
bc1qjf9xqu49y7kqekxama9fw2kp93y029w7r6d629,A,0.20672200,2026-07-30 01:51,bc1qnk4zh9qcnap2mycp56qjrgza3cc8ylrh8fecp0,https://mempool.space/address/bc1qjf9xqu49y7kqekxama9fw2kp93y029w7r6d629
bc1qhfdrc8qhqf093wyk97qj9uvlkptrfdzm6t4h9r,A,0.20670100,2026-07-30 01:51,bc1qnk4zh9qcnap2mycp56qjrgza3cc8ylrh8fecp0,https://mempool.space/address/bc1qhfdrc8qhqf093wyk97qj9uvlkptrfdzm6t4h9r
bc1qjgks6wf7g4xeq92re7zzsj8hcehy8a3g8updp2,A,0.20666100,2026-07-30 01:51,bc1qnk4zh9qcnap2mycp56qjrgza3cc8ylrh8fecp0,https://mempool.space/address/bc1qjgks6wf7g4xeq92re7zzsj8hcehy8a3g8updp2
bc1qx200mff8nqvn3k9ds7fer6jvf5xkjjzclmdrry,A,0.20589377,2026-07-30 01:51,bc1qnk4zh9qcnap2mycp56qjrgza3cc8ylrh8fecp0,https://mempool.space/address/bc1qx200mff8nqvn3k9ds7fer6jvf5xkjjzclmdrry
bc1qszf6lf7jyxpujmkf5lny4us0gftke6dq0vq5mg,B,0.20451427,2026-07-30 01:32,bc1qc779m8gec84k3t0ffvu0pps94zheht7lr7ueyn,https://mempool.space/address/bc1qszf6lf7jyxpujmkf5lny4us0gftke6dq0vq5mg
bc1qtujycluqp7ytd4ll2d0dd6p8ene2x24qdhlrlx,B,0.20441707,2026-07-30 01:32,bc1qc779m8gec84k3t0ffvu0pps94zheht7lr7ueyn,https://mempool.space/address/bc1qtujycluqp7ytd4ll2d0dd6p8ene2x24qdhlrlx
bc1q7pgky4lynrxhdhpx349hd9auj25090ucd4fleg,B,0.20409121,2026-07-30 01:32,bc1qc779m8gec84k3t0ffvu0pps94zheht7lr7ueyn,https://mempool.space/address/bc1q7pgky4lynrxhdhpx349hd9auj25090ucd4fleg
bc1qpp29plr9tpz582ds45y3umj5tflec6g0nryt9q,B,0.20314353,2026-07-30 01:32,bc1qc779m8gec84k3t0ffvu0pps94zheht7lr7ueyn,https://mempool.space/address/bc1qpp29plr9tpz582ds45y3umj5tflec6g0nryt9q
bc1q7997uzc8q2q7vex524hsh5etsvwmhvmmfyx0sw,B,0.20310528,2026-07-30 01:32,bc1qc779m8gec84k3t0ffvu0pps94zheht7lr7ueyn,https://mempool.space/address/bc1q7997uzc8q2q7vex524hsh5etsvwmhvmmfyx0sw
bc1q8vqlur7lhh7xuezg3202027dl76m3c0cxcvg4s,B,0.20249062,2026-07-30 01:32,bc1qc779m8gec84k3t0ffvu0pps94zheht7lr7ueyn,https://mempool.space/address/bc1q8vqlur7lhh7xuezg3202027dl76m3c0cxcvg4s
bc1qrs84tpqcgcxzffh4fvfzvjxfg8tn0szf9z6ajm,B,0.20228195,2026-07-30 01:32,bc1qc779m8gec84k3t0ffvu0pps94zheht7lr7ueyn,https://mempool.space/address/bc1qrs84tpqcgcxzffh4fvfzvjxfg8tn0szf9z6ajm
bc1qw2exf2jd7hj8azp06j680c5x8hyndn0r9f4lc3,A,0.20176061,2026-07-30 01:51,bc1qnk4zh9qcnap2mycp56qjrgza3cc8ylrh8fecp0,https://mempool.space/address/bc1qw2exf2jd7hj8azp06j680c5x8hyndn0r9f4lc3
bc1qc6glrwwx6pdyx598rlcragysjhd02pwauk3n8d,B,0.20165057,2026-07-30 01:32,bc1qc779m8gec84k3t0ffvu0pps94zheht7lr7ueyn,https://mempool.space/address/bc1qc6glrwwx6pdyx598rlcragysjhd02pwauk3n8d
bc1qxy5njjymtl05fflgnrhvalcr8ld07t67lv7shm,A,0.20158264,2026-07-30 01:51,bc1qnk4zh9qcnap2mycp56qjrgza3cc8ylrh8fecp0,https://mempool.space/address/bc1qxy5njjymtl05fflgnrhvalcr8ld07t67lv7shm
bc1q3yr0m5r9ud3rh9lds7875pmjpchfvj28h29htx,A,0.20035610,2026-07-30 01:51,bc1qnk4zh9qcnap2mycp56qjrgza3cc8ylrh8fecp0,https://mempool.space/address/bc1q3yr0m5r9ud3rh9lds7875pmjpchfvj28h29htx
bc1qtq5zmjx2k9g68ty3283dra8xmumjpwhujzgvyq,A,0.19996700,2026-07-30 01:51,bc1qnk4zh9qcnap2mycp56qjrgza3cc8ylrh8fecp0,https://mempool.space/address/bc1qtq5zmjx2k9g68ty3283dra8xmumjpwhujzgvyq
bc1qg0z6608x90z7s8ucpzt73jxdangwmtm7yvlj6g,A,0.19996700,2026-07-30 01:51,bc1qnk4zh9qcnap2mycp56qjrgza3cc8ylrh8fecp0,https://mempool.space/address/bc1qg0z6608x90z7s8ucpzt73jxdangwmtm7yvlj6g
bc1q7q0ue2jj732gpd2m5q0afmqwlx78xwu56ahkhc,A,0.19996700,2026-07-30 01:51,bc1qnk4zh9qcnap2mycp56qjrgza3cc8ylrh8fecp0,https://mempool.space/address/bc1q7q0ue2jj732gpd2m5q0afmqwlx78xwu56ahkhc
bc1qxk4wlqhz7sfg5mfn2a7ee7tqrc0qcthc0hff6p,A,0.19996700,2026-07-30 01:51,bc1qnk4zh9qcnap2mycp56qjrgza3cc8ylrh8fecp0,https://mempool.space/address/bc1qxk4wlqhz7sfg5mfn2a7ee7tqrc0qcthc0hff6p
bc1q2v2zun4p84svt093mf26yrnanx3la06geta7ej,A,0.19996700,2026-07-30 01:51,bc1qnk4zh9qcnap2mycp56qjrgza3cc8ylrh8fecp0,https://mempool.space/address/bc1q2v2zun4p84svt093mf26yrnanx3la06geta7ej
bc1qlhmw5c6eqnvjdsy4tg4q6r4xdg57zaazu2g9he,B,0.19996700,2026-07-30 01:32,bc1qc779m8gec84k3t0ffvu0pps94zheht7lr7ueyn,https://mempool.space/address/bc1qlhmw5c6eqnvjdsy4tg4q6r4xdg57zaazu2g9he
bc1qe9mpc879hekuvnu7hrrsw2jrnqtfpw9zggak5v,B,0.19996700,2026-07-30 01:32,bc1qc779m8gec84k3t0ffvu0pps94zheht7lr7ueyn,https://mempool.space/address/bc1qe9mpc879hekuvnu7hrrsw2jrnqtfpw9zggak5v
bc1qnr2pgfhx03m5gkxqsynw9nvvn2l2mxqpqvj3k3,B,0.19996700,2026-07-30 01:32,bc1qc779m8gec84k3t0ffvu0pps94zheht7lr7ueyn,https://mempool.space/address/bc1qnr2pgfhx03m5gkxqsynw9nvvn2l2mxqpqvj3k3
bc1q5gn8nx94ge7jt6zpj28rquqdr4m3hdn3s425pt,B,0.19996700,2026-07-30 01:32,bc1qc779m8gec84k3t0ffvu0pps94zheht7lr7ueyn,https://mempool.space/address/bc1q5gn8nx94ge7jt6zpj28rquqdr4m3hdn3s425pt
bc1qgwn47j52fuddk0xddauqgymm5dx309kc8es8f5,B,0.19996700,2026-07-30 01:32,bc1qc779m8gec84k3t0ffvu0pps94zheht7lr7ueyn,https://mempool.space/address/bc1qgwn47j52fuddk0xddauqgymm5dx309kc8es8f5
bc1qw7zuj4avq388eayq2hcrf2d7sqe6m79vw5rgqg,B,0.19996700,2026-07-30 01:32,bc1qc779m8gec84k3t0ffvu0pps94zheht7lr7ueyn,https://mempool.space/address/bc1qw7zuj4avq388eayq2hcrf2d7sqe6m79vw5rgqg
bc1q0dtl8f4qf58ep04vddyzp7wsra6u2flvmwfq5y,B,0.19996700,2026-07-30 01:32,bc1qc779m8gec84k3t0ffvu0pps94zheht7lr7ueyn,https://mempool.space/address/bc1q0dtl8f4qf58ep04vddyzp7wsra6u2flvmwfq5y
bc1q5evu8q6zc2nazz8ewvn38pa2qry554ma54mfnp,A,0.19994700,2026-07-30 01:51,bc1qnk4zh9qcnap2mycp56qjrgza3cc8ylrh8fecp0,https://mempool.space/address/bc1q5evu8q6zc2nazz8ewvn38pa2qry554ma54mfnp
bc1qztatpq4vcsdswnw69zkqz9dmylhf5w38hj0r0q,A,0.19994700,2026-07-30 01:51,bc1qnk4zh9qcnap2mycp56qjrgza3cc8ylrh8fecp0,https://mempool.space/address/bc1qztatpq4vcsdswnw69zkqz9dmylhf5w38hj0r0q
bc1q77cqsfyu03fks6lmmlk3hfvq5rl9wdrh339223,A,0.19994700,2026-07-30 01:51,bc1qnk4zh9qcnap2mycp56qjrgza3cc8ylrh8fecp0,https://mempool.space/address/bc1q77cqsfyu03fks6lmmlk3hfvq5rl9wdrh339223
14scaHSZZwMC4RgknySStB9r8EHFLKwjRv,A,0.19994300,2026-07-30 01:51,bc1qnk4zh9qcnap2mycp56qjrgza3cc8ylrh8fecp0,https://mempool.space/address/14scaHSZZwMC4RgknySStB9r8EHFLKwjRv
bc1q6fjdchd57xdme9zr0y7zjm96yf3n52j7k2uqas,B,0.19992527,2026-07-30 01:32,bc1qc779m8gec84k3t0ffvu0pps94zheht7lr7ueyn,https://mempool.space/address/bc1q6fjdchd57xdme9zr0y7zjm96yf3n52j7k2uqas
bc1q5cu4pfvqppp00925rf47rm4f73fqmu78cudy4j,B,0.19921700,2026-07-30 01:32,bc1qc779m8gec84k3t0ffvu0pps94zheht7lr7ueyn,https://mempool.space/address/bc1q5cu4pfvqppp00925rf47rm4f73fqmu78cudy4j
bc1qngzy9fjmlty7yzhrptd3jyv56dxjpxpkhsxfrz,B,0.19917266,2026-07-30 01:32,bc1qc779m8gec84k3t0ffvu0pps94zheht7lr7ueyn,https://mempool.space/address/bc1qngzy9fjmlty7yzhrptd3jyv56dxjpxpkhsxfrz
bc1q8c6rt4e36xphx3hqk9qzaqldxcczms70n7rgp5,B,0.19905994,2026-07-30 01:32,bc1qc779m8gec84k3t0ffvu0pps94zheht7lr7ueyn,https://mempool.space/address/bc1q8c6rt4e36xphx3hqk9qzaqldxcczms70n7rgp5
bc1qjnhj784vwkjx7h89n7cwjgfut9eya5fxeh8nne,B,0.19780139,2026-07-30 01:32,bc1qc779m8gec84k3t0ffvu0pps94zheht7lr7ueyn,https://mempool.space/address/bc1qjnhj784vwkjx7h89n7cwjgfut9eya5fxeh8nne
bc1qlv3m20055m3vm6cqsxddsk5d29dm3khq09dsl3,B,0.19723953,2026-07-30 01:32,bc1qc779m8gec84k3t0ffvu0pps94zheht7lr7ueyn,https://mempool.space/address/bc1qlv3m20055m3vm6cqsxddsk5d29dm3khq09dsl3
bc1qd2mum7eju7wfxxa4jg4w7spvlxsvhrt7ju32g5,B,0.19600018,2026-07-30 01:32,bc1qc779m8gec84k3t0ffvu0pps94zheht7lr7ueyn,https://mempool.space/address/bc1qd2mum7eju7wfxxa4jg4w7spvlxsvhrt7ju32g5
bc1qm8vw989tk9kqf4x25ucp7yjlw36lahc00ww7g2,B,0.19588542,2026-07-30 01:32,bc1qc779m8gec84k3t0ffvu0pps94zheht7lr7ueyn,https://mempool.space/address/bc1qm8vw989tk9kqf4x25ucp7yjlw36lahc00ww7g2
bc1qwvuux6d9ysvkfwsk6l376rh0fpfmcee5erxy46,B,0.19526800,2026-07-30 01:32,bc1qc779m8gec84k3t0ffvu0pps94zheht7lr7ueyn,https://mempool.space/address/bc1qwvuux6d9ysvkfwsk6l376rh0fpfmcee5erxy46
bc1q2t2qsdx33fka247jz3dnmzp7xv9lyaxd9y27ej,B,0.19492647,2026-07-30 01:32,bc1qc779m8gec84k3t0ffvu0pps94zheht7lr7ueyn,https://mempool.space/address/bc1q2t2qsdx33fka247jz3dnmzp7xv9lyaxd9y27ej
bc1qxjnzkazs770vfvu5wwznkxdfu6jfyrv6c9getm,A,0.19416875,2026-07-30 01:51,bc1qnk4zh9qcnap2mycp56qjrgza3cc8ylrh8fecp0,https://mempool.space/address/bc1qxjnzkazs770vfvu5wwznkxdfu6jfyrv6c9getm
bc1qj62xx96c70jhxgd8ytatns209j2ray3luvv7r2,B,0.19408253,2026-07-30 01:32,bc1qc779m8gec84k3t0ffvu0pps94zheht7lr7ueyn,https://mempool.space/address/bc1qj62xx96c70jhxgd8ytatns209j2ray3luvv7r2
bc1qrx2r47j5pz0tgtgy90rftxvz0d6lre2azyzva6,A,0.19373077,2026-07-30 01:51,bc1qnk4zh9qcnap2mycp56qjrgza3cc8ylrh8fecp0,https://mempool.space/address/bc1qrx2r47j5pz0tgtgy90rftxvz0d6lre2azyzva6
bc1qkfhgeexkupzupd6lnx8307d2gn6c39sa57gg9q,A,0.19355886,2026-07-30 01:51,bc1qnk4zh9qcnap2mycp56qjrgza3cc8ylrh8fecp0,https://mempool.space/address/bc1qkfhgeexkupzupd6lnx8307d2gn6c39sa57gg9q
bc1qemfejea9nflklu39mt8yf8gnvrkwtgv4aqxavr,C1,0.19216700,2026-07-30 01:10,bc1qdaarag7729c2n4l2wnyt3hkhfpcs66n98z7uuh,https://mempool.space/address/bc1qemfejea9nflklu39mt8yf8gnvrkwtgv4aqxavr
bc1q25z4vs6mdr8lvyp8zz4vw7239gp9kymdx2q36v,B,0.19205700,2026-07-30 01:32,bc1qc779m8gec84k3t0ffvu0pps94zheht7lr7ueyn,https://mempool.space/address/bc1q25z4vs6mdr8lvyp8zz4vw7239gp9kymdx2q36v
bc1q2hvl72j5cgs9ty96u4dqzffsncwrg08m8n3epa,B,0.19196833,2026-07-30 01:32,bc1qc779m8gec84k3t0ffvu0pps94zheht7lr7ueyn,https://mempool.space/address/bc1q2hvl72j5cgs9ty96u4dqzffsncwrg08m8n3epa
bc1qj4fc5khhmu0uj5sjrngdvwnfkryz439svj6aq6,A,0.19101796,2026-07-30 01:51,bc1qnk4zh9qcnap2mycp56qjrgza3cc8ylrh8fecp0,https://mempool.space/address/bc1qj4fc5khhmu0uj5sjrngdvwnfkryz439svj6aq6
bc1qrx4wly0zd2eajuwx7xts6r2shxzxhz0yyx0mmc,A,0.19094175,2026-07-30 01:51,bc1qnk4zh9qcnap2mycp56qjrgza3cc8ylrh8fecp0,https://mempool.space/address/bc1qrx4wly0zd2eajuwx7xts6r2shxzxhz0yyx0mmc
bc1q9ue932kqk3exzj5mlf7w6kedt9avxcktjrlw9q,B,0.19056971,2026-07-30 01:32,bc1qc779m8gec84k3t0ffvu0pps94zheht7lr7ueyn,https://mempool.space/address/bc1q9ue932kqk3exzj5mlf7w6kedt9avxcktjrlw9q
bc1qhuyzgwxwt7rjjadk5qczklkpuu257xumem8kvp,B,0.18990021,2026-07-30 01:32,bc1qc779m8gec84k3t0ffvu0pps94zheht7lr7ueyn,https://mempool.space/address/bc1qhuyzgwxwt7rjjadk5qczklkpuu257xumem8kvp
bc1qc9du92x394uzjv6gda8w3n3tez6vwgdgesgutd,B,0.18969802,2026-07-30 01:32,bc1qc779m8gec84k3t0ffvu0pps94zheht7lr7ueyn,https://mempool.space/address/bc1qc9du92x394uzjv6gda8w3n3tez6vwgdgesgutd
bc1qj3cytrgjkze4zgss523d23ye98xs05u8ak823r,A,0.18948780,2026-07-30 01:51,bc1qnk4zh9qcnap2mycp56qjrgza3cc8ylrh8fecp0,https://mempool.space/address/bc1qj3cytrgjkze4zgss523d23ye98xs05u8ak823r
bc1qju80g9fr7cj5rcsh2s8eh35mf832zyvz2n2d3r,A,0.18793832,2026-07-30 01:51,bc1qnk4zh9qcnap2mycp56qjrgza3cc8ylrh8fecp0,https://mempool.space/address/bc1qju80g9fr7cj5rcsh2s8eh35mf832zyvz2n2d3r
bc1qn9llv9pux95afeyl2dxsdxlwpxdvsts8as8c0u,A,0.18717700,2026-07-30 01:51,bc1qnk4zh9qcnap2mycp56qjrgza3cc8ylrh8fecp0,https://mempool.space/address/bc1qn9llv9pux95afeyl2dxsdxlwpxdvsts8as8c0u
bc1qfs6mjxyatvmzfwtu2fal6scjg6muw237l88yhj,A,0.18680860,2026-07-30 01:51,bc1qnk4zh9qcnap2mycp56qjrgza3cc8ylrh8fecp0,https://mempool.space/address/bc1qfs6mjxyatvmzfwtu2fal6scjg6muw237l88yhj
bc1qypwyzmjhu536an6uflp48jksm56r7xga9kw5ug,A,0.18645671,2026-07-30 01:51,bc1qnk4zh9qcnap2mycp56qjrgza3cc8ylrh8fecp0,https://mempool.space/address/bc1qypwyzmjhu536an6uflp48jksm56r7xga9kw5ug
bc1quuxanhy4ylegdxvhf6y5upk0yp9y5zp04pp2fw,B,0.18644617,2026-07-30 01:32,bc1qc779m8gec84k3t0ffvu0pps94zheht7lr7ueyn,https://mempool.space/address/bc1quuxanhy4ylegdxvhf6y5upk0yp9y5zp04pp2fw
bc1qj0qpkg9zffkznt84525uexfs23ty7a2m6zhy67,A,0.18591467,2026-07-30 01:51,bc1qnk4zh9qcnap2mycp56qjrgza3cc8ylrh8fecp0,https://mempool.space/address/bc1qj0qpkg9zffkznt84525uexfs23ty7a2m6zhy67
bc1qx3aauk3kkwr24u8qv837uqlmz6wfhzssn2wf88,B,0.18585480,2026-07-30 01:32,bc1qc779m8gec84k3t0ffvu0pps94zheht7lr7ueyn,https://mempool.space/address/bc1qx3aauk3kkwr24u8qv837uqlmz6wfhzssn2wf88
bc1qltypn65u5u8mt0w5v0qah4vk6vtef5vm292jra,B,0.18521771,2026-07-30 01:32,bc1qc779m8gec84k3t0ffvu0pps94zheht7lr7ueyn,https://mempool.space/address/bc1qltypn65u5u8mt0w5v0qah4vk6vtef5vm292jra
bc1qqttrak4f4v53kl9cv2q3krlwg9sa7dfkxc762p,A,0.18511595,2026-07-30 01:51,bc1qnk4zh9qcnap2mycp56qjrgza3cc8ylrh8fecp0,https://mempool.space/address/bc1qqttrak4f4v53kl9cv2q3krlwg9sa7dfkxc762p
bc1qse3lq93efk590rvdut8aftkaw9mjyjs38227e9,B,0.18450543,2026-07-30 01:32,bc1qc779m8gec84k3t0ffvu0pps94zheht7lr7ueyn,https://mempool.space/address/bc1qse3lq93efk590rvdut8aftkaw9mjyjs38227e9
bc1qnj33jdqups27wffej774wzyq274207c9f25ey6,A,0.18431700,2026-07-30 01:51,bc1qnk4zh9qcnap2mycp56qjrgza3cc8ylrh8fecp0,https://mempool.space/address/bc1qnj33jdqups27wffej774wzyq274207c9f25ey6
bc1qzq33enpgctfmhqa6fasvm2n3q06hwsgaedjex7,A,0.18431267,2026-07-30 01:51,bc1qnk4zh9qcnap2mycp56qjrgza3cc8ylrh8fecp0,https://mempool.space/address/bc1qzq33enpgctfmhqa6fasvm2n3q06hwsgaedjex7
bc1qd8d9ghrnlrmddx65vw3kujqxk7yklv2dnqvt6f,B,0.18360997,2026-07-30 01:32,bc1qc779m8gec84k3t0ffvu0pps94zheht7lr7ueyn,https://mempool.space/address/bc1qd8d9ghrnlrmddx65vw3kujqxk7yklv2dnqvt6f
bc1qyqvj5eud2ez6j87n7f9xz96wzcpt36px2nk3we,B,0.18345542,2026-07-30 01:32,bc1qc779m8gec84k3t0ffvu0pps94zheht7lr7ueyn,https://mempool.space/address/bc1qyqvj5eud2ez6j87n7f9xz96wzcpt36px2nk3we
bc1q3mcrvjes0e52vfwkv8akvwjpytvq4eu0kn82wh,A,0.18328618,2026-07-30 01:51,bc1qnk4zh9qcnap2mycp56qjrgza3cc8ylrh8fecp0,https://mempool.space/address/bc1q3mcrvjes0e52vfwkv8akvwjpytvq4eu0kn82wh
bc1qlqcvedqh8p9d4jz5ecvl4q8dxawtvvzzfpc0w3,B,0.18246528,2026-07-30 01:32,bc1qc779m8gec84k3t0ffvu0pps94zheht7lr7ueyn,https://mempool.space/address/bc1qlqcvedqh8p9d4jz5ecvl4q8dxawtvvzzfpc0w3
bc1q7dn3rfzkskvhywumesp92ky9pvn2ddnl0yegjm,B,0.18243537,2026-07-30 01:32,bc1qc779m8gec84k3t0ffvu0pps94zheht7lr7ueyn,https://mempool.space/address/bc1q7dn3rfzkskvhywumesp92ky9pvn2ddnl0yegjm
bc1qtgx3544lwtm4ac7w722m070kvek2sujkdqnsmf,A,0.18215662,2026-07-30 01:51,bc1qnk4zh9qcnap2mycp56qjrgza3cc8ylrh8fecp0,https://mempool.space/address/bc1qtgx3544lwtm4ac7w722m070kvek2sujkdqnsmf
bc1qernqyma6ks5penaunc34s6t54cckr72apns5dh,A,0.18206940,2026-07-30 01:51,bc1qnk4zh9qcnap2mycp56qjrgza3cc8ylrh8fecp0,https://mempool.space/address/bc1qernqyma6ks5penaunc34s6t54cckr72apns5dh
bc1qkxcfklvs64krug6fmxde2pdyajd8shvykkevhd,A,0.18196700,2026-07-30 01:51,bc1qnk4zh9qcnap2mycp56qjrgza3cc8ylrh8fecp0,https://mempool.space/address/bc1qkxcfklvs64krug6fmxde2pdyajd8shvykkevhd
bc1qfv32rx7atts8mlg5r0xxvwx5yac5n2zwjncc0q,B,0.18071643,2026-07-30 01:32,bc1qc779m8gec84k3t0ffvu0pps94zheht7lr7ueyn,https://mempool.space/address/bc1qfv32rx7atts8mlg5r0xxvwx5yac5n2zwjncc0q
bc1qkcfwka0ehzrsxrehyu7rzk00unwygzct8jxht0,B,0.17996700,2026-07-30 01:32,bc1qc779m8gec84k3t0ffvu0pps94zheht7lr7ueyn,https://mempool.space/address/bc1qkcfwka0ehzrsxrehyu7rzk00unwygzct8jxht0
bc1qxkh5jgtj443pgnr0zt597a4a4tn0ayd5ae2q49,A,0.17863823,2026-07-30 01:51,bc1qnk4zh9qcnap2mycp56qjrgza3cc8ylrh8fecp0,https://mempool.space/address/bc1qxkh5jgtj443pgnr0zt597a4a4tn0ayd5ae2q49
bc1qra2tgumjel82e9t7xwkttdfsvueu3lrglcjuyd,A,0.17850576,2026-07-30 01:51,bc1qnk4zh9qcnap2mycp56qjrgza3cc8ylrh8fecp0,https://mempool.space/address/bc1qra2tgumjel82e9t7xwkttdfsvueu3lrglcjuyd
bc1q9pu35xm359mzmdsq6glcnylw22wze6mktu3ypu,A,0.17751852,2026-07-30 01:51,bc1qnk4zh9qcnap2mycp56qjrgza3cc8ylrh8fecp0,https://mempool.space/address/bc1q9pu35xm359mzmdsq6glcnylw22wze6mktu3ypu
bc1q4s6yzqj2qj978w4nn62c5e524sz2rwp67gpu57,A,0.17717919,2026-07-30 01:51,bc1qnk4zh9qcnap2mycp56qjrgza3cc8ylrh8fecp0,https://mempool.space/address/bc1q4s6yzqj2qj978w4nn62c5e524sz2rwp67gpu57
bc1q68j5pqupztafpdrjdlvvgqjq2zxy0cdkez4cu8,A,0.17596656,2026-07-30 01:51,bc1qnk4zh9qcnap2mycp56qjrgza3cc8ylrh8fecp0,https://mempool.space/address/bc1q68j5pqupztafpdrjdlvvgqjq2zxy0cdkez4cu8
bc1qy0mut00s6xk4ahjcz7aruzku9hr7geltm2r2sp,B,0.17552125,2026-07-30 01:32,bc1qc779m8gec84k3t0ffvu0pps94zheht7lr7ueyn,https://mempool.space/address/bc1qy0mut00s6xk4ahjcz7aruzku9hr7geltm2r2sp
bc1q2gs3n9y6l6vnxttsjanffnava2a6k3hnejrkez,B,0.17518459,2026-07-30 01:32,bc1qc779m8gec84k3t0ffvu0pps94zheht7lr7ueyn,https://mempool.space/address/bc1q2gs3n9y6l6vnxttsjanffnava2a6k3hnejrkez
bc1qmu2jnrky5gf0c5rpwf2ys3w0mg3nkakmazq9mx,A,0.17497700,2026-07-30 01:51,bc1qnk4zh9qcnap2mycp56qjrgza3cc8ylrh8fecp0,https://mempool.space/address/bc1qmu2jnrky5gf0c5rpwf2ys3w0mg3nkakmazq9mx
bc1qytwukrvqlw07t79nqwaqq7t98pat37ylk68vrr,B,0.17479857,2026-07-30 01:32,bc1qc779m8gec84k3t0ffvu0pps94zheht7lr7ueyn,https://mempool.space/address/bc1qytwukrvqlw07t79nqwaqq7t98pat37ylk68vrr
bc1qezq6apdam2zxc2g7sn5um6v292lpjzz5ldh5rl,B,0.17465482,2026-07-30 01:32,bc1qc779m8gec84k3t0ffvu0pps94zheht7lr7ueyn,https://mempool.space/address/bc1qezq6apdam2zxc2g7sn5um6v292lpjzz5ldh5rl
bc1qg2qrpejuf84a7p7evfce5tyhjjdcq0mztzvlry,B,0.17461224,2026-07-30 01:32,bc1qc779m8gec84k3t0ffvu0pps94zheht7lr7ueyn,https://mempool.space/address/bc1qg2qrpejuf84a7p7evfce5tyhjjdcq0mztzvlry
bc1qy59thx7sclhkx337vs52lfx3pa0m86zpwtdr88,B,0.17418559,2026-07-30 01:32,bc1qc779m8gec84k3t0ffvu0pps94zheht7lr7ueyn,https://mempool.space/address/bc1qy59thx7sclhkx337vs52lfx3pa0m86zpwtdr88
bc1qv69yjzrxqsqn7lmt23gxkcrdrgk5urs05v44wk,A,0.17416465,2026-07-30 01:51,bc1qnk4zh9qcnap2mycp56qjrgza3cc8ylrh8fecp0,https://mempool.space/address/bc1qv69yjzrxqsqn7lmt23gxkcrdrgk5urs05v44wk
bc1qv6hyqznrq3tcd03ly0ysvu3trk7vlg8r2gc7xz,B,0.17396657,2026-07-30 01:32,bc1qc779m8gec84k3t0ffvu0pps94zheht7lr7ueyn,https://mempool.space/address/bc1qv6hyqznrq3tcd03ly0ysvu3trk7vlg8r2gc7xz
bc1q0j8jzeawyqnr7zrx64y3yu5n7qw07dmhecs4pa,B,0.17388305,2026-07-30 01:32,bc1qc779m8gec84k3t0ffvu0pps94zheht7lr7ueyn,https://mempool.space/address/bc1q0j8jzeawyqnr7zrx64y3yu5n7qw07dmhecs4pa
bc1qack3d626nmqll0tcn72zalutnkqe4cqjxkldgu,B,0.17315857,2026-07-30 01:32,bc1qc779m8gec84k3t0ffvu0pps94zheht7lr7ueyn,https://mempool.space/address/bc1qack3d626nmqll0tcn72zalutnkqe4cqjxkldgu
bc1q077xrgwcncxxf7cxastpay8zu29cf2557gj2z0,A,0.17217378,2026-07-30 01:51,bc1qnk4zh9qcnap2mycp56qjrgza3cc8ylrh8fecp0,https://mempool.space/address/bc1q077xrgwcncxxf7cxastpay8zu29cf2557gj2z0
bc1qqvefayqnenu5rpl7atpqrzwrmsmdngtehjetqd,A,0.17183857,2026-07-30 01:51,bc1qnk4zh9qcnap2mycp56qjrgza3cc8ylrh8fecp0,https://mempool.space/address/bc1qqvefayqnenu5rpl7atpqrzwrmsmdngtehjetqd
bc1qkucqaxu476cmyuw04sekww0p4g4q30zh2en9yv,A,0.17032219,2026-07-30 01:51,bc1qnk4zh9qcnap2mycp56qjrgza3cc8ylrh8fecp0,https://mempool.space/address/bc1qkucqaxu476cmyuw04sekww0p4g4q30zh2en9yv
bc1q8sjug8hknr57e2yp070y0pt3yka927seg9x7wq,A,0.16984694,2026-07-30 01:51,bc1qnk4zh9qcnap2mycp56qjrgza3cc8ylrh8fecp0,https://mempool.space/address/bc1q8sjug8hknr57e2yp070y0pt3yka927seg9x7wq
bc1qm26ykwv2u9yn9ww00vgx7vhh9xmd89pzun4ejt,B,0.16891671,2026-07-30 01:32,bc1qc779m8gec84k3t0ffvu0pps94zheht7lr7ueyn,https://mempool.space/address/bc1qm26ykwv2u9yn9ww00vgx7vhh9xmd89pzun4ejt
bc1qquch6v298xgh7kpg2jdsh53lqdde40mtw09l74,A,0.16886700,2026-07-30 01:51,bc1qnk4zh9qcnap2mycp56qjrgza3cc8ylrh8fecp0,https://mempool.space/address/bc1qquch6v298xgh7kpg2jdsh53lqdde40mtw09l74
bc1qc7f67vr78k3schzwq8y8errgz5t22usn3rgvku,A,0.16801062,2026-07-30 01:51,bc1qnk4zh9qcnap2mycp56qjrgza3cc8ylrh8fecp0,https://mempool.space/address/bc1qc7f67vr78k3schzwq8y8errgz5t22usn3rgvku
bc1qrau5kc0yu63880xayywpjw03cawsec8t7lksrp,B,0.16754218,2026-07-30 01:32,bc1qc779m8gec84k3t0ffvu0pps94zheht7lr7ueyn,https://mempool.space/address/bc1qrau5kc0yu63880xayywpjw03cawsec8t7lksrp
bc1q8ryeqe74u2f0gwcpsz6kslq4mjslpugzxr04qs,A,0.16663367,2026-07-30 01:51,bc1qnk4zh9qcnap2mycp56qjrgza3cc8ylrh8fecp0,https://mempool.space/address/bc1q8ryeqe74u2f0gwcpsz6kslq4mjslpugzxr04qs
bc1qzjxvw0vwus9a3ugr6x7ttrrpggygw80gf68xpp,B,0.16638410,2026-07-30 01:32,bc1qc779m8gec84k3t0ffvu0pps94zheht7lr7ueyn,https://mempool.space/address/bc1qzjxvw0vwus9a3ugr6x7ttrrpggygw80gf68xpp
bc1qtrrcj7vpklf3nlhkxjmp5dsjq2fewu4j6j9c8r,A,0.16603654,2026-07-30 01:51,bc1qnk4zh9qcnap2mycp56qjrgza3cc8ylrh8fecp0,https://mempool.space/address/bc1qtrrcj7vpklf3nlhkxjmp5dsjq2fewu4j6j9c8r
bc1q6prcx70jz8em7den2jsekuvr0ffpwvfkau3usy,B,0.16551555,2026-07-30 01:32,bc1qc779m8gec84k3t0ffvu0pps94zheht7lr7ueyn,https://mempool.space/address/bc1q6prcx70jz8em7den2jsekuvr0ffpwvfkau3usy
bc1qfwyrrmp7762n002j6rpwq70kaxmquz3q2aa4gp,A,0.16499258,2026-07-30 01:51,bc1qnk4zh9qcnap2mycp56qjrgza3cc8ylrh8fecp0,https://mempool.space/address/bc1qfwyrrmp7762n002j6rpwq70kaxmquz3q2aa4gp
bc1qrnkcdsyn0uhkxcxhcdcd2k5aw0mayq67p2w8xj,B,0.16490082,2026-07-30 01:32,bc1qc779m8gec84k3t0ffvu0pps94zheht7lr7ueyn,https://mempool.space/address/bc1qrnkcdsyn0uhkxcxhcdcd2k5aw0mayq67p2w8xj
bc1qq6fs6rqcjnuzg2vjakj3rpdx3sukav6my7npsk,B,0.16412289,2026-07-30 01:32,bc1qc779m8gec84k3t0ffvu0pps94zheht7lr7ueyn,https://mempool.space/address/bc1qq6fs6rqcjnuzg2vjakj3rpdx3sukav6my7npsk
bc1qqml38dheg3rmvpafrqz4fgaggq0xtpr4m2lj0e,A,0.16411660,2026-07-30 01:51,bc1qnk4zh9qcnap2mycp56qjrgza3cc8ylrh8fecp0,https://mempool.space/address/bc1qqml38dheg3rmvpafrqz4fgaggq0xtpr4m2lj0e
bc1qaqxenp53mjd604y4e4qqa0hn3z73y6p6x89vk8,A,0.16317829,2026-07-30 01:51,bc1qnk4zh9qcnap2mycp56qjrgza3cc8ylrh8fecp0,https://mempool.space/address/bc1qaqxenp53mjd604y4e4qqa0hn3z73y6p6x89vk8
bc1q3ruhttadt0m02gzyv4npxq04wxs7t4rll0djxu,C1,0.16224498,2026-07-30 01:10,bc1qdaarag7729c2n4l2wnyt3hkhfpcs66n98z7uuh,https://mempool.space/address/bc1q3ruhttadt0m02gzyv4npxq04wxs7t4rll0djxu
bc1qh8zf43strydrq30sltyygc29t5tlh8xw0u8gcz,B,0.16224002,2026-07-30 01:32,bc1qc779m8gec84k3t0ffvu0pps94zheht7lr7ueyn,https://mempool.space/address/bc1qh8zf43strydrq30sltyygc29t5tlh8xw0u8gcz
bc1qn2re8flz5z8tqkgep56cfr4rj60x80897wm78e,A,0.16201273,2026-07-30 01:51,bc1qnk4zh9qcnap2mycp56qjrgza3cc8ylrh8fecp0,https://mempool.space/address/bc1qn2re8flz5z8tqkgep56cfr4rj60x80897wm78e
bc1q60fqffl34h8hdu00gc92vuyvfvz64f23vut0jn,B,0.16198912,2026-07-30 01:32,bc1qc779m8gec84k3t0ffvu0pps94zheht7lr7ueyn,https://mempool.space/address/bc1q60fqffl34h8hdu00gc92vuyvfvz64f23vut0jn
bc1q09gpq590gfjjpeegc6l9zqjm4akjlnryax6f20,B,0.16113098,2026-07-30 01:32,bc1qc779m8gec84k3t0ffvu0pps94zheht7lr7ueyn,https://mempool.space/address/bc1q09gpq590gfjjpeegc6l9zqjm4akjlnryax6f20
bc1qej84mrgrlf3gvezspz74c4gcnaerd39v9gpv9z,B,0.16094797,2026-07-30 01:32,bc1qc779m8gec84k3t0ffvu0pps94zheht7lr7ueyn,https://mempool.space/address/bc1qej84mrgrlf3gvezspz74c4gcnaerd39v9gpv9z
bc1q9d39gd0dxwpmmchfd73xl5s3lqcgcc6u2s9dqh,A,0.16074770,2026-07-30 01:51,bc1qnk4zh9qcnap2mycp56qjrgza3cc8ylrh8fecp0,https://mempool.space/address/bc1q9d39gd0dxwpmmchfd73xl5s3lqcgcc6u2s9dqh
bc1qdye80ngczk5a2ct2dmll3kv7wh6x6akyxawew5,B,0.16049198,2026-07-30 01:32,bc1qc779m8gec84k3t0ffvu0pps94zheht7lr7ueyn,https://mempool.space/address/bc1qdye80ngczk5a2ct2dmll3kv7wh6x6akyxawew5
bc1q075lfpe4rcm6r25lkm9yd3ctarh3yz8ys8jmtd,B,0.15999473,2026-07-30 01:32,bc1qc779m8gec84k3t0ffvu0pps94zheht7lr7ueyn,https://mempool.space/address/bc1q075lfpe4rcm6r25lkm9yd3ctarh3yz8ys8jmtd
bc1qvlst9cpez9n7nxy5a2g9h7h829rkqvk8rska95,A,0.15990300,2026-07-30 01:51,bc1qnk4zh9qcnap2mycp56qjrgza3cc8ylrh8fecp0,https://mempool.space/address/bc1qvlst9cpez9n7nxy5a2g9h7h829rkqvk8rska95
bc1qrh9kzkvkjffvm9x9nckumvlq6epsj20x29vq59,B,0.15899774,2026-07-30 01:32,bc1qc779m8gec84k3t0ffvu0pps94zheht7lr7ueyn,https://mempool.space/address/bc1qrh9kzkvkjffvm9x9nckumvlq6epsj20x29vq59
bc1qq59m7xx5zqta5p0mjg9z87szd9ttyjvjhflmne,A,0.15888025,2026-07-30 01:51,bc1qnk4zh9qcnap2mycp56qjrgza3cc8ylrh8fecp0,https://mempool.space/address/bc1qq59m7xx5zqta5p0mjg9z87szd9ttyjvjhflmne
bc1qzn4d8mw3wc4g5zu4jrawgux0vfjpp3tk04kek4,A,0.15864061,2026-07-30 01:51,bc1qnk4zh9qcnap2mycp56qjrgza3cc8ylrh8fecp0,https://mempool.space/address/bc1qzn4d8mw3wc4g5zu4jrawgux0vfjpp3tk04kek4
bc1qxra654zrcnh8fy267r8fwvy8xma4yu2952lt94,C1,0.15863070,2026-07-30 01:10,bc1qdaarag7729c2n4l2wnyt3hkhfpcs66n98z7uuh,https://mempool.space/address/bc1qxra654zrcnh8fy267r8fwvy8xma4yu2952lt94
bc1qp9tr2ksq4p89ahl9ha7j8pez0rexzfdmun7fm7,B,0.15838178,2026-07-30 01:32,bc1qc779m8gec84k3t0ffvu0pps94zheht7lr7ueyn,https://mempool.space/address/bc1qp9tr2ksq4p89ahl9ha7j8pez0rexzfdmun7fm7
bc1qu98gs94q57mw3xveps8074uhp00lsq2wtclylr,B,0.15810659,2026-07-30 01:32,bc1qc779m8gec84k3t0ffvu0pps94zheht7lr7ueyn,https://mempool.space/address/bc1qu98gs94q57mw3xveps8074uhp00lsq2wtclylr
bc1qlvrqslfp34ar4asuxnvtxlryc632ycdph7uas4,A,0.15796700,2026-07-30 01:51,bc1qnk4zh9qcnap2mycp56qjrgza3cc8ylrh8fecp0,https://mempool.space/address/bc1qlvrqslfp34ar4asuxnvtxlryc632ycdph7uas4
bc1q4p9y99cu6mm43vln05rmn7mh0u7zlrfv95z06t,B,0.15760910,2026-07-30 01:32,bc1qc779m8gec84k3t0ffvu0pps94zheht7lr7ueyn,https://mempool.space/address/bc1q4p9y99cu6mm43vln05rmn7mh0u7zlrfv95z06t
bc1qytuhs7xtepqa7709tg6vdwm4qslv0ew3wn6lf6,B,0.15754997,2026-07-30 01:32,bc1qc779m8gec84k3t0ffvu0pps94zheht7lr7ueyn,https://mempool.space/address/bc1qytuhs7xtepqa7709tg6vdwm4qslv0ew3wn6lf6
bc1qjcx6t9sgqj53qnjx59q4qj574zxdvyx3xlah42,B,0.15712558,2026-07-30 01:32,bc1qc779m8gec84k3t0ffvu0pps94zheht7lr7ueyn,https://mempool.space/address/bc1qjcx6t9sgqj53qnjx59q4qj574zxdvyx3xlah42
bc1qysdng7zm6sqwqjgjmyg8880mvlw56tkaw65gw4,A,0.15694687,2026-07-30 01:51,bc1qnk4zh9qcnap2mycp56qjrgza3cc8ylrh8fecp0,https://mempool.space/address/bc1qysdng7zm6sqwqjgjmyg8880mvlw56tkaw65gw4
bc1qx4qxzz9pl2hkmpgxnwu3jrldmly46ly8ju2n23,B,0.15690311,2026-07-30 01:32,bc1qc779m8gec84k3t0ffvu0pps94zheht7lr7ueyn,https://mempool.space/address/bc1qx4qxzz9pl2hkmpgxnwu3jrldmly46ly8ju2n23
bc1qkjtfe8tg475u2gsf30gdqsq45mzsx6f9fdfqzf,A,0.15677983,2026-07-30 01:51,bc1qnk4zh9qcnap2mycp56qjrgza3cc8ylrh8fecp0,https://mempool.space/address/bc1qkjtfe8tg475u2gsf30gdqsq45mzsx6f9fdfqzf
bc1qau3lmss6dcd6vvj2q4dkr64x0zlghdzkf23lfz,B,0.15612189,2026-07-30 01:32,bc1qc779m8gec84k3t0ffvu0pps94zheht7lr7ueyn,https://mempool.space/address/bc1qau3lmss6dcd6vvj2q4dkr64x0zlghdzkf23lfz
bc1qz7x6cxy2c6ajwjkqylfj7vl3klu2uf89e6cn3e,A,0.15609674,2026-07-30 01:51,bc1qnk4zh9qcnap2mycp56qjrgza3cc8ylrh8fecp0,https://mempool.space/address/bc1qz7x6cxy2c6ajwjkqylfj7vl3klu2uf89e6cn3e
bc1qfm6a7p274krh7eagx7a8sh2jstan7m2udw7zjv,B,0.15590720,2026-07-30 01:32,bc1qc779m8gec84k3t0ffvu0pps94zheht7lr7ueyn,https://mempool.space/address/bc1qfm6a7p274krh7eagx7a8sh2jstan7m2udw7zjv
bc1qezgrgjtaf2jjduv3cwzf8ypr5fhuh08cc4qa9u,B,0.15521254,2026-07-30 01:32,bc1qc779m8gec84k3t0ffvu0pps94zheht7lr7ueyn,https://mempool.space/address/bc1qezgrgjtaf2jjduv3cwzf8ypr5fhuh08cc4qa9u
bc1qmgcc5fd37jkzflp5alglukmlkmehcvgtfmve0a,A,0.15496700,2026-07-30 01:51,bc1qnk4zh9qcnap2mycp56qjrgza3cc8ylrh8fecp0,https://mempool.space/address/bc1qmgcc5fd37jkzflp5alglukmlkmehcvgtfmve0a
bc1q5hmrxscuwwkmw5tffe2uf55s92y72mgve5zpx4,A,0.15496219,2026-07-30 01:51,bc1qnk4zh9qcnap2mycp56qjrgza3cc8ylrh8fecp0,https://mempool.space/address/bc1q5hmrxscuwwkmw5tffe2uf55s92y72mgve5zpx4
bc1qd775020y4txzxp8egts374489algs9fhmmmqah,A,0.15454937,2026-07-30 01:51,bc1qnk4zh9qcnap2mycp56qjrgza3cc8ylrh8fecp0,https://mempool.space/address/bc1qd775020y4txzxp8egts374489algs9fhmmmqah
bc1qnh7a6p9lkmq0d8xxsh092ydt8evjaak9z6fuqj,A,0.15419285,2026-07-30 01:51,bc1qnk4zh9qcnap2mycp56qjrgza3cc8ylrh8fecp0,https://mempool.space/address/bc1qnh7a6p9lkmq0d8xxsh092ydt8evjaak9z6fuqj
bc1qfclt6yvcvc7skdteqfkvuxfxryn45k0rv6s5r4,B,0.15417390,2026-07-30 01:32,bc1qc779m8gec84k3t0ffvu0pps94zheht7lr7ueyn,https://mempool.space/address/bc1qfclt6yvcvc7skdteqfkvuxfxryn45k0rv6s5r4
bc1qtzt2esux3m6qwc00z9m0lft00ny0qremjrvw9l,B,0.15401301,2026-07-30 01:32,bc1qc779m8gec84k3t0ffvu0pps94zheht7lr7ueyn,https://mempool.space/address/bc1qtzt2esux3m6qwc00z9m0lft00ny0qremjrvw9l
bc1quavwp7ht8qntxvhp0dk5fz7954cl0qnsazq4ef,B,0.15303600,2026-07-30 01:32,bc1qc779m8gec84k3t0ffvu0pps94zheht7lr7ueyn,https://mempool.space/address/bc1quavwp7ht8qntxvhp0dk5fz7954cl0qnsazq4ef
bc1qql4pkyfjn8kfdy6yjn572y5wtv4hk57h7g68fd,A,0.15260380,2026-07-30 01:51,bc1qnk4zh9qcnap2mycp56qjrgza3cc8ylrh8fecp0,https://mempool.space/address/bc1qql4pkyfjn8kfdy6yjn572y5wtv4hk57h7g68fd
bc1qnnzl97vdfzl5z0tr0xghhvawkqhhjxzuapmlr8,A,0.15219869,2026-07-30 01:51,bc1qnk4zh9qcnap2mycp56qjrgza3cc8ylrh8fecp0,https://mempool.space/address/bc1qnnzl97vdfzl5z0tr0xghhvawkqhhjxzuapmlr8
bc1qf7gu07u92wd93x7kx3qw2h6xq2vdmkdp7w5kmk,B,0.15212128,2026-07-30 01:32,bc1qc779m8gec84k3t0ffvu0pps94zheht7lr7ueyn,https://mempool.space/address/bc1qf7gu07u92wd93x7kx3qw2h6xq2vdmkdp7w5kmk
bc1q43lx2gjkl39dujp7vh3tr433szkuptytq7tt7n,B,0.15197489,2026-07-30 01:32,bc1qc779m8gec84k3t0ffvu0pps94zheht7lr7ueyn,https://mempool.space/address/bc1q43lx2gjkl39dujp7vh3tr433szkuptytq7tt7n
bc1qj557jf69d8vx87spl5qdfd9emnvxp2tt6al0jl,A,0.15076427,2026-07-30 01:51,bc1qnk4zh9qcnap2mycp56qjrgza3cc8ylrh8fecp0,https://mempool.space/address/bc1qj557jf69d8vx87spl5qdfd9emnvxp2tt6al0jl
bc1qzxat990n3dr74n3f83cf0jjw5h8ac8nxyt5may,B,0.15075727,2026-07-30 01:32,bc1qc779m8gec84k3t0ffvu0pps94zheht7lr7ueyn,https://mempool.space/address/bc1qzxat990n3dr74n3f83cf0jjw5h8ac8nxyt5may
bc1q9pd7ez8wj4j8u7jhl6nxvlkcmrefafacradju3,A,0.15057292,2026-07-30 01:51,bc1qnk4zh9qcnap2mycp56qjrgza3cc8ylrh8fecp0,https://mempool.space/address/bc1q9pd7ez8wj4j8u7jhl6nxvlkcmrefafacradju3
bc1q24sxw4y83xxj9cu7wt3gp500sjlylknj9eglfk,A,0.15055596,2026-07-30 01:51,bc1qnk4zh9qcnap2mycp56qjrgza3cc8ylrh8fecp0,https://mempool.space/address/bc1q24sxw4y83xxj9cu7wt3gp500sjlylknj9eglfk
bc1qdjg9p0aa3cdp4zv9dr8fvukr0h57ztf3hvylhe,A,0.14996700,2026-07-30 01:51,bc1qnk4zh9qcnap2mycp56qjrgza3cc8ylrh8fecp0,https://mempool.space/address/bc1qdjg9p0aa3cdp4zv9dr8fvukr0h57ztf3hvylhe
bc1qcrjmzd93fcnq8y68mawkkjrf8r2yguf6wvuyu9,A,0.14996700,2026-07-30 01:51,bc1qnk4zh9qcnap2mycp56qjrgza3cc8ylrh8fecp0,https://mempool.space/address/bc1qcrjmzd93fcnq8y68mawkkjrf8r2yguf6wvuyu9
bc1q767kz94dzv5nefl244anwf7ylc2q0k3vz4nrrn,A,0.14996700,2026-07-30 01:51,bc1qnk4zh9qcnap2mycp56qjrgza3cc8ylrh8fecp0,https://mempool.space/address/bc1q767kz94dzv5nefl244anwf7ylc2q0k3vz4nrrn
bc1qjy38hepgas2xu38dhuynpeg8ksppuzxfae0d79,A,0.14996700,2026-07-30 01:51,bc1qnk4zh9qcnap2mycp56qjrgza3cc8ylrh8fecp0,https://mempool.space/address/bc1qjy38hepgas2xu38dhuynpeg8ksppuzxfae0d79
bc1q7qdyxlh3rhv7znnl9v6wy5k4nufdpnr4qkewwu,B,0.14996700,2026-07-30 01:32,bc1qc779m8gec84k3t0ffvu0pps94zheht7lr7ueyn,https://mempool.space/address/bc1q7qdyxlh3rhv7znnl9v6wy5k4nufdpnr4qkewwu
bc1qpushc6f4lvnrtc7rxf4zau8glkue8x80zz79tc,B,0.14996700,2026-07-30 01:32,bc1qc779m8gec84k3t0ffvu0pps94zheht7lr7ueyn,https://mempool.space/address/bc1qpushc6f4lvnrtc7rxf4zau8glkue8x80zz79tc
bc1qspsgdratwzw3nkkw86ekrkrnh0jqgvrw4q6r5p,B,0.14996700,2026-07-30 01:32,bc1qc779m8gec84k3t0ffvu0pps94zheht7lr7ueyn,https://mempool.space/address/bc1qspsgdratwzw3nkkw86ekrkrnh0jqgvrw4q6r5p
bc1q2js9lx932xt47twa9sxrwwvry2wyajtk945anu,B,0.14996700,2026-07-30 01:32,bc1qc779m8gec84k3t0ffvu0pps94zheht7lr7ueyn,https://mempool.space/address/bc1q2js9lx932xt47twa9sxrwwvry2wyajtk945anu
bc1q4vhdmlt8w5xjkme0auefwk0jxc05d45kcs3hj6,B,0.14996700,2026-07-30 01:32,bc1qc779m8gec84k3t0ffvu0pps94zheht7lr7ueyn,https://mempool.space/address/bc1q4vhdmlt8w5xjkme0auefwk0jxc05d45kcs3hj6
bc1qghvugjt3l38hfhpyry7qumssr4wjpmga6u4yvg,B,0.14996700,2026-07-30 01:32,bc1qc779m8gec84k3t0ffvu0pps94zheht7lr7ueyn,https://mempool.space/address/bc1qghvugjt3l38hfhpyry7qumssr4wjpmga6u4yvg
bc1qsvcmgf4uurxmtu7xsv0a9094g4ag5z767mjacz,B,0.14996700,2026-07-30 01:32,bc1qc779m8gec84k3t0ffvu0pps94zheht7lr7ueyn,https://mempool.space/address/bc1qsvcmgf4uurxmtu7xsv0a9094g4ag5z767mjacz
bc1qjyrx2utjsepfym5xg8tu7vxheg84hhwms35kje,B,0.14996700,2026-07-30 01:32,bc1qc779m8gec84k3t0ffvu0pps94zheht7lr7ueyn,https://mempool.space/address/bc1qjyrx2utjsepfym5xg8tu7vxheg84hhwms35kje
bc1qm5uwhmyf7xkl0j8e55dy5sr26vgsvpv9eeqfzw,B,0.14996700,2026-07-30 01:32,bc1qc779m8gec84k3t0ffvu0pps94zheht7lr7ueyn,https://mempool.space/address/bc1qm5uwhmyf7xkl0j8e55dy5sr26vgsvpv9eeqfzw
bc1q38sknwyqqwr9vtss94v0fv7zys4yekzt8rndhu,B,0.14996700,2026-07-30 01:32,bc1qc779m8gec84k3t0ffvu0pps94zheht7lr7ueyn,https://mempool.space/address/bc1q38sknwyqqwr9vtss94v0fv7zys4yekzt8rndhu
bc1q5pz7cppsdruuwmulxx7yxg8qgwwx97rjyre63x,B,0.14996700,2026-07-30 01:32,bc1qc779m8gec84k3t0ffvu0pps94zheht7lr7ueyn,https://mempool.space/address/bc1q5pz7cppsdruuwmulxx7yxg8qgwwx97rjyre63x
bc1qeamrmw0vphsygm67yr9907k2lmysffugcpy6vy,B,0.14996700,2026-07-30 01:32,bc1qc779m8gec84k3t0ffvu0pps94zheht7lr7ueyn,https://mempool.space/address/bc1qeamrmw0vphsygm67yr9907k2lmysffugcpy6vy
bc1qt8rg0rqqsztfamksvm2hsw0pkn4p0tsv72efen,B,0.14996700,2026-07-30 01:32,bc1qc779m8gec84k3t0ffvu0pps94zheht7lr7ueyn,https://mempool.space/address/bc1qt8rg0rqqsztfamksvm2hsw0pkn4p0tsv72efen
bc1qlpsmyy9k6ar2ksz0fumue76s6qmpr5wxwpafp7,B,0.14996700,2026-07-30 01:32,bc1qc779m8gec84k3t0ffvu0pps94zheht7lr7ueyn,https://mempool.space/address/bc1qlpsmyy9k6ar2ksz0fumue76s6qmpr5wxwpafp7
bc1qsx2r2qa2d3ps9jyae2hazmjtxldaad2ydxuz4a,B,0.14996700,2026-07-30 01:32,bc1qc779m8gec84k3t0ffvu0pps94zheht7lr7ueyn,https://mempool.space/address/bc1qsx2r2qa2d3ps9jyae2hazmjtxldaad2ydxuz4a
bc1qne92k9jgmmnq2lvl654xvezy6akf9539lpe23p,B,0.14996700,2026-07-30 01:32,bc1qc779m8gec84k3t0ffvu0pps94zheht7lr7ueyn,https://mempool.space/address/bc1qne92k9jgmmnq2lvl654xvezy6akf9539lpe23p
bc1qk8d3xu7v0h559gs6alzmsp7j66fe36nrdsv6pk,B,0.14996700,2026-07-30 01:32,bc1qc779m8gec84k3t0ffvu0pps94zheht7lr7ueyn,https://mempool.space/address/bc1qk8d3xu7v0h559gs6alzmsp7j66fe36nrdsv6pk
bc1q57nwj5gwk8e4dfwfuhr67yx7vccf7wg6gk929t,A,0.14996470,2026-07-30 01:51,bc1qnk4zh9qcnap2mycp56qjrgza3cc8ylrh8fecp0,https://mempool.space/address/bc1q57nwj5gwk8e4dfwfuhr67yx7vccf7wg6gk929t
bc1q0tgsl3av6q4guywmhtyy08ah8lr0y7l3m988w0,C1,0.14996400,2026-07-30 01:10,bc1qdaarag7729c2n4l2wnyt3hkhfpcs66n98z7uuh,https://mempool.space/address/bc1q0tgsl3av6q4guywmhtyy08ah8lr0y7l3m988w0
bc1qjwsv43zau6hvsyd5ydj0mr3re5tgtgh86qrmsv,B,0.14996295,2026-07-30 01:32,bc1qc779m8gec84k3t0ffvu0pps94zheht7lr7ueyn,https://mempool.space/address/bc1qjwsv43zau6hvsyd5ydj0mr3re5tgtgh86qrmsv
bc1qgf2zss4ftxpzqfc6an3r02s076zmn30qyl6jct,B,0.14995980,2026-07-30 01:32,bc1qc779m8gec84k3t0ffvu0pps94zheht7lr7ueyn,https://mempool.space/address/bc1qgf2zss4ftxpzqfc6an3r02s076zmn30qyl6jct
1Hz3X6EUkpRXaLhsN9PTQw5GiE1nCG1P5s,A,0.14994300,2026-07-30 01:51,bc1qnk4zh9qcnap2mycp56qjrgza3cc8ylrh8fecp0,https://mempool.space/address/1Hz3X6EUkpRXaLhsN9PTQw5GiE1nCG1P5s
bc1qn8ph67vcn3ux5rxamsrfq7wc33x0xd8rapqt2c,B,0.14824010,2026-07-30 01:32,bc1qc779m8gec84k3t0ffvu0pps94zheht7lr7ueyn,https://mempool.space/address/bc1qn8ph67vcn3ux5rxamsrfq7wc33x0xd8rapqt2c
bc1qphfh3qqa0al8kjqmg4m99skpj80vkrx5hqx9n2,B,0.14765288,2026-07-30 01:32,bc1qc779m8gec84k3t0ffvu0pps94zheht7lr7ueyn,https://mempool.space/address/bc1qphfh3qqa0al8kjqmg4m99skpj80vkrx5hqx9n2
bc1q8umfzljw0y3438g6ustyddmf0jj9fvzya7vncf,B,0.14662668,2026-07-30 01:32,bc1qc779m8gec84k3t0ffvu0pps94zheht7lr7ueyn,https://mempool.space/address/bc1q8umfzljw0y3438g6ustyddmf0jj9fvzya7vncf
bc1qy5q6jkynhfqzvelgy82jahz83ngxzny8f2r45v,B,0.14583427,2026-07-30 01:32,bc1qc779m8gec84k3t0ffvu0pps94zheht7lr7ueyn,https://mempool.space/address/bc1qy5q6jkynhfqzvelgy82jahz83ngxzny8f2r45v
bc1qumzsakw4729qq2ry4mvepz8vfewv8a0rrytnx3,B,0.14532834,2026-07-30 01:32,bc1qc779m8gec84k3t0ffvu0pps94zheht7lr7ueyn,https://mempool.space/address/bc1qumzsakw4729qq2ry4mvepz8vfewv8a0rrytnx3
bc1qe2qjed2p3xu3rx3enk00tzunv4tjw5l4zfa04c,B,0.14394986,2026-07-30 01:32,bc1qc779m8gec84k3t0ffvu0pps94zheht7lr7ueyn,https://mempool.space/address/bc1qe2qjed2p3xu3rx3enk00tzunv4tjw5l4zfa04c
bc1q0dsye9mmtlghup9xpnyhm3mq389queyw59anvf,B,0.14215172,2026-07-30 01:32,bc1qc779m8gec84k3t0ffvu0pps94zheht7lr7ueyn,https://mempool.space/address/bc1q0dsye9mmtlghup9xpnyhm3mq389queyw59anvf
bc1qemrtwwjwqfsgzc4wfrvz5fsfmyrnu5vht29w3c,B,0.14209111,2026-07-30 01:32,bc1qc779m8gec84k3t0ffvu0pps94zheht7lr7ueyn,https://mempool.space/address/bc1qemrtwwjwqfsgzc4wfrvz5fsfmyrnu5vht29w3c
bc1qw8tpy90ht53qncg0jezxnq0cwwky0w7ns0724w,B,0.14015653,2026-07-30 01:32,bc1qc779m8gec84k3t0ffvu0pps94zheht7lr7ueyn,https://mempool.space/address/bc1qw8tpy90ht53qncg0jezxnq0cwwky0w7ns0724w
bc1qrdud78474f59nu63q4e85p7dglvnls0a2zqpfq,B,0.13965578,2026-07-30 01:32,bc1qc779m8gec84k3t0ffvu0pps94zheht7lr7ueyn,https://mempool.space/address/bc1qrdud78474f59nu63q4e85p7dglvnls0a2zqpfq
bc1qrq4qg7uvhpnjrvaygag2dwj0cetmntwsguy7ag,B,0.13952253,2026-07-30 01:32,bc1qc779m8gec84k3t0ffvu0pps94zheht7lr7ueyn,https://mempool.space/address/bc1qrq4qg7uvhpnjrvaygag2dwj0cetmntwsguy7ag
bc1qycaw6ywt866g454zh8egw72j87msm5gd6qu2cc,B,0.13761911,2026-07-30 01:32,bc1qc779m8gec84k3t0ffvu0pps94zheht7lr7ueyn,https://mempool.space/address/bc1qycaw6ywt866g454zh8egw72j87msm5gd6qu2cc
bc1qydxg8r7ljneutmruw8l9gpcchw5mfgjg2v5wmw,B,0.13741417,2026-07-30 01:32,bc1qc779m8gec84k3t0ffvu0pps94zheht7lr7ueyn,https://mempool.space/address/bc1qydxg8r7ljneutmruw8l9gpcchw5mfgjg2v5wmw
bc1qqsqdtltgw02tpuvgys6dc9au592v3tav0f4fyh,C1,0.13711267,2026-07-30 01:10,bc1qdaarag7729c2n4l2wnyt3hkhfpcs66n98z7uuh,https://mempool.space/address/bc1qqsqdtltgw02tpuvgys6dc9au592v3tav0f4fyh
bc1qqnkjf3sf66tnh6q6xa4aav0tscl58rfdg83450,B,0.13557798,2026-07-30 01:32,bc1qc779m8gec84k3t0ffvu0pps94zheht7lr7ueyn,https://mempool.space/address/bc1qqnkjf3sf66tnh6q6xa4aav0tscl58rfdg83450
bc1qgtjpdqwdr7kkzstqm6w4vll5s8u6s62y8993y0,B,0.13503230,2026-07-30 01:32,bc1qc779m8gec84k3t0ffvu0pps94zheht7lr7ueyn,https://mempool.space/address/bc1qgtjpdqwdr7kkzstqm6w4vll5s8u6s62y8993y0
bc1q08fjxvz0e5rpdpjm0cu5r95kfkx20z2f3t3swt,B,0.13495606,2026-07-30 01:32,bc1qc779m8gec84k3t0ffvu0pps94zheht7lr7ueyn,https://mempool.space/address/bc1q08fjxvz0e5rpdpjm0cu5r95kfkx20z2f3t3swt
bc1qhvj9ndng3sv34upy0rvjzcs5f75q8hacdxrkcm,C1,0.13346039,2026-07-30 01:10,bc1qdaarag7729c2n4l2wnyt3hkhfpcs66n98z7uuh,https://mempool.space/address/bc1qhvj9ndng3sv34upy0rvjzcs5f75q8hacdxrkcm
bc1qm2cc0ztavncq5w5nursaeft5dfuw5gm4gl0q33,C1,0.13307481,2026-07-30 01:10,bc1qdaarag7729c2n4l2wnyt3hkhfpcs66n98z7uuh,https://mempool.space/address/bc1qm2cc0ztavncq5w5nursaeft5dfuw5gm4gl0q33
bc1qx59kvz98aye9u0nr6atkstdljh5mx7yszjfyvw,B,0.13193052,2026-07-30 01:32,bc1qc779m8gec84k3t0ffvu0pps94zheht7lr7ueyn,https://mempool.space/address/bc1qx59kvz98aye9u0nr6atkstdljh5mx7yszjfyvw
bc1qdtrd75ynkt8xu3ks0e7hrlfgzftacfeu5aqj89,B,0.13134686,2026-07-30 01:32,bc1qc779m8gec84k3t0ffvu0pps94zheht7lr7ueyn,https://mempool.space/address/bc1qdtrd75ynkt8xu3ks0e7hrlfgzftacfeu5aqj89
bc1qcw25vnpmnt7cx7vntu25ckyrrqpu75vsma4dfs,B,0.13043695,2026-07-30 01:32,bc1qc779m8gec84k3t0ffvu0pps94zheht7lr7ueyn,https://mempool.space/address/bc1qcw25vnpmnt7cx7vntu25ckyrrqpu75vsma4dfs
bc1qckekr0qz5hezqne3zgcvdaq03897xp3yjcm6mr,B,0.12996370,2026-07-30 01:32,bc1qc779m8gec84k3t0ffvu0pps94zheht7lr7ueyn,https://mempool.space/address/bc1qckekr0qz5hezqne3zgcvdaq03897xp3yjcm6mr
bc1qazj2k6avn3qce3xwtvwtnx3ajk79uavkf6vlul,B,0.12956177,2026-07-30 01:32,bc1qc779m8gec84k3t0ffvu0pps94zheht7lr7ueyn,https://mempool.space/address/bc1qazj2k6avn3qce3xwtvwtnx3ajk79uavkf6vlul
bc1quzlke3gftj69tx6hyhxngeykzc3q96xun2fqw9,B,0.12955360,2026-07-30 01:32,bc1qc779m8gec84k3t0ffvu0pps94zheht7lr7ueyn,https://mempool.space/address/bc1quzlke3gftj69tx6hyhxngeykzc3q96xun2fqw9
bc1qypmgp9r4l4vmx3sh6hhffmxsvfctnsw788lk45,B,0.12886116,2026-07-30 01:32,bc1qc779m8gec84k3t0ffvu0pps94zheht7lr7ueyn,https://mempool.space/address/bc1qypmgp9r4l4vmx3sh6hhffmxsvfctnsw788lk45
bc1qqlun4se9fvwka0gj98aj0vd0txsm3n8hrr2hp3,B,0.12812215,2026-07-30 01:32,bc1qc779m8gec84k3t0ffvu0pps94zheht7lr7ueyn,https://mempool.space/address/bc1qqlun4se9fvwka0gj98aj0vd0txsm3n8hrr2hp3
bc1q868qkyj6svruljur264fxq7yk4w5aq6fz946dq,C1,0.12741810,2026-07-30 01:10,bc1qdaarag7729c2n4l2wnyt3hkhfpcs66n98z7uuh,https://mempool.space/address/bc1q868qkyj6svruljur264fxq7yk4w5aq6fz946dq
bc1qk52ejpyexvmf4x50uw0pleaem3am67kea8ydmz,B,0.12706300,2026-07-30 01:32,bc1qc779m8gec84k3t0ffvu0pps94zheht7lr7ueyn,https://mempool.space/address/bc1qk52ejpyexvmf4x50uw0pleaem3am67kea8ydmz
bc1q6nz89fumaw33ezch099yqzwddjudpmhzwjlh7q,B,0.12661417,2026-07-30 01:32,bc1qc779m8gec84k3t0ffvu0pps94zheht7lr7ueyn,https://mempool.space/address/bc1q6nz89fumaw33ezch099yqzwddjudpmhzwjlh7q
bc1qswgn92u00nr0smpwhw54hztz0854xuyj0jutcm,B,0.12588535,2026-07-30 01:32,bc1qc779m8gec84k3t0ffvu0pps94zheht7lr7ueyn,https://mempool.space/address/bc1qswgn92u00nr0smpwhw54hztz0854xuyj0jutcm
bc1qtgvvveczq7ug97pwmgu2q2futmwfhpdlj8g6nw,B,0.12509191,2026-07-30 01:32,bc1qc779m8gec84k3t0ffvu0pps94zheht7lr7ueyn,https://mempool.space/address/bc1qtgvvveczq7ug97pwmgu2q2futmwfhpdlj8g6nw
bc1qfqcrg2suc2wxqx4vvar6hrn4njndrtqqy26mqz,B,0.12502213,2026-07-30 01:32,bc1qc779m8gec84k3t0ffvu0pps94zheht7lr7ueyn,https://mempool.space/address/bc1qfqcrg2suc2wxqx4vvar6hrn4njndrtqqy26mqz
bc1q4v37qpve80x7gs67r42s5hkku25kvwv2r35ca8,B,0.12496700,2026-07-30 01:32,bc1qc779m8gec84k3t0ffvu0pps94zheht7lr7ueyn,https://mempool.space/address/bc1q4v37qpve80x7gs67r42s5hkku25kvwv2r35ca8
bc1qqhh035wrnu85xn6ksm3r5e5vtexyvr2z6tg0yw,B,0.12487029,2026-07-30 01:32,bc1qc779m8gec84k3t0ffvu0pps94zheht7lr7ueyn,https://mempool.space/address/bc1qqhh035wrnu85xn6ksm3r5e5vtexyvr2z6tg0yw
bc1qw0et5s60xfcts4ntxhk0whtwvpt4dn3ta8zlz3,B,0.12474240,2026-07-30 01:32,bc1qc779m8gec84k3t0ffvu0pps94zheht7lr7ueyn,https://mempool.space/address/bc1qw0et5s60xfcts4ntxhk0whtwvpt4dn3ta8zlz3
bc1qzeavay237vsdx2mu74ur9re84r03cfdwvf2wgt,B,0.12307191,2026-07-30 01:32,bc1qc779m8gec84k3t0ffvu0pps94zheht7lr7ueyn,https://mempool.space/address/bc1qzeavay237vsdx2mu74ur9re84r03cfdwvf2wgt
bc1q0f0w2fghl7hg9kw493g3qrtm3pjhmssvec40df,B,0.12294264,2026-07-30 01:32,bc1qc779m8gec84k3t0ffvu0pps94zheht7lr7ueyn,https://mempool.space/address/bc1q0f0w2fghl7hg9kw493g3qrtm3pjhmssvec40df
bc1qag3slduznv7tdhgtf893646rk6mrz6xrgeme0s,B,0.12290629,2026-07-30 01:32,bc1qc779m8gec84k3t0ffvu0pps94zheht7lr7ueyn,https://mempool.space/address/bc1qag3slduznv7tdhgtf893646rk6mrz6xrgeme0s
bc1qddkv7rcseufmy54qggqdmeq6qt2tfcxv5rxcp6,B,0.12283670,2026-07-30 01:32,bc1qc779m8gec84k3t0ffvu0pps94zheht7lr7ueyn,https://mempool.space/address/bc1qddkv7rcseufmy54qggqdmeq6qt2tfcxv5rxcp6
bc1q7jpc3tu8cch6qthx643zyj8eevg4vknehmktsu,B,0.12171476,2026-07-30 01:32,bc1qc779m8gec84k3t0ffvu0pps94zheht7lr7ueyn,https://mempool.space/address/bc1q7jpc3tu8cch6qthx643zyj8eevg4vknehmktsu
bc1q3glatq0q92suk2xljuwzgn8dp06nrljl32ap2h,B,0.12124399,2026-07-30 01:32,bc1qc779m8gec84k3t0ffvu0pps94zheht7lr7ueyn,https://mempool.space/address/bc1q3glatq0q92suk2xljuwzgn8dp06nrljl32ap2h
bc1q02y2my28t4ut3ewcsjz3ctu7xc6d9n6fhzlqgy,B,0.12117012,2026-07-30 01:32,bc1qc779m8gec84k3t0ffvu0pps94zheht7lr7ueyn,https://mempool.space/address/bc1q02y2my28t4ut3ewcsjz3ctu7xc6d9n6fhzlqgy
bc1qzv0a47tklf4rdsldljtdvprhk7zl7acyxgh6xy,B,0.12092562,2026-07-30 01:32,bc1qc779m8gec84k3t0ffvu0pps94zheht7lr7ueyn,https://mempool.space/address/bc1qzv0a47tklf4rdsldljtdvprhk7zl7acyxgh6xy
bc1q6tljdjclmguc24p7ygwrl3wr2rzy2d0kejfrtg,B,0.12045482,2026-07-30 01:32,bc1qc779m8gec84k3t0ffvu0pps94zheht7lr7ueyn,https://mempool.space/address/bc1q6tljdjclmguc24p7ygwrl3wr2rzy2d0kejfrtg
bc1q3mz9ljslwp33vyr0kahjx6wrstf734qfvq0wpl,B,0.11996700,2026-07-30 01:32,bc1qc779m8gec84k3t0ffvu0pps94zheht7lr7ueyn,https://mempool.space/address/bc1q3mz9ljslwp33vyr0kahjx6wrstf734qfvq0wpl
bc1qnqrpgh4nu0rkrhlpcyyj7za9w48lww608n02t3,B,0.11969051,2026-07-30 01:32,bc1qc779m8gec84k3t0ffvu0pps94zheht7lr7ueyn,https://mempool.space/address/bc1qnqrpgh4nu0rkrhlpcyyj7za9w48lww608n02t3
bc1qg3qucmrkgc2a4srynajzx3fgflsynyhwa9rvt2,B,0.11921700,2026-07-30 01:32,bc1qc779m8gec84k3t0ffvu0pps94zheht7lr7ueyn,https://mempool.space/address/bc1qg3qucmrkgc2a4srynajzx3fgflsynyhwa9rvt2
bc1qluly52pel0pa04h9up7nk2p8lr3l3uccywkugq,B,0.11916119,2026-07-30 01:32,bc1qc779m8gec84k3t0ffvu0pps94zheht7lr7ueyn,https://mempool.space/address/bc1qluly52pel0pa04h9up7nk2p8lr3l3uccywkugq
bc1q29l2lv8dhpumfzvelh6mjg7yz0we5jx8ut8ltj,B,0.11887334,2026-07-30 01:32,bc1qc779m8gec84k3t0ffvu0pps94zheht7lr7ueyn,https://mempool.space/address/bc1q29l2lv8dhpumfzvelh6mjg7yz0we5jx8ut8ltj
bc1qnqr6gumesc78zhedg2t70xn67y8ykp7vmkjps4,C1,0.11827440,2026-07-30 01:10,bc1qdaarag7729c2n4l2wnyt3hkhfpcs66n98z7uuh,https://mempool.space/address/bc1qnqr6gumesc78zhedg2t70xn67y8ykp7vmkjps4
bc1qghdygewg7459hyhszj0ed9uz6gzhqadajjfxhr,B,0.11791089,2026-07-30 01:32,bc1qc779m8gec84k3t0ffvu0pps94zheht7lr7ueyn,https://mempool.space/address/bc1qghdygewg7459hyhszj0ed9uz6gzhqadajjfxhr
bc1q2jvcfxpm9qmsxzradvrsm3w0v2pnhd308wceg2,B,0.11778499,2026-07-30 01:32,bc1qc779m8gec84k3t0ffvu0pps94zheht7lr7ueyn,https://mempool.space/address/bc1q2jvcfxpm9qmsxzradvrsm3w0v2pnhd308wceg2
bc1qyue2v4qkr3sz493gn30jdyu6867ffv336au705,B,0.11753924,2026-07-30 01:32,bc1qc779m8gec84k3t0ffvu0pps94zheht7lr7ueyn,https://mempool.space/address/bc1qyue2v4qkr3sz493gn30jdyu6867ffv336au705
bc1qee7r99vk0km2l73435v45r78wmmr4v7mxs22t9,B,0.11636783,2026-07-30 01:32,bc1qc779m8gec84k3t0ffvu0pps94zheht7lr7ueyn,https://mempool.space/address/bc1qee7r99vk0km2l73435v45r78wmmr4v7mxs22t9
bc1qll742h36v9ds3n3rtrswpsnqfdgafztzyr6jfa,B,0.11611427,2026-07-30 01:32,bc1qc779m8gec84k3t0ffvu0pps94zheht7lr7ueyn,https://mempool.space/address/bc1qll742h36v9ds3n3rtrswpsnqfdgafztzyr6jfa
bc1qckeaxsv9zlszahgeshactsr24mg4gkvsamrmaj,B,0.11497935,2026-07-30 01:32,bc1qc779m8gec84k3t0ffvu0pps94zheht7lr7ueyn,https://mempool.space/address/bc1qckeaxsv9zlszahgeshactsr24mg4gkvsamrmaj
bc1qzggmgcg5rm6cn5tuuf2emvxgzxrmm3zrshg0sv,B,0.11446311,2026-07-30 01:32,bc1qc779m8gec84k3t0ffvu0pps94zheht7lr7ueyn,https://mempool.space/address/bc1qzggmgcg5rm6cn5tuuf2emvxgzxrmm3zrshg0sv
bc1q7ph9fgrqqmv890qakn8266qm8uzg27kna608jw,B,0.11425800,2026-07-30 01:32,bc1qc779m8gec84k3t0ffvu0pps94zheht7lr7ueyn,https://mempool.space/address/bc1q7ph9fgrqqmv890qakn8266qm8uzg27kna608jw
bc1q2n0dclm4ztjrlan2z95cltnh7hvj3stx35cwl5,B,0.11315614,2026-07-30 01:32,bc1qc779m8gec84k3t0ffvu0pps94zheht7lr7ueyn,https://mempool.space/address/bc1q2n0dclm4ztjrlan2z95cltnh7hvj3stx35cwl5
bc1q53908xs6y9n8svfpm729e0x8vscmqw4dwu3sm5,B,0.11161770,2026-07-30 01:32,bc1qc779m8gec84k3t0ffvu0pps94zheht7lr7ueyn,https://mempool.space/address/bc1q53908xs6y9n8svfpm729e0x8vscmqw4dwu3sm5
bc1qy83x9mgwg3jne08xdjrr2g6rltypucdkxeel5d,B,0.11000514,2026-07-30 01:32,bc1qc779m8gec84k3t0ffvu0pps94zheht7lr7ueyn,https://mempool.space/address/bc1qy83x9mgwg3jne08xdjrr2g6rltypucdkxeel5d
bc1qqr4ju6ryc496x7x0rgygmtrv2smu7naj6y2nrs,B,0.10988200,2026-07-30 01:32,bc1qc779m8gec84k3t0ffvu0pps94zheht7lr7ueyn,https://mempool.space/address/bc1qqr4ju6ryc496x7x0rgygmtrv2smu7naj6y2nrs
bc1qv7a25m9knsqy3srrj4t7cqrrl9mphxkts5lxqy,B,0.10984342,2026-07-30 01:32,bc1qc779m8gec84k3t0ffvu0pps94zheht7lr7ueyn,https://mempool.space/address/bc1qv7a25m9knsqy3srrj4t7cqrrl9mphxkts5lxqy
bc1qhael7a0asjexrwma0gmcm0ku87mpsazze7rxt2,B,0.10966299,2026-07-30 01:32,bc1qc779m8gec84k3t0ffvu0pps94zheht7lr7ueyn,https://mempool.space/address/bc1qhael7a0asjexrwma0gmcm0ku87mpsazze7rxt2
bc1q202ry7zy8r7k5506wnc8uhvw90r5d9gslvkx5s,B,0.10966148,2026-07-30 01:32,bc1qc779m8gec84k3t0ffvu0pps94zheht7lr7ueyn,https://mempool.space/address/bc1q202ry7zy8r7k5506wnc8uhvw90r5d9gslvkx5s
bc1qk9m8u9vhj5m64rnwx9lvdrgenlkpjgwl7y9755,B,0.10966091,2026-07-30 01:32,bc1qc779m8gec84k3t0ffvu0pps94zheht7lr7ueyn,https://mempool.space/address/bc1qk9m8u9vhj5m64rnwx9lvdrgenlkpjgwl7y9755
bc1q55m787qkvxhemm6y4w8gws9la2pjfvssnvumh3,B,0.10966056,2026-07-30 01:32,bc1qc779m8gec84k3t0ffvu0pps94zheht7lr7ueyn,https://mempool.space/address/bc1q55m787qkvxhemm6y4w8gws9la2pjfvssnvumh3
bc1quz3zg6k6yc6gqsdzruq79up0jg8zupptqmks6e,B,0.10966008,2026-07-30 01:32,bc1qc779m8gec84k3t0ffvu0pps94zheht7lr7ueyn,https://mempool.space/address/bc1quz3zg6k6yc6gqsdzruq79up0jg8zupptqmks6e
bc1q2xg2lh5emgxmrn0lgx3n9f74egw3g3f70nudrf,B,0.10965959,2026-07-30 01:32,bc1qc779m8gec84k3t0ffvu0pps94zheht7lr7ueyn,https://mempool.space/address/bc1q2xg2lh5emgxmrn0lgx3n9f74egw3g3f70nudrf
bc1q05r7yc3gv87sc7pm3cg8qg0pkg3g6dt7da9kks,B,0.10960247,2026-07-30 01:32,bc1qc779m8gec84k3t0ffvu0pps94zheht7lr7ueyn,https://mempool.space/address/bc1q05r7yc3gv87sc7pm3cg8qg0pkg3g6dt7da9kks
bc1qsk646ahlm2gxdyld9y0z007lycht7775thufwj,B,0.10902938,2026-07-30 01:32,bc1qc779m8gec84k3t0ffvu0pps94zheht7lr7ueyn,https://mempool.space/address/bc1qsk646ahlm2gxdyld9y0z007lycht7775thufwj
bc1qyp5pmem2yk8mzc3qq8954c5k65l7w82uv37qsv,B,0.10885016,2026-07-30 01:32,bc1qc779m8gec84k3t0ffvu0pps94zheht7lr7ueyn,https://mempool.space/address/bc1qyp5pmem2yk8mzc3qq8954c5k65l7w82uv37qsv
bc1q8ql23tspqjpndnl6kwwd949x78swm80wn6vls4,B,0.10872226,2026-07-30 01:32,bc1qc779m8gec84k3t0ffvu0pps94zheht7lr7ueyn,https://mempool.space/address/bc1q8ql23tspqjpndnl6kwwd949x78swm80wn6vls4
bc1qp8853lctwlrn0mrsvylvr5346xxkme9zhxwusz,B,0.10871963,2026-07-30 01:32,bc1qc779m8gec84k3t0ffvu0pps94zheht7lr7ueyn,https://mempool.space/address/bc1qp8853lctwlrn0mrsvylvr5346xxkme9zhxwusz
bc1qj3r5nz59lqhn653grwd24v62r2xdlgl5mcu7g2,B,0.10871636,2026-07-30 01:32,bc1qc779m8gec84k3t0ffvu0pps94zheht7lr7ueyn,https://mempool.space/address/bc1qj3r5nz59lqhn653grwd24v62r2xdlgl5mcu7g2
bc1qc4dp509gfum22243d0z47z6we8uk8ppeva08gt,B,0.10871571,2026-07-30 01:32,bc1qc779m8gec84k3t0ffvu0pps94zheht7lr7ueyn,https://mempool.space/address/bc1qc4dp509gfum22243d0z47z6we8uk8ppeva08gt
bc1qvfzaq6pw4nwg9k64jp0d332ct24pps69eth9mz,B,0.10870715,2026-07-30 01:32,bc1qc779m8gec84k3t0ffvu0pps94zheht7lr7ueyn,https://mempool.space/address/bc1qvfzaq6pw4nwg9k64jp0d332ct24pps69eth9mz
bc1qvccml7w4ghhfvc83frlhyss8yg0wfld5q9hxat,B,0.10870599,2026-07-30 01:32,bc1qc779m8gec84k3t0ffvu0pps94zheht7lr7ueyn,https://mempool.space/address/bc1qvccml7w4ghhfvc83frlhyss8yg0wfld5q9hxat
bc1qwkc58jmct5hn38m9nmudrjvfsp02t522ufwx34,B,0.10870573,2026-07-30 01:32,bc1qc779m8gec84k3t0ffvu0pps94zheht7lr7ueyn,https://mempool.space/address/bc1qwkc58jmct5hn38m9nmudrjvfsp02t522ufwx34
bc1q6ue4gjpjayy3cgz43wr70vzkeyu9p2ygp55rd0,B,0.10870426,2026-07-30 01:32,bc1qc779m8gec84k3t0ffvu0pps94zheht7lr7ueyn,https://mempool.space/address/bc1q6ue4gjpjayy3cgz43wr70vzkeyu9p2ygp55rd0
bc1q47rkawyty9r7fyww5vsrkmugcxynhnmcpnavuk,B,0.10870305,2026-07-30 01:32,bc1qc779m8gec84k3t0ffvu0pps94zheht7lr7ueyn,https://mempool.space/address/bc1q47rkawyty9r7fyww5vsrkmugcxynhnmcpnavuk
bc1q2xhelhkkmentp9vqd8yek2fpzwxj2ujcteegp4,B,0.10870264,2026-07-30 01:32,bc1qc779m8gec84k3t0ffvu0pps94zheht7lr7ueyn,https://mempool.space/address/bc1q2xhelhkkmentp9vqd8yek2fpzwxj2ujcteegp4
bc1q534d5e07drlphs5kat7qk2yc8v2cuelr0a0jzy,B,0.10870212,2026-07-30 01:32,bc1qc779m8gec84k3t0ffvu0pps94zheht7lr7ueyn,https://mempool.space/address/bc1q534d5e07drlphs5kat7qk2yc8v2cuelr0a0jzy
bc1qtrarycvn2us376we55wqk3p8460vw50kvxpt7q,B,0.10870085,2026-07-30 01:32,bc1qc779m8gec84k3t0ffvu0pps94zheht7lr7ueyn,https://mempool.space/address/bc1qtrarycvn2us376we55wqk3p8460vw50kvxpt7q
bc1qauxcdl773hyl6jl32ytz2dl0yrnvw7frhn30qu,B,0.10870085,2026-07-30 01:32,bc1qc779m8gec84k3t0ffvu0pps94zheht7lr7ueyn,https://mempool.space/address/bc1qauxcdl773hyl6jl32ytz2dl0yrnvw7frhn30qu
bc1qj5xwekpt0u8avav4c8yvyr5rklpfvuatuwpfqp,B,0.10869975,2026-07-30 01:32,bc1qc779m8gec84k3t0ffvu0pps94zheht7lr7ueyn,https://mempool.space/address/bc1qj5xwekpt0u8avav4c8yvyr5rklpfvuatuwpfqp
bc1qmgz9l2j08sz7keyu77u5lm22e5rtvn9ekk5lwy,B,0.10869872,2026-07-30 01:32,bc1qc779m8gec84k3t0ffvu0pps94zheht7lr7ueyn,https://mempool.space/address/bc1qmgz9l2j08sz7keyu77u5lm22e5rtvn9ekk5lwy
bc1qeycj7xf8tz8zx7cu9j5xwdvth5kzf8dvqrj2hx,B,0.10869780,2026-07-30 01:32,bc1qc779m8gec84k3t0ffvu0pps94zheht7lr7ueyn,https://mempool.space/address/bc1qeycj7xf8tz8zx7cu9j5xwdvth5kzf8dvqrj2hx
bc1q56xd3j046execvz3yxgjj6lvnwpj6cwnhrn4xr,B,0.10869684,2026-07-30 01:32,bc1qc779m8gec84k3t0ffvu0pps94zheht7lr7ueyn,https://mempool.space/address/bc1q56xd3j046execvz3yxgjj6lvnwpj6cwnhrn4xr
bc1qzufavqyqf5j0jcytvcf87x7nfjgsv3ljvl7hqj,B,0.10869648,2026-07-30 01:32,bc1qc779m8gec84k3t0ffvu0pps94zheht7lr7ueyn,https://mempool.space/address/bc1qzufavqyqf5j0jcytvcf87x7nfjgsv3ljvl7hqj
bc1q2uzrfctph09uym5rw4aqamrqqs689sp9f6palh,B,0.10869558,2026-07-30 01:32,bc1qc779m8gec84k3t0ffvu0pps94zheht7lr7ueyn,https://mempool.space/address/bc1q2uzrfctph09uym5rw4aqamrqqs689sp9f6palh
bc1ql6eajsvn26akw4gwcm6fcp57wv0e383q4tcwpl,B,0.10868735,2026-07-30 01:32,bc1qc779m8gec84k3t0ffvu0pps94zheht7lr7ueyn,https://mempool.space/address/bc1ql6eajsvn26akw4gwcm6fcp57wv0e383q4tcwpl
bc1qglrfmt629y484skpurgnn2dl2v4ac9p8557uf5,B,0.10868735,2026-07-30 01:32,bc1qc779m8gec84k3t0ffvu0pps94zheht7lr7ueyn,https://mempool.space/address/bc1qglrfmt629y484skpurgnn2dl2v4ac9p8557uf5
bc1qrkvjs0u5nrcl72wl6q5a7jn580ct4v43wxqmj3,B,0.10868326,2026-07-30 01:32,bc1qc779m8gec84k3t0ffvu0pps94zheht7lr7ueyn,https://mempool.space/address/bc1qrkvjs0u5nrcl72wl6q5a7jn580ct4v43wxqmj3
bc1qgkn4esdagqctc5hn0v4xy860trtj5xckrls00d,B,0.10868302,2026-07-30 01:32,bc1qc779m8gec84k3t0ffvu0pps94zheht7lr7ueyn,https://mempool.space/address/bc1qgkn4esdagqctc5hn0v4xy860trtj5xckrls00d
bc1qwt35d52w89tj3lcux5t60huavcaxs6sj7nlde0,B,0.10865877,2026-07-30 01:32,bc1qc779m8gec84k3t0ffvu0pps94zheht7lr7ueyn,https://mempool.space/address/bc1qwt35d52w89tj3lcux5t60huavcaxs6sj7nlde0
bc1qfl46wgstwlg5tgg94y9m3dct30xt5c33pcz9az,B,0.10865541,2026-07-30 01:32,bc1qc779m8gec84k3t0ffvu0pps94zheht7lr7ueyn,https://mempool.space/address/bc1qfl46wgstwlg5tgg94y9m3dct30xt5c33pcz9az
bc1q48day5w7nuced8xl32v8jlwruy6hpqh5mtv94f,B,0.10860799,2026-07-30 01:32,bc1qc779m8gec84k3t0ffvu0pps94zheht7lr7ueyn,https://mempool.space/address/bc1q48day5w7nuced8xl32v8jlwruy6hpqh5mtv94f
bc1qdl938ty5tnrknn5s2h35225w3ugaujznj3r6t4,B,0.10860533,2026-07-30 01:32,bc1qc779m8gec84k3t0ffvu0pps94zheht7lr7ueyn,https://mempool.space/address/bc1qdl938ty5tnrknn5s2h35225w3ugaujznj3r6t4
bc1qeesuj07fuu78snxdwcrf4a46nsqkjwee5pt44c,B,0.10856726,2026-07-30 01:32,bc1qc779m8gec84k3t0ffvu0pps94zheht7lr7ueyn,https://mempool.space/address/bc1qeesuj07fuu78snxdwcrf4a46nsqkjwee5pt44c
bc1qavp5re4f4gg54ssm35kh2jyt6yfhyehn3flh7f,B,0.10854166,2026-07-30 01:32,bc1qc779m8gec84k3t0ffvu0pps94zheht7lr7ueyn,https://mempool.space/address/bc1qavp5re4f4gg54ssm35kh2jyt6yfhyehn3flh7f
bc1qh93pgzff0zyve5prmdczlx8h7j9am3e2rf2qrv,B,0.10844747,2026-07-30 01:32,bc1qc779m8gec84k3t0ffvu0pps94zheht7lr7ueyn,https://mempool.space/address/bc1qh93pgzff0zyve5prmdczlx8h7j9am3e2rf2qrv
bc1qws4f5j26tdw0068nae3e7dymkpecz4u50253qz,B,0.10841573,2026-07-30 01:32,bc1qc779m8gec84k3t0ffvu0pps94zheht7lr7ueyn,https://mempool.space/address/bc1qws4f5j26tdw0068nae3e7dymkpecz4u50253qz
bc1qpa99lrlhfyzqtlevczwgmzez3kjurxstgdzk0d,B,0.10838954,2026-07-30 01:32,bc1qc779m8gec84k3t0ffvu0pps94zheht7lr7ueyn,https://mempool.space/address/bc1qpa99lrlhfyzqtlevczwgmzez3kjurxstgdzk0d
bc1q34h36nvwp0qmvzwz7v2dvwrxmu03ggltc747cg,B,0.10835630,2026-07-30 01:32,bc1qc779m8gec84k3t0ffvu0pps94zheht7lr7ueyn,https://mempool.space/address/bc1q34h36nvwp0qmvzwz7v2dvwrxmu03ggltc747cg
bc1qw8rzfjjthxku327qyrm0sr2dxzwdtr6kklqt6x,B,0.10833989,2026-07-30 01:32,bc1qc779m8gec84k3t0ffvu0pps94zheht7lr7ueyn,https://mempool.space/address/bc1qw8rzfjjthxku327qyrm0sr2dxzwdtr6kklqt6x
bc1qlzypahvphqtwvwp8dqakrjvewy0v072pklh6zf,B,0.10833470,2026-07-30 01:32,bc1qc779m8gec84k3t0ffvu0pps94zheht7lr7ueyn,https://mempool.space/address/bc1qlzypahvphqtwvwp8dqakrjvewy0v072pklh6zf
bc1qyav73dlwhtjh0wfz76prz6fjdc5awu5kna8gh0,B,0.10833273,2026-07-30 01:32,bc1qc779m8gec84k3t0ffvu0pps94zheht7lr7ueyn,https://mempool.space/address/bc1qyav73dlwhtjh0wfz76prz6fjdc5awu5kna8gh0
bc1q2hpac7hgvphjk6hllfv2pcejpnjss2gwwhs8h3,B,0.10826589,2026-07-30 01:32,bc1qc779m8gec84k3t0ffvu0pps94zheht7lr7ueyn,https://mempool.space/address/bc1q2hpac7hgvphjk6hllfv2pcejpnjss2gwwhs8h3
bc1q2f7c9te8tzcj6yqnkwssz0477k6sr3m0hvl70d,B,0.10823152,2026-07-30 01:32,bc1qc779m8gec84k3t0ffvu0pps94zheht7lr7ueyn,https://mempool.space/address/bc1q2f7c9te8tzcj6yqnkwssz0477k6sr3m0hvl70d
bc1q3ly4aut9863xjteyvy9atljpsex34vnmlsact7,B,0.10819632,2026-07-30 01:32,bc1qc779m8gec84k3t0ffvu0pps94zheht7lr7ueyn,https://mempool.space/address/bc1q3ly4aut9863xjteyvy9atljpsex34vnmlsact7
bc1q5xpkdgc76jge6wcfc5dgk0qg8zxl7rgtsz94lv,B,0.10819579,2026-07-30 01:32,bc1qc779m8gec84k3t0ffvu0pps94zheht7lr7ueyn,https://mempool.space/address/bc1q5xpkdgc76jge6wcfc5dgk0qg8zxl7rgtsz94lv
bc1qgufnmwpya9txdr2ymm9u7dgufxqqmhxt5f2n8f,B,0.10819480,2026-07-30 01:32,bc1qc779m8gec84k3t0ffvu0pps94zheht7lr7ueyn,https://mempool.space/address/bc1qgufnmwpya9txdr2ymm9u7dgufxqqmhxt5f2n8f
bc1q74eavdjft9julgjlmgmt8ygmymdwregyny3pwe,C1,0.10256700,2026-07-30 01:10,bc1qdaarag7729c2n4l2wnyt3hkhfpcs66n98z7uuh,https://mempool.space/address/bc1q74eavdjft9julgjlmgmt8ygmymdwregyny3pwe
bc1qtaqfj7w939rw9qqgwq7l9c33gm50e8ncjlauwp,C1,0.10181680,2026-07-30 01:10,bc1qdaarag7729c2n4l2wnyt3hkhfpcs66n98z7uuh,https://mempool.space/address/bc1qtaqfj7w939rw9qqgwq7l9c33gm50e8ncjlauwp
bc1q28hf47krfpqttc9qeh3fzpzd2t3elvnqmfdqk7,C1,0.10118677,2026-07-30 01:10,bc1qdaarag7729c2n4l2wnyt3hkhfpcs66n98z7uuh,https://mempool.space/address/bc1q28hf47krfpqttc9qeh3fzpzd2t3elvnqmfdqk7
bc1qam6tafju2acuemdkq4389m06xj87nd532lfnt8,C1,0.10053076,2026-07-30 01:10,bc1qdaarag7729c2n4l2wnyt3hkhfpcs66n98z7uuh,https://mempool.space/address/bc1qam6tafju2acuemdkq4389m06xj87nd532lfnt8
bc1qr0yucvxt7uvkqgaxmtggu0v26s3pj8s9vsd2az,C1,0.08696700,2026-07-30 01:10,bc1qdaarag7729c2n4l2wnyt3hkhfpcs66n98z7uuh,https://mempool.space/address/bc1qr0yucvxt7uvkqgaxmtggu0v26s3pj8s9vsd2az
bc1q8xf00n0839xjknj5qds5yh7avtv0w0mxezsm9c,C1,0.08378715,2026-07-30 01:10,bc1qdaarag7729c2n4l2wnyt3hkhfpcs66n98z7uuh,https://mempool.space/address/bc1q8xf00n0839xjknj5qds5yh7avtv0w0mxezsm9c
bc1qmser8c5d37dyc9w6yh78qngj8lf4jh96nq8rv6,C1,0.07846700,2026-07-30 01:10,bc1qdaarag7729c2n4l2wnyt3hkhfpcs66n98z7uuh,https://mempool.space/address/bc1qmser8c5d37dyc9w6yh78qngj8lf4jh96nq8rv6
bc1q36elchvaezgcjfed5hpemgpa7wczr3z92mh0z4,C1,0.07829967,2026-07-30 01:10,bc1qdaarag7729c2n4l2wnyt3hkhfpcs66n98z7uuh,https://mempool.space/address/bc1q36elchvaezgcjfed5hpemgpa7wczr3z92mh0z4
bc1q99fqkwhgcsgj5hm6q9e0kkcty8c8m7290d833u,C1,0.06739000,2026-07-30 01:10,bc1qdaarag7729c2n4l2wnyt3hkhfpcs66n98z7uuh,https://mempool.space/address/bc1q99fqkwhgcsgj5hm6q9e0kkcty8c8m7290d833u
bc1qw7rqm2qctlceaw0lkmtt6duenkh4leq9fgzmj5,C1,0.06477996,2026-07-30 01:10,bc1qdaarag7729c2n4l2wnyt3hkhfpcs66n98z7uuh,https://mempool.space/address/bc1qw7rqm2qctlceaw0lkmtt6duenkh4leq9fgzmj5
bc1qg5cpwz9efsemch9jl7v4ursz9l7rs8wkxjyj88,C1,0.06272920,2026-07-30 01:10,bc1qdaarag7729c2n4l2wnyt3hkhfpcs66n98z7uuh,https://mempool.space/address/bc1qg5cpwz9efsemch9jl7v4ursz9l7rs8wkxjyj88
bc1q7h8acl3ajyvmpwamd0xptqhmp5rw0qftw0m3pq,C1,0.06213672,2026-07-30 01:10,bc1qdaarag7729c2n4l2wnyt3hkhfpcs66n98z7uuh,https://mempool.space/address/bc1q7h8acl3ajyvmpwamd0xptqhmp5rw0qftw0m3pq
bc1qzqcx0mymuuqcv5l08jn245zuuh0yn7ethngef2,C1,0.05946700,2026-07-30 01:10,bc1qdaarag7729c2n4l2wnyt3hkhfpcs66n98z7uuh,https://mempool.space/address/bc1qzqcx0mymuuqcv5l08jn245zuuh0yn7ethngef2
bc1qxk4ap55j9gys5d7rm80c3jd3465peqc45avtc3,C1,0.05839083,2026-07-30 01:10,bc1qdaarag7729c2n4l2wnyt3hkhfpcs66n98z7uuh,https://mempool.space/address/bc1qxk4ap55j9gys5d7rm80c3jd3465peqc45avtc3
bc1q4wpv7camn47m2hc0ukjxutvll9tge7x3d6vxs6,C1,0.05603347,2026-07-30 01:10,bc1qdaarag7729c2n4l2wnyt3hkhfpcs66n98z7uuh,https://mempool.space/address/bc1q4wpv7camn47m2hc0ukjxutvll9tge7x3d6vxs6
bc1qcm8vq094lkqayqax2phndpu33v8qyzqhegkx7m,C1,0.05365524,2026-07-30 01:10,bc1qdaarag7729c2n4l2wnyt3hkhfpcs66n98z7uuh,https://mempool.space/address/bc1qcm8vq094lkqayqax2phndpu33v8qyzqhegkx7m
bc1qdgumj68pxfke0c5rms3rdkmuwc8pq3ccx5yfpc,C1,0.05293360,2026-07-30 01:10,bc1qdaarag7729c2n4l2wnyt3hkhfpcs66n98z7uuh,https://mempool.space/address/bc1qdgumj68pxfke0c5rms3rdkmuwc8pq3ccx5yfpc
bc1qfzaz6ujf3jegp04ss0p6snlydupuh4e4gljjtk,C1,0.05235419,2026-07-30 01:10,bc1qdaarag7729c2n4l2wnyt3hkhfpcs66n98z7uuh,https://mempool.space/address/bc1qfzaz6ujf3jegp04ss0p6snlydupuh4e4gljjtk
bc1q66fm73j7fyu5la266l7z7dm46uyrxc952nuhge,C1,0.04892000,2026-07-30 01:10,bc1qdaarag7729c2n4l2wnyt3hkhfpcs66n98z7uuh,https://mempool.space/address/bc1q66fm73j7fyu5la266l7z7dm46uyrxc952nuhge
bc1qh295d85gk5ayx8370u2672ty58wvzsu2tsjudp,C1,0.04684050,2026-07-30 01:10,bc1qdaarag7729c2n4l2wnyt3hkhfpcs66n98z7uuh,https://mempool.space/address/bc1qh295d85gk5ayx8370u2672ty58wvzsu2tsjudp
bc1qcs34dnu5k54hlk5e8unys5ju85yqhtanrthqnc,C1,0.04620184,2026-07-30 01:10,bc1qdaarag7729c2n4l2wnyt3hkhfpcs66n98z7uuh,https://mempool.space/address/bc1qcs34dnu5k54hlk5e8unys5ju85yqhtanrthqnc
bc1qhheyp59k5mqur7dj7mgxg9am82zjxhlz99cxn9,C1,0.04596633,2026-07-30 01:10,bc1qdaarag7729c2n4l2wnyt3hkhfpcs66n98z7uuh,https://mempool.space/address/bc1qhheyp59k5mqur7dj7mgxg9am82zjxhlz99cxn9
bc1ql8z05jky2hy4lpva0shvpdn9e347hcd2d3096t,C1,0.04506764,2026-07-30 01:10,bc1qdaarag7729c2n4l2wnyt3hkhfpcs66n98z7uuh,https://mempool.space/address/bc1ql8z05jky2hy4lpva0shvpdn9e347hcd2d3096t
bc1qhk9vchydq0egxycmn93rjyt5fn55709yw6q902,C1,0.04404886,2026-07-30 01:10,bc1qdaarag7729c2n4l2wnyt3hkhfpcs66n98z7uuh,https://mempool.space/address/bc1qhk9vchydq0egxycmn93rjyt5fn55709yw6q902
bc1qc68eha7e4q088fpc5jf2cjufkdxq72x9t2cxcn,C1,0.04193634,2026-07-30 01:10,bc1qdaarag7729c2n4l2wnyt3hkhfpcs66n98z7uuh,https://mempool.space/address/bc1qc68eha7e4q088fpc5jf2cjufkdxq72x9t2cxcn
bc1qkw3ggzzehefpcluufss4h7r7fm7a7jndxxky2u,C1,0.04157052,2026-07-30 01:10,bc1qdaarag7729c2n4l2wnyt3hkhfpcs66n98z7uuh,https://mempool.space/address/bc1qkw3ggzzehefpcluufss4h7r7fm7a7jndxxky2u
bc1qtkqeac08yehxnzxnqdhfl5g6hkryghdqsqa2d5,C1,0.04153462,2026-07-30 01:10,bc1qdaarag7729c2n4l2wnyt3hkhfpcs66n98z7uuh,https://mempool.space/address/bc1qtkqeac08yehxnzxnqdhfl5g6hkryghdqsqa2d5
bc1qugre430zpwnqltrv0kg5srhp5ftlgnyzxq9nee,C1,0.04105784,2026-07-30 01:10,bc1qdaarag7729c2n4l2wnyt3hkhfpcs66n98z7uuh,https://mempool.space/address/bc1qugre430zpwnqltrv0kg5srhp5ftlgnyzxq9nee
bc1qvw7e7l9gaat383n2p4r4k0tjn2wgafp3pwku59,C1,0.04102955,2026-07-30 01:10,bc1qdaarag7729c2n4l2wnyt3hkhfpcs66n98z7uuh,https://mempool.space/address/bc1qvw7e7l9gaat383n2p4r4k0tjn2wgafp3pwku59
bc1qs09u8hc9zkklpcjhxqq7t3kss305q9m4rs7ze8,C1,0.04061584,2026-07-30 01:10,bc1qdaarag7729c2n4l2wnyt3hkhfpcs66n98z7uuh,https://mempool.space/address/bc1qs09u8hc9zkklpcjhxqq7t3kss305q9m4rs7ze8
bc1qfsm3kp83zjges5cwnnmd8a4ss50w5l69wuhwc9,C1,0.04043879,2026-07-30 01:10,bc1qdaarag7729c2n4l2wnyt3hkhfpcs66n98z7uuh,https://mempool.space/address/bc1qfsm3kp83zjges5cwnnmd8a4ss50w5l69wuhwc9
bc1qergv2a6hglntwn09vx5k4f0wacm398zryuv668,C1,0.04036037,2026-07-30 01:10,bc1qdaarag7729c2n4l2wnyt3hkhfpcs66n98z7uuh,https://mempool.space/address/bc1qergv2a6hglntwn09vx5k4f0wacm398zryuv668
bc1qfwp8hww5qmy263k3ltpd6dvt4huvh05zmuv24w,C1,0.03912951,2026-07-30 01:10,bc1qdaarag7729c2n4l2wnyt3hkhfpcs66n98z7uuh,https://mempool.space/address/bc1qfwp8hww5qmy263k3ltpd6dvt4huvh05zmuv24w
bc1qu4f49dv9u20x2w3l7p2gs67ztap2stwjkqxztt,C1,0.03883637,2026-07-30 01:10,bc1qdaarag7729c2n4l2wnyt3hkhfpcs66n98z7uuh,https://mempool.space/address/bc1qu4f49dv9u20x2w3l7p2gs67ztap2stwjkqxztt
bc1qa8v2wpu2r79k90r5cwy6uj4e0s6ey3acfnns7d,C1,0.03798727,2026-07-30 01:10,bc1qdaarag7729c2n4l2wnyt3hkhfpcs66n98z7uuh,https://mempool.space/address/bc1qa8v2wpu2r79k90r5cwy6uj4e0s6ey3acfnns7d
bc1qzwrnsndcj3c8j5pgccfyxkvxhwu5z0wktemh3e,C1,0.03713960,2026-07-30 01:10,bc1qdaarag7729c2n4l2wnyt3hkhfpcs66n98z7uuh,https://mempool.space/address/bc1qzwrnsndcj3c8j5pgccfyxkvxhwu5z0wktemh3e
bc1qzllrs7nt6s9pwtrlhtl47mjad47fjj2llxle2z,C1,0.03518458,2026-07-30 01:10,bc1qdaarag7729c2n4l2wnyt3hkhfpcs66n98z7uuh,https://mempool.space/address/bc1qzllrs7nt6s9pwtrlhtl47mjad47fjj2llxle2z
bc1qdqn3xzhf895vh5cjpvqhkfajsjsklt4ha8ln6w,C1,0.03332113,2026-07-30 01:10,bc1qdaarag7729c2n4l2wnyt3hkhfpcs66n98z7uuh,https://mempool.space/address/bc1qdqn3xzhf895vh5cjpvqhkfajsjsklt4ha8ln6w
bc1qnqqdpv5nq8xys99l6eahhjs2sqfpruc5y2tutf,C1,0.03273150,2026-07-30 01:10,bc1qdaarag7729c2n4l2wnyt3hkhfpcs66n98z7uuh,https://mempool.space/address/bc1qnqqdpv5nq8xys99l6eahhjs2sqfpruc5y2tutf
bc1qce0k8apasq7lldtphs3p3mcfx0za3l3kvq9kl9,C1,0.03227026,2026-07-30 01:10,bc1qdaarag7729c2n4l2wnyt3hkhfpcs66n98z7uuh,https://mempool.space/address/bc1qce0k8apasq7lldtphs3p3mcfx0za3l3kvq9kl9
bc1qx5vwrkl5xvgdv3urv6qyc36gp9e55sy9x0fv7c,C1,0.03202603,2026-07-30 01:10,bc1qdaarag7729c2n4l2wnyt3hkhfpcs66n98z7uuh,https://mempool.space/address/bc1qx5vwrkl5xvgdv3urv6qyc36gp9e55sy9x0fv7c
bc1qlxjp9tqaffqjh7fxjv4rhtea2hdp0q2pldt9ca,C1,0.03192714,2026-07-30 01:10,bc1qdaarag7729c2n4l2wnyt3hkhfpcs66n98z7uuh,https://mempool.space/address/bc1qlxjp9tqaffqjh7fxjv4rhtea2hdp0q2pldt9ca
bc1qhg8r6nss6hmkmu83e4yxuvn6tgwxsaludfq8s6,C1,0.03192541,2026-07-30 01:10,bc1qdaarag7729c2n4l2wnyt3hkhfpcs66n98z7uuh,https://mempool.space/address/bc1qhg8r6nss6hmkmu83e4yxuvn6tgwxsaludfq8s6
bc1q7uq7gx0f2vud0kkjfxfjwsvufy4p96wwesjt93,C1,0.02977876,2026-07-30 01:10,bc1qdaarag7729c2n4l2wnyt3hkhfpcs66n98z7uuh,https://mempool.space/address/bc1q7uq7gx0f2vud0kkjfxfjwsvufy4p96wwesjt93
bc1qfnlmmut9emjkzkleuq7fjkf96gd48cc8wgzukz,C1,0.02951530,2026-07-30 01:10,bc1qdaarag7729c2n4l2wnyt3hkhfpcs66n98z7uuh,https://mempool.space/address/bc1qfnlmmut9emjkzkleuq7fjkf96gd48cc8wgzukz
bc1q8774qzg36uttzhfayppqfss6eu0lz06pq7qdmp,C1,0.02937652,2026-07-30 01:10,bc1qdaarag7729c2n4l2wnyt3hkhfpcs66n98z7uuh,https://mempool.space/address/bc1q8774qzg36uttzhfayppqfss6eu0lz06pq7qdmp
bc1q2szyapv9jyuywh6gzc929ep5g90hmlzur46m4q,C1,0.02682222,2026-07-30 01:10,bc1qdaarag7729c2n4l2wnyt3hkhfpcs66n98z7uuh,https://mempool.space/address/bc1q2szyapv9jyuywh6gzc929ep5g90hmlzur46m4q
bc1qjgku0u0x86psdsr53j6cfdnhsay2smvx3mv29v,C1,0.02623333,2026-07-30 01:10,bc1qdaarag7729c2n4l2wnyt3hkhfpcs66n98z7uuh,https://mempool.space/address/bc1qjgku0u0x86psdsr53j6cfdnhsay2smvx3mv29v
bc1qm4jxj20lqgcynt5cfqxf4saclm48njcl0z0ur4,C1,0.02541414,2026-07-30 01:10,bc1qdaarag7729c2n4l2wnyt3hkhfpcs66n98z7uuh,https://mempool.space/address/bc1qm4jxj20lqgcynt5cfqxf4saclm48njcl0z0ur4
bc1q6e4zjtmeqwuk5tgp30k834rsj3alkcyfcgnxqe,C1,0.02536715,2026-07-30 01:10,bc1qdaarag7729c2n4l2wnyt3hkhfpcs66n98z7uuh,https://mempool.space/address/bc1q6e4zjtmeqwuk5tgp30k834rsj3alkcyfcgnxqe
bc1qm44nwazc42035ac95zqx4sfkprge26wlyczavs,C1,0.02477501,2026-07-30 01:10,bc1qdaarag7729c2n4l2wnyt3hkhfpcs66n98z7uuh,https://mempool.space/address/bc1qm44nwazc42035ac95zqx4sfkprge26wlyczavs
bc1q25uevwkqw0g4q25ycjvrsgvd50u6rvf0r9nzz0,C1,0.02444140,2026-07-30 01:10,bc1qdaarag7729c2n4l2wnyt3hkhfpcs66n98z7uuh,https://mempool.space/address/bc1q25uevwkqw0g4q25ycjvrsgvd50u6rvf0r9nzz0
bc1qlh977h6l6xlcx2grf4p0pf2l0r9458cdjf256g,C1,0.02357129,2026-07-30 01:10,bc1qdaarag7729c2n4l2wnyt3hkhfpcs66n98z7uuh,https://mempool.space/address/bc1qlh977h6l6xlcx2grf4p0pf2l0r9458cdjf256g
bc1qwc3ugwhmhg8ghtesq2tmc9fy3zekrwfeq0s33c,C1,0.02289400,2026-07-30 01:10,bc1qdaarag7729c2n4l2wnyt3hkhfpcs66n98z7uuh,https://mempool.space/address/bc1qwc3ugwhmhg8ghtesq2tmc9fy3zekrwfeq0s33c
bc1qw7g4cuqwxs9x380faf32uythjsrz9g2u5gy2tn,C1,0.02276531,2026-07-30 01:10,bc1qdaarag7729c2n4l2wnyt3hkhfpcs66n98z7uuh,https://mempool.space/address/bc1qw7g4cuqwxs9x380faf32uythjsrz9g2u5gy2tn
bc1qjpkvmrpfxs5aqxgmzwvk6nkcn5dfmvhykl7dp8,C1,0.02238879,2026-07-30 01:10,bc1qdaarag7729c2n4l2wnyt3hkhfpcs66n98z7uuh,https://mempool.space/address/bc1qjpkvmrpfxs5aqxgmzwvk6nkcn5dfmvhykl7dp8
bc1qry72n86q0wlujv70gdw73zwhf3dj536sjm2jx0,C1,0.02152167,2026-07-30 01:10,bc1qdaarag7729c2n4l2wnyt3hkhfpcs66n98z7uuh,https://mempool.space/address/bc1qry72n86q0wlujv70gdw73zwhf3dj536sjm2jx0
bc1q6z64x6k5vznjr8hq9yqzsgqv6w2tw9sqytpn30,C2,0.02121610,2026-07-30 01:10,bc1qh0l7q0mca3ln7wsl9luwns0jc9jhgrtft025l4,https://mempool.space/address/bc1q6z64x6k5vznjr8hq9yqzsgqv6w2tw9sqytpn30
bc1q9fdr5zya6mtrreh8jf3ywkkz6az3gdluk76s4t,C2,0.02108820,2026-07-30 01:10,bc1qh0l7q0mca3ln7wsl9luwns0jc9jhgrtft025l4,https://mempool.space/address/bc1q9fdr5zya6mtrreh8jf3ywkkz6az3gdluk76s4t
bc1quh8j3ed3gpajsx9jx2sy2g9teeqhgugj8c7txl,C2,0.02096700,2026-07-30 01:10,bc1qh0l7q0mca3ln7wsl9luwns0jc9jhgrtft025l4,https://mempool.space/address/bc1quh8j3ed3gpajsx9jx2sy2g9teeqhgugj8c7txl
bc1qv27j7nkv2wgmwa550esmha7e9cm7n2mcucv2hs,C2,0.02050647,2026-07-30 01:10,bc1qh0l7q0mca3ln7wsl9luwns0jc9jhgrtft025l4,https://mempool.space/address/bc1qv27j7nkv2wgmwa550esmha7e9cm7n2mcucv2hs
bc1qf6yuc4fc6kymnhp68kvxw6u576pk6d5rqlpt46,C2,0.02036089,2026-07-30 01:10,bc1qh0l7q0mca3ln7wsl9luwns0jc9jhgrtft025l4,https://mempool.space/address/bc1qf6yuc4fc6kymnhp68kvxw6u576pk6d5rqlpt46
bc1qrr84ncezrepkdg58dpw9v4yrvq3vvhfu8q3xvp,C2,0.02022723,2026-07-30 01:10,bc1qh0l7q0mca3ln7wsl9luwns0jc9jhgrtft025l4,https://mempool.space/address/bc1qrr84ncezrepkdg58dpw9v4yrvq3vvhfu8q3xvp
bc1qehvajvfj5xrt24a25hx5sj03h9r56uuq0pxpvq,C2,0.01996685,2026-07-30 01:10,bc1qh0l7q0mca3ln7wsl9luwns0jc9jhgrtft025l4,https://mempool.space/address/bc1qehvajvfj5xrt24a25hx5sj03h9r56uuq0pxpvq
bc1q9w8r36tqqpgtj3gx32cxuexv08q2k3f0eue3aa,C2,0.01985479,2026-07-30 01:10,bc1qh0l7q0mca3ln7wsl9luwns0jc9jhgrtft025l4,https://mempool.space/address/bc1q9w8r36tqqpgtj3gx32cxuexv08q2k3f0eue3aa
bc1qsuny963n2fgh9pqgckmkvzgdlvs46pfp9uzy5m,C2,0.01976023,2026-07-30 01:10,bc1qh0l7q0mca3ln7wsl9luwns0jc9jhgrtft025l4,https://mempool.space/address/bc1qsuny963n2fgh9pqgckmkvzgdlvs46pfp9uzy5m
bc1qdjtt3ujus3z69ga0049uwusna3jtzq0atjg774,C2,0.01966212,2026-07-30 01:10,bc1qh0l7q0mca3ln7wsl9luwns0jc9jhgrtft025l4,https://mempool.space/address/bc1qdjtt3ujus3z69ga0049uwusna3jtzq0atjg774
bc1q5hz8957p7t0t5dwazx35ex4svyp4yjvycc57cd,C2,0.01812055,2026-07-30 01:10,bc1qh0l7q0mca3ln7wsl9luwns0jc9jhgrtft025l4,https://mempool.space/address/bc1q5hz8957p7t0t5dwazx35ex4svyp4yjvycc57cd
bc1qwa2e02k97w7usmr0dft05smrn64e00mqyng34v,C2,0.01779044,2026-07-30 01:10,bc1qh0l7q0mca3ln7wsl9luwns0jc9jhgrtft025l4,https://mempool.space/address/bc1qwa2e02k97w7usmr0dft05smrn64e00mqyng34v
bc1qljnjchqetgpkzkamztmqef9hukfmhvcy0qu6qe,C2,0.01776735,2026-07-30 01:10,bc1qh0l7q0mca3ln7wsl9luwns0jc9jhgrtft025l4,https://mempool.space/address/bc1qljnjchqetgpkzkamztmqef9hukfmhvcy0qu6qe
bc1qx9xl4zh032ce6rhqjt8jepy2xezvk75hd9c4nf,C2,0.01765492,2026-07-30 01:10,bc1qh0l7q0mca3ln7wsl9luwns0jc9jhgrtft025l4,https://mempool.space/address/bc1qx9xl4zh032ce6rhqjt8jepy2xezvk75hd9c4nf
bc1qf656ltkx9h5mqh9ngw6hk8mf4uejk48et3hy09,C2,0.01726423,2026-07-30 01:10,bc1qh0l7q0mca3ln7wsl9luwns0jc9jhgrtft025l4,https://mempool.space/address/bc1qf656ltkx9h5mqh9ngw6hk8mf4uejk48et3hy09
bc1q5qvpgk9lxm55h7d9en6jdj2ptlashnht5ft507,C2,0.01723277,2026-07-30 01:10,bc1qh0l7q0mca3ln7wsl9luwns0jc9jhgrtft025l4,https://mempool.space/address/bc1q5qvpgk9lxm55h7d9en6jdj2ptlashnht5ft507
bc1q6vuxvwrzdkj7h34we3ecdpze9qedf9pz95y5m8,C2,0.01714550,2026-07-30 01:10,bc1qh0l7q0mca3ln7wsl9luwns0jc9jhgrtft025l4,https://mempool.space/address/bc1q6vuxvwrzdkj7h34we3ecdpze9qedf9pz95y5m8
bc1q3ceh3dh3h9q0fn37f5r4herq9rpn0988lrak63,C2,0.01688317,2026-07-30 01:10,bc1qh0l7q0mca3ln7wsl9luwns0jc9jhgrtft025l4,https://mempool.space/address/bc1q3ceh3dh3h9q0fn37f5r4herq9rpn0988lrak63
bc1qqznff3syuz6vldrfaylgdxvce2d8cnd4lrz05a,C2,0.01679744,2026-07-30 01:10,bc1qh0l7q0mca3ln7wsl9luwns0jc9jhgrtft025l4,https://mempool.space/address/bc1qqznff3syuz6vldrfaylgdxvce2d8cnd4lrz05a
bc1ql4klhzz067aeduwt4t8sldmklkce3yt6m4ch7a,C2,0.01664187,2026-07-30 01:10,bc1qh0l7q0mca3ln7wsl9luwns0jc9jhgrtft025l4,https://mempool.space/address/bc1ql4klhzz067aeduwt4t8sldmklkce3yt6m4ch7a
bc1ql26570nxggyfhau0rwq2vkv09ww7wppp83t53t,C2,0.01662955,2026-07-30 01:10,bc1qh0l7q0mca3ln7wsl9luwns0jc9jhgrtft025l4,https://mempool.space/address/bc1ql26570nxggyfhau0rwq2vkv09ww7wppp83t53t
bc1qqsax49fpg5n0vpmtcsjddawxjq46cxuyv4esh7,C2,0.01636592,2026-07-30 01:10,bc1qh0l7q0mca3ln7wsl9luwns0jc9jhgrtft025l4,https://mempool.space/address/bc1qqsax49fpg5n0vpmtcsjddawxjq46cxuyv4esh7
bc1qc7qrtar77cm48jl7s50peksxrc0zd2x2737x3m,C2,0.01462611,2026-07-30 01:10,bc1qh0l7q0mca3ln7wsl9luwns0jc9jhgrtft025l4,https://mempool.space/address/bc1qc7qrtar77cm48jl7s50peksxrc0zd2x2737x3m
bc1qzr8yjn3r0wnj8g9gxf3r6h5fwdwtgx6680htdp,C2,0.01434883,2026-07-30 01:10,bc1qh0l7q0mca3ln7wsl9luwns0jc9jhgrtft025l4,https://mempool.space/address/bc1qzr8yjn3r0wnj8g9gxf3r6h5fwdwtgx6680htdp
bc1q0sw20cdgsr3vamq8nzuqr62l64dl3n4v2m8dws,C2,0.01201100,2026-07-30 01:10,bc1qh0l7q0mca3ln7wsl9luwns0jc9jhgrtft025l4,https://mempool.space/address/bc1q0sw20cdgsr3vamq8nzuqr62l64dl3n4v2m8dws
bc1qlxwyxpr87q5jn0edtv2m9vgfynn0pge8g9t2gn,C2,0.01199211,2026-07-30 01:10,bc1qh0l7q0mca3ln7wsl9luwns0jc9jhgrtft025l4,https://mempool.space/address/bc1qlxwyxpr87q5jn0edtv2m9vgfynn0pge8g9t2gn
bc1qlurpqpyt7d9e4hadcsl7l9mactak49napj2rgt,C2,0.01188966,2026-07-30 01:10,bc1qh0l7q0mca3ln7wsl9luwns0jc9jhgrtft025l4,https://mempool.space/address/bc1qlurpqpyt7d9e4hadcsl7l9mactak49napj2rgt
bc1q5hw2y7jl8wnxex2hamrxwe7uncjz0red0ycuyg,C2,0.01151786,2026-07-30 01:10,bc1qh0l7q0mca3ln7wsl9luwns0jc9jhgrtft025l4,https://mempool.space/address/bc1q5hw2y7jl8wnxex2hamrxwe7uncjz0red0ycuyg
bc1qm846saqk75xdavu3fk87rws7djcmjntfsx2a9c,C2,0.01118836,2026-07-30 01:10,bc1qh0l7q0mca3ln7wsl9luwns0jc9jhgrtft025l4,https://mempool.space/address/bc1qm846saqk75xdavu3fk87rws7djcmjntfsx2a9c
bc1qcmwmy6ddv53gvm3k9gh8nu97a2wca9gnzr7u6d,C2,0.01110621,2026-07-30 01:10,bc1qh0l7q0mca3ln7wsl9luwns0jc9jhgrtft025l4,https://mempool.space/address/bc1qcmwmy6ddv53gvm3k9gh8nu97a2wca9gnzr7u6d
bc1qa62wtmgxzqnd7734e756sg3g6zchz7369298k7,C2,0.01094069,2026-07-30 01:10,bc1qh0l7q0mca3ln7wsl9luwns0jc9jhgrtft025l4,https://mempool.space/address/bc1qa62wtmgxzqnd7734e756sg3g6zchz7369298k7
bc1qhnytespmvs9tfkj8pg0t3amu863xn7tnjundxx,C2,0.01067530,2026-07-30 01:10,bc1qh0l7q0mca3ln7wsl9luwns0jc9jhgrtft025l4,https://mempool.space/address/bc1qhnytespmvs9tfkj8pg0t3amu863xn7tnjundxx
bc1q8l62w9hdmhcpw3xhfahnwufz9zfv3e3saez7ll,C2,0.01057286,2026-07-30 01:10,bc1qh0l7q0mca3ln7wsl9luwns0jc9jhgrtft025l4,https://mempool.space/address/bc1q8l62w9hdmhcpw3xhfahnwufz9zfv3e3saez7ll
bc1q5ng77kh3aww9r70ysx5myv4ly7fxzpjlzzhd7q,C2,0.01052874,2026-07-30 01:10,bc1qh0l7q0mca3ln7wsl9luwns0jc9jhgrtft025l4,https://mempool.space/address/bc1q5ng77kh3aww9r70ysx5myv4ly7fxzpjlzzhd7q
bc1q8f0fhrrpnaygxqgt3e2zg7nycej26efd48lnmh,C2,0.01032537,2026-07-30 01:10,bc1qh0l7q0mca3ln7wsl9luwns0jc9jhgrtft025l4,https://mempool.space/address/bc1q8f0fhrrpnaygxqgt3e2zg7nycej26efd48lnmh
bc1qx7snvx8535zar2ytty8cvqqgz0yrkagzscgu06,C2,0.01020135,2026-07-30 01:10,bc1qh0l7q0mca3ln7wsl9luwns0jc9jhgrtft025l4,https://mempool.space/address/bc1qx7snvx8535zar2ytty8cvqqgz0yrkagzscgu06
bc1qm66xeua5fyld9sf95mduxqet9h452azd5cvjpv,C2,0.00985149,2026-07-30 01:10,bc1qh0l7q0mca3ln7wsl9luwns0jc9jhgrtft025l4,https://mempool.space/address/bc1qm66xeua5fyld9sf95mduxqet9h452azd5cvjpv
bc1qurr6wl5xu6u03s3fke27k6dtnhqxljtqcrcvhz,C2,0.00980438,2026-07-30 01:10,bc1qh0l7q0mca3ln7wsl9luwns0jc9jhgrtft025l4,https://mempool.space/address/bc1qurr6wl5xu6u03s3fke27k6dtnhqxljtqcrcvhz
bc1qqycp7e0aspcmwtglt2h9hg9hpum27pak90jex5,C2,0.00977539,2026-07-30 01:10,bc1qh0l7q0mca3ln7wsl9luwns0jc9jhgrtft025l4,https://mempool.space/address/bc1qqycp7e0aspcmwtglt2h9hg9hpum27pak90jex5
bc1q5thwxzlyv37e8wnx68a4d07209llj4yfm0e8uw,C2,0.00970658,2026-07-30 01:10,bc1qh0l7q0mca3ln7wsl9luwns0jc9jhgrtft025l4,https://mempool.space/address/bc1q5thwxzlyv37e8wnx68a4d07209llj4yfm0e8uw
bc1q5ar92fxzalt504rc828639zuu2gekrnkdxxkak,C2,0.00963870,2026-07-30 01:10,bc1qh0l7q0mca3ln7wsl9luwns0jc9jhgrtft025l4,https://mempool.space/address/bc1q5ar92fxzalt504rc828639zuu2gekrnkdxxkak
bc1qcdafdsk039m4kynt68wtpnxmqwnzr69wtj0ret,C2,0.00955701,2026-07-30 01:10,bc1qh0l7q0mca3ln7wsl9luwns0jc9jhgrtft025l4,https://mempool.space/address/bc1qcdafdsk039m4kynt68wtpnxmqwnzr69wtj0ret
bc1qruh524aukgcvt84srska2tqamrtaw7jxx973zp,C2,0.00943938,2026-07-30 01:10,bc1qh0l7q0mca3ln7wsl9luwns0jc9jhgrtft025l4,https://mempool.space/address/bc1qruh524aukgcvt84srska2tqamrtaw7jxx973zp
bc1q6tt6tjrgelucg7w6rkwu5k5q845cw7ld0vssmr,C2,0.00927849,2026-07-30 01:10,bc1qh0l7q0mca3ln7wsl9luwns0jc9jhgrtft025l4,https://mempool.space/address/bc1q6tt6tjrgelucg7w6rkwu5k5q845cw7ld0vssmr
bc1qhy2h6k69jm85nytdc0sltx7lzhtj0e9p4yzumh,C2,0.00908358,2026-07-30 01:10,bc1qh0l7q0mca3ln7wsl9luwns0jc9jhgrtft025l4,https://mempool.space/address/bc1qhy2h6k69jm85nytdc0sltx7lzhtj0e9p4yzumh
bc1qwuc6rhagh0x0ztxgl7tt8uht23k0885ute2uwp,C2,0.00888180,2026-07-30 01:10,bc1qh0l7q0mca3ln7wsl9luwns0jc9jhgrtft025l4,https://mempool.space/address/bc1qwuc6rhagh0x0ztxgl7tt8uht23k0885ute2uwp
bc1que544l6qj5zlz3dyxrnhxnatuzfmf4uy7xrzp5,C2,0.00841236,2026-07-30 01:10,bc1qh0l7q0mca3ln7wsl9luwns0jc9jhgrtft025l4,https://mempool.space/address/bc1que544l6qj5zlz3dyxrnhxnatuzfmf4uy7xrzp5
bc1q659shectavgt66clah67p6qr4hw04769y95avz,C2,0.00839511,2026-07-30 01:10,bc1qh0l7q0mca3ln7wsl9luwns0jc9jhgrtft025l4,https://mempool.space/address/bc1q659shectavgt66clah67p6qr4hw04769y95avz
bc1qxhu5vw6e8scs6t93qtst7jfqu6vak432c4v5qj,C2,0.00834394,2026-07-30 01:10,bc1qh0l7q0mca3ln7wsl9luwns0jc9jhgrtft025l4,https://mempool.space/address/bc1qxhu5vw6e8scs6t93qtst7jfqu6vak432c4v5qj
bc1q64mfge4uzm28ltp3kxy29f4xn9xgl6nvwzdyck,C2,0.00727005,2026-07-30 01:10,bc1qh0l7q0mca3ln7wsl9luwns0jc9jhgrtft025l4,https://mempool.space/address/bc1q64mfge4uzm28ltp3kxy29f4xn9xgl6nvwzdyck
bc1qp9jnj227w3xrap8wvahkvpxuxcpdehqvh5xg4x,C2,0.00589387,2026-07-30 01:10,bc1qh0l7q0mca3ln7wsl9luwns0jc9jhgrtft025l4,https://mempool.space/address/bc1qp9jnj227w3xrap8wvahkvpxuxcpdehqvh5xg4x
bc1q3dxndjvk9a05e2yw6mz6294va9x7v9dpqlzgpc,C2,0.00584802,2026-07-30 01:10,bc1qh0l7q0mca3ln7wsl9luwns0jc9jhgrtft025l4,https://mempool.space/address/bc1q3dxndjvk9a05e2yw6mz6294va9x7v9dpqlzgpc
bc1q0nsdrcfxjajd0gn8mutx9uuzm6c0v8mcemzyur,C2,0.00519234,2026-07-30 01:10,bc1qh0l7q0mca3ln7wsl9luwns0jc9jhgrtft025l4,https://mempool.space/address/bc1q0nsdrcfxjajd0gn8mutx9uuzm6c0v8mcemzyur
bc1qttg9dg86jgahy226luxu2gumr9zcu45ca98l2w,C2,0.00505600,2026-07-30 01:10,bc1qh0l7q0mca3ln7wsl9luwns0jc9jhgrtft025l4,https://mempool.space/address/bc1qttg9dg86jgahy226luxu2gumr9zcu45ca98l2w
bc1qg6u7xf7c6vv3r3vjadq2emlem7ajw86372sth4,C2,0.00495996,2026-07-30 01:10,bc1qh0l7q0mca3ln7wsl9luwns0jc9jhgrtft025l4,https://mempool.space/address/bc1qg6u7xf7c6vv3r3vjadq2emlem7ajw86372sth4
bc1qgc5argf4zc22rzfmxrnfg5whx7s2fcy8z0y6xk,C2,0.00443700,2026-07-30 01:10,bc1qh0l7q0mca3ln7wsl9luwns0jc9jhgrtft025l4,https://mempool.space/address/bc1qgc5argf4zc22rzfmxrnfg5whx7s2fcy8z0y6xk
bc1qlyyn6l2xtsa0nxz494s6ec4fm6gra4agg2f8ds,C2,0.00435693,2026-07-30 01:10,bc1qh0l7q0mca3ln7wsl9luwns0jc9jhgrtft025l4,https://mempool.space/address/bc1qlyyn6l2xtsa0nxz494s6ec4fm6gra4agg2f8ds
bc1qlu4rclapu54ed7yxmzyxuhv6hu68hhl7l8a7lw,C2,0.00357684,2026-07-30 01:10,bc1qh0l7q0mca3ln7wsl9luwns0jc9jhgrtft025l4,https://mempool.space/address/bc1qlu4rclapu54ed7yxmzyxuhv6hu68hhl7l8a7lw
bc1qx0776rpn3xnspanuldchu3zlh3nmqvtkuztwvn,C2,0.00320367,2026-07-30 01:10,bc1qh0l7q0mca3ln7wsl9luwns0jc9jhgrtft025l4,https://mempool.space/address/bc1qx0776rpn3xnspanuldchu3zlh3nmqvtkuztwvn
bc1q5re8sup3pgncrm5hlk3tn9q758kfm6xlpcxmpa,C2,0.00266838,2026-07-30 01:10,bc1qh0l7q0mca3ln7wsl9luwns0jc9jhgrtft025l4,https://mempool.space/address/bc1q5re8sup3pgncrm5hlk3tn9q758kfm6xlpcxmpa
bc1qwsdc6pp0uazs0wvkjsy807lhq09ce67vrfmegv,C2,0.00229507,2026-07-30 01:10,bc1qh0l7q0mca3ln7wsl9luwns0jc9jhgrtft025l4,https://mempool.space/address/bc1qwsdc6pp0uazs0wvkjsy807lhq09ce67vrfmegv
bc1q0z8wxwhqh0aynu3a7szqpcukug047lz6au7en0,C2,0.00225774,2026-07-30 01:10,bc1qh0l7q0mca3ln7wsl9luwns0jc9jhgrtft025l4,https://mempool.space/address/bc1q0z8wxwhqh0aynu3a7szqpcukug047lz6au7en0
bc1qd6hcp9cqkuultuvhn30tqyjxp332fveqmjpqxz,C2,0.00221932,2026-07-30 01:10,bc1qh0l7q0mca3ln7wsl9luwns0jc9jhgrtft025l4,https://mempool.space/address/bc1qd6hcp9cqkuultuvhn30tqyjxp332fveqmjpqxz
bc1q9tzuuneyassa0mqr6rgndzra0h0u5mazadhvl6,C2,0.00211586,2026-07-30 01:10,bc1qh0l7q0mca3ln7wsl9luwns0jc9jhgrtft025l4,https://mempool.space/address/bc1q9tzuuneyassa0mqr6rgndzra0h0u5mazadhvl6
bc1q5hpshapndppvugv0ume80v6xspzt4huvtl93wr,C2,0.00200857,2026-07-30 01:10,bc1qh0l7q0mca3ln7wsl9luwns0jc9jhgrtft025l4,https://mempool.space/address/bc1q5hpshapndppvugv0ume80v6xspzt4huvtl93wr
bc1q670wmmkzjasnpfuc37uwqn9lcwhj5ug4v5yxsw,C2,0.00171674,2026-07-30 01:10,bc1qh0l7q0mca3ln7wsl9luwns0jc9jhgrtft025l4,https://mempool.space/address/bc1q670wmmkzjasnpfuc37uwqn9lcwhj5ug4v5yxsw
bc1qkepgq533y0fdqz2cc94ph6w6lle4egunjg0th5,C2,0.00170631,2026-07-30 01:10,bc1qh0l7q0mca3ln7wsl9luwns0jc9jhgrtft025l4,https://mempool.space/address/bc1qkepgq533y0fdqz2cc94ph6w6lle4egunjg0th5
bc1qpz88jxztp92qxzazn9wsx9kc6u0wtq7meqzczz,C2,0.00135440,2026-07-30 01:10,bc1qh0l7q0mca3ln7wsl9luwns0jc9jhgrtft025l4,https://mempool.space/address/bc1qpz88jxztp92qxzazn9wsx9kc6u0wtq7meqzczz
bc1q6z43727u4zawe402xvwe3ezx8ygzddcmkzeccf,C2,0.00129575,2026-07-30 01:10,bc1qh0l7q0mca3ln7wsl9luwns0jc9jhgrtft025l4,https://mempool.space/address/bc1q6z43727u4zawe402xvwe3ezx8ygzddcmkzeccf
bc1q59vxjza23lfaf88ju5xgphvf57fv4g7f3k5eh4,C2,0.00126192,2026-07-30 01:10,bc1qh0l7q0mca3ln7wsl9luwns0jc9jhgrtft025l4,https://mempool.space/address/bc1q59vxjza23lfaf88ju5xgphvf57fv4g7f3k5eh4
bc1q9d3ltvj0aqat40lgju7nf7r7al8c4pwahkek8t,C2,0.00099029,2026-07-30 01:10,bc1qh0l7q0mca3ln7wsl9luwns0jc9jhgrtft025l4,https://mempool.space/address/bc1q9d3ltvj0aqat40lgju7nf7r7al8c4pwahkek8t
bc1qnhpskl0675cdel7n994q7zdyfleqmp6h6hnjpu,C2,0.00096700,2026-07-30 01:10,bc1qh0l7q0mca3ln7wsl9luwns0jc9jhgrtft025l4,https://mempool.space/address/bc1qnhpskl0675cdel7n994q7zdyfleqmp6h6hnjpu
bc1qv2atslyysfp430yu6vwdthtmt45aw2l56d6c3s,C2,0.00095668,2026-07-30 01:10,bc1qh0l7q0mca3ln7wsl9luwns0jc9jhgrtft025l4,https://mempool.space/address/bc1qv2atslyysfp430yu6vwdthtmt45aw2l56d6c3s
bc1qgtejj54q7pwmpm6x9q5vr9qhakpmdwwey4j4ws,C2,0.00095412,2026-07-30 01:10,bc1qh0l7q0mca3ln7wsl9luwns0jc9jhgrtft025l4,https://mempool.space/address/bc1qgtejj54q7pwmpm6x9q5vr9qhakpmdwwey4j4ws
bc1quv254mv7n9pr563f2cwcm36xa4qr7ef2xr6q3l,C2,0.00077565,2026-07-30 01:10,bc1qh0l7q0mca3ln7wsl9luwns0jc9jhgrtft025l4,https://mempool.space/address/bc1quv254mv7n9pr563f2cwcm36xa4qr7ef2xr6q3l
bc1qtexax0udejaq2d98k7fmjpmwfupf2r8sc4k5zj,C2,0.00067976,2026-07-30 01:10,bc1qh0l7q0mca3ln7wsl9luwns0jc9jhgrtft025l4,https://mempool.space/address/bc1qtexax0udejaq2d98k7fmjpmwfupf2r8sc4k5zj
bc1qyxcefem4rxypvpmzy33sds6vha2v6gng72c44w,C2,0.00061141,2026-07-30 01:10,bc1qh0l7q0mca3ln7wsl9luwns0jc9jhgrtft025l4,https://mempool.space/address/bc1qyxcefem4rxypvpmzy33sds6vha2v6gng72c44w
bc1qen3yah036stcr79tyayjcqnm07r704gx6d5300,C2,0.00050979,2026-07-30 01:10,bc1qh0l7q0mca3ln7wsl9luwns0jc9jhgrtft025l4,https://mempool.space/address/bc1qen3yah036stcr79tyayjcqnm07r704gx6d5300
