address,hop,amount_sent_BTC,transactions,first_seen_utc,last_seen_utc,sent_into,label,explorer
bc1qe85jr4em79p66fsszkvfhwjf6p6qst58a2ahlr,1,29.89245121,1,2026-07-30 01:36,2026-07-30 01:36,bc1qnk4zh9qcnap2mycp56qjrgza3cc8ylrh8fecp0,,https://mempool.space/address/bc1qe85jr4em79p66fsszkvfhwjf6p6qst58a2ahlr
bc1qvshd3nv6mjjs5wtk6x5ekppakdp2trqcsdvwlf,1,24.0820983,1,2026-07-30 01:36,2026-07-30 01:36,bc1qnk4zh9qcnap2mycp56qjrgza3cc8ylrh8fecp0,,https://mempool.space/address/bc1qvshd3nv6mjjs5wtk6x5ekppakdp2trqcsdvwlf
bc1q30363smzw6uk5n2znj65mf9432s0e3d92e3fu5,1,14.42981976,1,2026-07-30 01:36,2026-07-30 01:36,bc1qnk4zh9qcnap2mycp56qjrgza3cc8ylrh8fecp0,,https://mempool.space/address/bc1q30363smzw6uk5n2znj65mf9432s0e3d92e3fu5
bc1q9qaljdxux9nr4uuyh8v7khvk7hgvpku5e0xyjj,1,14.25194722,1,2026-07-30 01:36,2026-07-30 01:36,bc1qnk4zh9qcnap2mycp56qjrgza3cc8ylrh8fecp0,,https://mempool.space/address/bc1q9qaljdxux9nr4uuyh8v7khvk7hgvpku5e0xyjj
bc1qgzxfgqgvnle9p6kksk35t54ycu2tx2hwau5ppw,1,11.73797492,1,2026-07-30 01:36,2026-07-30 01:36,bc1qnk4zh9qcnap2mycp56qjrgza3cc8ylrh8fecp0,,https://mempool.space/address/bc1qgzxfgqgvnle9p6kksk35t54ycu2tx2hwau5ppw
bc1q76tat7u2r2acakqnagpeqxs7rpwmlut23r903m,1,10.18571815,1,2026-07-30 01:36,2026-07-30 01:36,bc1qnk4zh9qcnap2mycp56qjrgza3cc8ylrh8fecp0,,https://mempool.space/address/bc1q76tat7u2r2acakqnagpeqxs7rpwmlut23r903m
bc1qa06s3v5qu6thmgz8pfu4hsyzvyx8y7438tssjd,1,10.05122315,1,2026-07-30 01:36,2026-07-30 01:36,bc1qnk4zh9qcnap2mycp56qjrgza3cc8ylrh8fecp0,,https://mempool.space/address/bc1qa06s3v5qu6thmgz8pfu4hsyzvyx8y7438tssjd
bc1qu004frnrt3rmh6due474m0wx2e8c9sxgk2dla2,1,9.99993244,1,2026-07-30 01:36,2026-07-30 01:36,bc1qnk4zh9qcnap2mycp56qjrgza3cc8ylrh8fecp0,,https://mempool.space/address/bc1qu004frnrt3rmh6due474m0wx2e8c9sxgk2dla2
bc1quxruvxju65w2lkrzaphugha3pwg0ytr7ng9cp8,1,9.99993244,1,2026-07-30 01:36,2026-07-30 01:36,bc1qnk4zh9qcnap2mycp56qjrgza3cc8ylrh8fecp0,,https://mempool.space/address/bc1quxruvxju65w2lkrzaphugha3pwg0ytr7ng9cp8
bc1q5qrlh8l73ehs9fvmxl0qkrn784g0qrf4rfxxf6,1,9.99993244,1,2026-07-30 01:36,2026-07-30 01:36,bc1qnk4zh9qcnap2mycp56qjrgza3cc8ylrh8fecp0,,https://mempool.space/address/bc1q5qrlh8l73ehs9fvmxl0qkrn784g0qrf4rfxxf6
bc1qseck8xdj8fg5z0ntft4qhgsfe2wsjgrmc3t82d,1,9.99993244,1,2026-07-30 01:36,2026-07-30 01:36,bc1qnk4zh9qcnap2mycp56qjrgza3cc8ylrh8fecp0,,https://mempool.space/address/bc1qseck8xdj8fg5z0ntft4qhgsfe2wsjgrmc3t82d
bc1qkkczhtaah0hjtjul0gxjy6mvlh5eq8jdvuhyw6,1,9.99992348,1,2026-07-30 01:36,2026-07-30 01:36,bc1qnk4zh9qcnap2mycp56qjrgza3cc8ylrh8fecp0,,https://mempool.space/address/bc1qkkczhtaah0hjtjul0gxjy6mvlh5eq8jdvuhyw6
bc1qhshtt7dhyc9p9xz4plc7nhywg6czlkdpjehkc8,1,9.40421868,1,2026-07-30 01:36,2026-07-30 01:36,bc1qnk4zh9qcnap2mycp56qjrgza3cc8ylrh8fecp0,,https://mempool.space/address/bc1qhshtt7dhyc9p9xz4plc7nhywg6czlkdpjehkc8
bc1qqda20ss7k0lf29ey6z4c78hppkevcg70hly79c,1,8.70407656,1,2026-07-30 01:36,2026-07-30 01:36,bc1qnk4zh9qcnap2mycp56qjrgza3cc8ylrh8fecp0,,https://mempool.space/address/bc1qqda20ss7k0lf29ey6z4c78hppkevcg70hly79c
bc1qh9cxvnqfhd7vwpppmhal00859x0wdqhgutp5de,1,8.33726229,1,2026-07-30 01:36,2026-07-30 01:36,bc1qnk4zh9qcnap2mycp56qjrgza3cc8ylrh8fecp0,,https://mempool.space/address/bc1qh9cxvnqfhd7vwpppmhal00859x0wdqhgutp5de
bc1q796dzm6nlhqphntjwqjp2mr8tx69h4lrjeq05p,1,7.67494954,1,2026-07-30 01:36,2026-07-30 01:36,bc1qnk4zh9qcnap2mycp56qjrgza3cc8ylrh8fecp0,,https://mempool.space/address/bc1q796dzm6nlhqphntjwqjp2mr8tx69h4lrjeq05p
bc1qa99mzy54dgk8g3se3fwd36chjxvlfu8yz8umw7,1,7.17863374,1,2026-07-30 01:36,2026-07-30 01:36,bc1qnk4zh9qcnap2mycp56qjrgza3cc8ylrh8fecp0,,https://mempool.space/address/bc1qa99mzy54dgk8g3se3fwd36chjxvlfu8yz8umw7
bc1qq9vv5d87x4m5s8xd09fwk6nc0ksjayn90rcarq,1,6.99994954,1,2026-07-30 01:36,2026-07-30 01:36,bc1qnk4zh9qcnap2mycp56qjrgza3cc8ylrh8fecp0,,https://mempool.space/address/bc1qq9vv5d87x4m5s8xd09fwk6nc0ksjayn90rcarq
bc1q92fhwyv4n39c24kjqhcx0sdjm9q0ywp48degxc,1,6.99994954,1,2026-07-30 01:36,2026-07-30 01:36,bc1qnk4zh9qcnap2mycp56qjrgza3cc8ylrh8fecp0,,https://mempool.space/address/bc1q92fhwyv4n39c24kjqhcx0sdjm9q0ywp48degxc
bc1qgcda303puzpj98gkh0wqts2md6f2t6sgmp3vnm,1,6.90356378,1,2026-07-30 01:36,2026-07-30 01:36,bc1qnk4zh9qcnap2mycp56qjrgza3cc8ylrh8fecp0,,https://mempool.space/address/bc1qgcda303puzpj98gkh0wqts2md6f2t6sgmp3vnm
bc1q5x4qpqxh0yzns86rzs62syzgnwjjg5p9hv5l3f,1,6.31798929,1,2026-07-30 01:36,2026-07-30 01:36,bc1qnk4zh9qcnap2mycp56qjrgza3cc8ylrh8fecp0,,https://mempool.space/address/bc1q5x4qpqxh0yzns86rzs62syzgnwjjg5p9hv5l3f
bc1qerwsppqhe6rq3tstlmmqfq9r5jwyxl2u2c3wjm,1,6.09993544,1,2026-07-30 01:36,2026-07-30 01:36,bc1qnk4zh9qcnap2mycp56qjrgza3cc8ylrh8fecp0,,https://mempool.space/address/bc1qerwsppqhe6rq3tstlmmqfq9r5jwyxl2u2c3wjm
bc1qr6f02cel5rxpushezxnck36r7jj5d3yahfw6cg,1,5.14635458,1,2026-07-30 01:36,2026-07-30 01:36,bc1qnk4zh9qcnap2mycp56qjrgza3cc8ylrh8fecp0,,https://mempool.space/address/bc1qr6f02cel5rxpushezxnck36r7jj5d3yahfw6cg
bc1qswz6hyqn5amvqdq3m9uhmn4zavzz7khwj5gr9e,1,5.00494514,1,2026-07-30 01:36,2026-07-30 01:36,bc1qnk4zh9qcnap2mycp56qjrgza3cc8ylrh8fecp0,,https://mempool.space/address/bc1qswz6hyqn5amvqdq3m9uhmn4zavzz7khwj5gr9e
bc1qdh3cj62m4etpsntphmd4rsfk3mz60xk0lkxa80,1,5.00493338,1,2026-07-30 01:36,2026-07-30 01:36,bc1qnk4zh9qcnap2mycp56qjrgza3cc8ylrh8fecp0,,https://mempool.space/address/bc1qdh3cj62m4etpsntphmd4rsfk3mz60xk0lkxa80
bc1q2qefl5qsvfsuay5dljjd6cyl75yej6r6zazrjg,1,4.999967,1,2026-07-30 01:36,2026-07-30 01:36,bc1qnk4zh9qcnap2mycp56qjrgza3cc8ylrh8fecp0,,https://mempool.space/address/bc1q2qefl5qsvfsuay5dljjd6cyl75yej6r6zazrjg
bc1qw7eacvq9q2cnlvrcyn3j08sj2tw7laurktzu2t,1,4.999967,1,2026-07-30 01:36,2026-07-30 01:36,bc1qnk4zh9qcnap2mycp56qjrgza3cc8ylrh8fecp0,,https://mempool.space/address/bc1qw7eacvq9q2cnlvrcyn3j08sj2tw7laurktzu2t
bc1qn99nejjagm8zakhlrsxqjv3vxpxa95lrqgplfs,1,4.999967,1,2026-07-30 01:36,2026-07-30 01:36,bc1qnk4zh9qcnap2mycp56qjrgza3cc8ylrh8fecp0,,https://mempool.space/address/bc1qn99nejjagm8zakhlrsxqjv3vxpxa95lrqgplfs
bc1qp8sev2h59907ty5za8hqk4e0acg3x8pxvn9s27,1,4.999967,1,2026-07-30 01:36,2026-07-30 01:36,bc1qnk4zh9qcnap2mycp56qjrgza3cc8ylrh8fecp0,,https://mempool.space/address/bc1qp8sev2h59907ty5za8hqk4e0acg3x8pxvn9s27
bc1qa7j36cflcuxe420gwg9gup948efpa2fap2xp38,1,4.99994954,1,2026-07-30 01:36,2026-07-30 01:36,bc1qnk4zh9qcnap2mycp56qjrgza3cc8ylrh8fecp0,,https://mempool.space/address/bc1qa7j36cflcuxe420gwg9gup948efpa2fap2xp38
bc1qqljly534x8la29h4p6pgqxaekpc9jltm47d40u,1,4.87967681,1,2026-07-30 01:36,2026-07-30 01:36,bc1qnk4zh9qcnap2mycp56qjrgza3cc8ylrh8fecp0,,https://mempool.space/address/bc1qqljly534x8la29h4p6pgqxaekpc9jltm47d40u
bc1q29sveqc780533zuc4z4ulptfm0kcckcvuts8xu,1,4.82233854,1,2026-07-30 01:36,2026-07-30 01:36,bc1qnk4zh9qcnap2mycp56qjrgza3cc8ylrh8fecp0,,https://mempool.space/address/bc1q29sveqc780533zuc4z4ulptfm0kcckcvuts8xu
bc1q5ft20ulaz8r89u9x5jer4gv29tau35pquh82c8,1,4.57692553,1,2026-07-30 01:36,2026-07-30 01:36,bc1qnk4zh9qcnap2mycp56qjrgza3cc8ylrh8fecp0,,https://mempool.space/address/bc1q5ft20ulaz8r89u9x5jer4gv29tau35pquh82c8
bc1qpcks3r95my9aja4aq8zvtffz0tv7e2l4xlt4ly,1,4.4681367,1,2026-07-30 01:36,2026-07-30 01:36,bc1qnk4zh9qcnap2mycp56qjrgza3cc8ylrh8fecp0,,https://mempool.space/address/bc1qpcks3r95my9aja4aq8zvtffz0tv7e2l4xlt4ly
bc1qpngwuwl8ld26xa43v7wg5hxgc5ul8a0tzdcmw7,1,4.399967,1,2026-07-30 01:36,2026-07-30 01:36,bc1qnk4zh9qcnap2mycp56qjrgza3cc8ylrh8fecp0,,https://mempool.space/address/bc1qpngwuwl8ld26xa43v7wg5hxgc5ul8a0tzdcmw7
bc1qhvzp967l6674xfk5xp2llwr5ggaytzmut40j8f,1,4.060487,1,2026-07-30 01:36,2026-07-30 01:36,bc1qnk4zh9qcnap2mycp56qjrgza3cc8ylrh8fecp0,,https://mempool.space/address/bc1qhvzp967l6674xfk5xp2llwr5ggaytzmut40j8f
bc1qre8aet75kcaacuey7sxkmxevfkcgd44y433t5x,1,3.99995098,1,2026-07-30 01:36,2026-07-30 01:36,bc1qnk4zh9qcnap2mycp56qjrgza3cc8ylrh8fecp0,,https://mempool.space/address/bc1qre8aet75kcaacuey7sxkmxevfkcgd44y433t5x
bc1qn6dz0py8yun29kjhzvhj40sv0jy8554u6glaw4,1,3.95698325,1,2026-07-30 01:36,2026-07-30 01:36,bc1qnk4zh9qcnap2mycp56qjrgza3cc8ylrh8fecp0,,https://mempool.space/address/bc1qn6dz0py8yun29kjhzvhj40sv0jy8554u6glaw4
bc1qfncalj8rmamr7jr4du9kmyzhuazqsvnn6u8d45,1,3.70218615,1,2026-07-30 01:36,2026-07-30 01:36,bc1qnk4zh9qcnap2mycp56qjrgza3cc8ylrh8fecp0,,https://mempool.space/address/bc1qfncalj8rmamr7jr4du9kmyzhuazqsvnn6u8d45
bc1qeskcte7s29mezx9nsuvrq8sefrfhm72qp7h93v,1,3.27969711,1,2026-07-30 01:36,2026-07-30 01:36,bc1qnk4zh9qcnap2mycp56qjrgza3cc8ylrh8fecp0,,https://mempool.space/address/bc1qeskcte7s29mezx9nsuvrq8sefrfhm72qp7h93v
bc1q90zhhd3mazk2wydkh6dqty345qzgmze8lhzff4,1,3.1119424,1,2026-07-30 01:36,2026-07-30 01:36,bc1qnk4zh9qcnap2mycp56qjrgza3cc8ylrh8fecp0,,https://mempool.space/address/bc1q90zhhd3mazk2wydkh6dqty345qzgmze8lhzff4
bc1q338vpz762xxvqfeuarpx8jv26yfv4kr6htj77r,1,3.07064674,1,2026-07-30 01:36,2026-07-30 01:36,bc1qnk4zh9qcnap2mycp56qjrgza3cc8ylrh8fecp0,,https://mempool.space/address/bc1q338vpz762xxvqfeuarpx8jv26yfv4kr6htj77r
bc1qsktacew3cug6lzw40gekakllv8k9hpfqdf0cp5,1,3.06902795,1,2026-07-30 01:36,2026-07-30 01:36,bc1qnk4zh9qcnap2mycp56qjrgza3cc8ylrh8fecp0,,https://mempool.space/address/bc1qsktacew3cug6lzw40gekakllv8k9hpfqdf0cp5
bc1q2pz28nqzy4xs29vql9t9szqj8xxkguxugrhc0j,1,2.90218398,1,2026-07-30 01:36,2026-07-30 01:36,bc1qnk4zh9qcnap2mycp56qjrgza3cc8ylrh8fecp0,,https://mempool.space/address/bc1q2pz28nqzy4xs29vql9t9szqj8xxkguxugrhc0j
bc1q6n43elwjh60x02thq5n0kjq6crxfxkw55qf9hg,1,2.899667,1,2026-07-30 01:36,2026-07-30 01:36,bc1qnk4zh9qcnap2mycp56qjrgza3cc8ylrh8fecp0,,https://mempool.space/address/bc1q6n43elwjh60x02thq5n0kjq6crxfxkw55qf9hg
bc1qnqgcjtgq48vgpj6r6nvyy0fy4gym2xdsqddw8y,1,2.8865825,1,2026-07-30 01:36,2026-07-30 01:36,bc1qnk4zh9qcnap2mycp56qjrgza3cc8ylrh8fecp0,,https://mempool.space/address/bc1qnqgcjtgq48vgpj6r6nvyy0fy4gym2xdsqddw8y
bc1qe6ajpk2c5q6x8jjxc4y97txag8jpzgczsuleqr,1,2.75765398,1,2026-07-30 01:36,2026-07-30 01:36,bc1qnk4zh9qcnap2mycp56qjrgza3cc8ylrh8fecp0,,https://mempool.space/address/bc1qe6ajpk2c5q6x8jjxc4y97txag8jpzgczsuleqr
bc1qz0qtxrmggkhjhkq40gu89xjw594jzp2c8cvusd,1,2.64462708,1,2026-07-30 01:36,2026-07-30 01:36,bc1qnk4zh9qcnap2mycp56qjrgza3cc8ylrh8fecp0,,https://mempool.space/address/bc1qz0qtxrmggkhjhkq40gu89xjw594jzp2c8cvusd
bc1qyhwx8mm9fm0ths4r0gegnxgu02k08mc9c35ce9,1,2.58847628,1,2026-07-30 01:36,2026-07-30 01:36,bc1qnk4zh9qcnap2mycp56qjrgza3cc8ylrh8fecp0,,https://mempool.space/address/bc1qyhwx8mm9fm0ths4r0gegnxgu02k08mc9c35ce9
bc1qs2f75q27a7802gvj8jruhravmcawpr80wwmh8t,1,2.535227,1,2026-07-30 01:36,2026-07-30 01:36,bc1qnk4zh9qcnap2mycp56qjrgza3cc8ylrh8fecp0,,https://mempool.space/address/bc1qs2f75q27a7802gvj8jruhravmcawpr80wwmh8t
bc1qd0nahq9n2fehymf39d66wkvzeul9ry9hyec7qn,1,2.29929445,1,2026-07-30 01:36,2026-07-30 01:36,bc1qnk4zh9qcnap2mycp56qjrgza3cc8ylrh8fecp0,,https://mempool.space/address/bc1qd0nahq9n2fehymf39d66wkvzeul9ry9hyec7qn
bc1qrs2wu8gvq7efk7e6wxt30fnqk3akwqxddslkw2,1,2.27381304,1,2026-07-30 01:36,2026-07-30 01:36,bc1qnk4zh9qcnap2mycp56qjrgza3cc8ylrh8fecp0,,https://mempool.space/address/bc1qrs2wu8gvq7efk7e6wxt30fnqk3akwqxddslkw2
bc1qm4lnmmnczcj27h9ug730wf824suy67uanuy9mr,1,2.26354628,1,2026-07-30 01:36,2026-07-30 01:36,bc1qnk4zh9qcnap2mycp56qjrgza3cc8ylrh8fecp0,,https://mempool.space/address/bc1qm4lnmmnczcj27h9ug730wf824suy67uanuy9mr
bc1qpzuk4lkhe9sjtswfgrd3etx4dvgj65yehm6zws,1,2.23208277,1,2026-07-30 01:36,2026-07-30 01:36,bc1qnk4zh9qcnap2mycp56qjrgza3cc8ylrh8fecp0,,https://mempool.space/address/bc1qpzuk4lkhe9sjtswfgrd3etx4dvgj65yehm6zws
bc1q2xsxs9hecvnkqdgnts6nasr4vma3zdrytp62wn,1,2.14762152,1,2026-07-30 01:36,2026-07-30 01:36,bc1qnk4zh9qcnap2mycp56qjrgza3cc8ylrh8fecp0,,https://mempool.space/address/bc1q2xsxs9hecvnkqdgnts6nasr4vma3zdrytp62wn
bc1qy98q27czgv5jctrx6tltmkjzuc7j4xh48at735,1,2.12671662,1,2026-07-30 01:36,2026-07-30 01:36,bc1qnk4zh9qcnap2mycp56qjrgza3cc8ylrh8fecp0,,https://mempool.space/address/bc1qy98q27czgv5jctrx6tltmkjzuc7j4xh48at735
bc1qy0lgv37qx25wkcg4mj8shj925mpqfwpqskpzwh,1,2.11316903,1,2026-07-30 01:36,2026-07-30 01:36,bc1qnk4zh9qcnap2mycp56qjrgza3cc8ylrh8fecp0,,https://mempool.space/address/bc1qy0lgv37qx25wkcg4mj8shj925mpqfwpqskpzwh
bc1qt5j667de4cxkm98y5wtag3n4hxtq560u46altj,1,2.11152568,1,2026-07-30 01:36,2026-07-30 01:36,bc1qnk4zh9qcnap2mycp56qjrgza3cc8ylrh8fecp0,,https://mempool.space/address/bc1qt5j667de4cxkm98y5wtag3n4hxtq560u46altj
bc1qv02tp04ahp4273smvsyx9pglg946ytysedn6ck,1,2.07566039,1,2026-07-30 01:36,2026-07-30 01:36,bc1qnk4zh9qcnap2mycp56qjrgza3cc8ylrh8fecp0,,https://mempool.space/address/bc1qv02tp04ahp4273smvsyx9pglg946ytysedn6ck
bc1qyqdt563dh4ag3ff9ylm732c4tv7p73hwwskz6r,1,2.06286266,1,2026-07-30 01:36,2026-07-30 01:36,bc1qnk4zh9qcnap2mycp56qjrgza3cc8ylrh8fecp0,,https://mempool.space/address/bc1qyqdt563dh4ag3ff9ylm732c4tv7p73hwwskz6r
bc1qpa73kqghyc3s5q8s8909ucdfcjwt8td9g7lzsc,1,2.03790475,1,2026-07-30 01:36,2026-07-30 01:36,bc1qnk4zh9qcnap2mycp56qjrgza3cc8ylrh8fecp0,,https://mempool.space/address/bc1qpa73kqghyc3s5q8s8909ucdfcjwt8td9g7lzsc
bc1qpqruxez30mh44rj5879kqm2y4t5afu2ks9wgm6,1,2.0247466,1,2026-07-30 01:36,2026-07-30 01:36,bc1qnk4zh9qcnap2mycp56qjrgza3cc8ylrh8fecp0,,https://mempool.space/address/bc1qpqruxez30mh44rj5879kqm2y4t5afu2ks9wgm6
bc1qg0zdh3xwpmeh2tr4jlrkuknljrxl5xyvfr7dur,1,2.02336789,1,2026-07-30 01:36,2026-07-30 01:36,bc1qnk4zh9qcnap2mycp56qjrgza3cc8ylrh8fecp0,,https://mempool.space/address/bc1qg0zdh3xwpmeh2tr4jlrkuknljrxl5xyvfr7dur
bc1qng3y4hsv236lhv03035njtehujf7lymaaxtnh9,1,2.01179496,1,2026-07-30 01:37,2026-07-30 01:37,bc1qnk4zh9qcnap2mycp56qjrgza3cc8ylrh8fecp0,,https://mempool.space/address/bc1qng3y4hsv236lhv03035njtehujf7lymaaxtnh9
bc1qde66w0gkk0p3l5mukjrnryntnxgrlz6gz6p538,1,2.00007592,1,2026-07-30 01:37,2026-07-30 01:37,bc1qnk4zh9qcnap2mycp56qjrgza3cc8ylrh8fecp0,,https://mempool.space/address/bc1qde66w0gkk0p3l5mukjrnryntnxgrlz6gz6p538
bc1qqy95nhsg9h2a0vuj046g2r80p2afhxult46w7v,1,1.999967,1,2026-07-30 01:37,2026-07-30 01:37,bc1qnk4zh9qcnap2mycp56qjrgza3cc8ylrh8fecp0,,https://mempool.space/address/bc1qqy95nhsg9h2a0vuj046g2r80p2afhxult46w7v
124aqbyLpmyRppnseUsJcw1mmaXqeWc6wY,1,1.86141008,1,2026-07-30 01:37,2026-07-30 01:37,bc1qnk4zh9qcnap2mycp56qjrgza3cc8ylrh8fecp0,,https://mempool.space/address/124aqbyLpmyRppnseUsJcw1mmaXqeWc6wY
bc1qast5zqy7ypav24y4dpsc0pvt8jug8k3lcpuxey,1,1.84676273,1,2026-07-30 01:37,2026-07-30 01:37,bc1qnk4zh9qcnap2mycp56qjrgza3cc8ylrh8fecp0,,https://mempool.space/address/bc1qast5zqy7ypav24y4dpsc0pvt8jug8k3lcpuxey
bc1q9lv9wcdlsrnslwymtgupl6z7hf5ajsp707mz30,1,1.80702407,1,2026-07-30 01:37,2026-07-30 01:37,bc1qnk4zh9qcnap2mycp56qjrgza3cc8ylrh8fecp0,,https://mempool.space/address/bc1q9lv9wcdlsrnslwymtgupl6z7hf5ajsp707mz30
bc1qaar4gt9p26r3shta7lg0nxwfvmfrpwvx8qs4r6,1,1.799967,1,2026-07-30 01:37,2026-07-30 01:37,bc1qnk4zh9qcnap2mycp56qjrgza3cc8ylrh8fecp0,,https://mempool.space/address/bc1qaar4gt9p26r3shta7lg0nxwfvmfrpwvx8qs4r6
bc1qn4arcz2xssqy0e02zpj8szenv9dtz25t8lpvc8,1,1.77949129,1,2026-07-30 01:37,2026-07-30 01:37,bc1qnk4zh9qcnap2mycp56qjrgza3cc8ylrh8fecp0,,https://mempool.space/address/bc1qn4arcz2xssqy0e02zpj8szenv9dtz25t8lpvc8
bc1qquvy9jtjqv2ksceawr2mweyazc4qth4mtjndly,1,1.74909559,1,2026-07-30 01:37,2026-07-30 01:37,bc1qnk4zh9qcnap2mycp56qjrgza3cc8ylrh8fecp0,,https://mempool.space/address/bc1qquvy9jtjqv2ksceawr2mweyazc4qth4mtjndly
bc1qdrqzh0pp609xdcepvcwcrr4g3eysg0yp3j9vse,1,1.74395716,1,2026-07-30 01:37,2026-07-30 01:37,bc1qnk4zh9qcnap2mycp56qjrgza3cc8ylrh8fecp0,,https://mempool.space/address/bc1qdrqzh0pp609xdcepvcwcrr4g3eysg0yp3j9vse
bc1qtmwe7e79sjjnlql2fxufggpf7r5l6u8eypp2cc,1,1.67987807,1,2026-07-30 01:37,2026-07-30 01:37,bc1qnk4zh9qcnap2mycp56qjrgza3cc8ylrh8fecp0,,https://mempool.space/address/bc1qtmwe7e79sjjnlql2fxufggpf7r5l6u8eypp2cc
bc1q66kfmc87rdkl8y78knwpxzrqvpu7ch5rtgrd7f,1,1.6365262,1,2026-07-30 01:37,2026-07-30 01:37,bc1qnk4zh9qcnap2mycp56qjrgza3cc8ylrh8fecp0,,https://mempool.space/address/bc1q66kfmc87rdkl8y78knwpxzrqvpu7ch5rtgrd7f
bc1qa6ex4zdtg3qz2azgchu49qzzfg6r7clh2cz5ms,1,1.63232227,1,2026-07-30 01:37,2026-07-30 01:37,bc1qnk4zh9qcnap2mycp56qjrgza3cc8ylrh8fecp0,,https://mempool.space/address/bc1qa6ex4zdtg3qz2azgchu49qzzfg6r7clh2cz5ms
bc1qgzf96qtjnsmnmzxeam2tdmfng6v07hx5457z76,1,1.549967,1,2026-07-30 01:37,2026-07-30 01:37,bc1qnk4zh9qcnap2mycp56qjrgza3cc8ylrh8fecp0,,https://mempool.space/address/bc1qgzf96qtjnsmnmzxeam2tdmfng6v07hx5457z76
bc1q0jc9ygw9hu0p4uzl7q8rvhfu6syk6lfmvjj79t,1,1.53472478,1,2026-07-30 01:37,2026-07-30 01:37,bc1qnk4zh9qcnap2mycp56qjrgza3cc8ylrh8fecp0,,https://mempool.space/address/bc1q0jc9ygw9hu0p4uzl7q8rvhfu6syk6lfmvjj79t
bc1qcnjte47njghgs8xrzx3x4vdp7c9cqsj652d3m4,1,1.49580137,1,2026-07-30 01:37,2026-07-30 01:37,bc1qnk4zh9qcnap2mycp56qjrgza3cc8ylrh8fecp0,,https://mempool.space/address/bc1qcnjte47njghgs8xrzx3x4vdp7c9cqsj652d3m4
bc1q9t6p60hjdht3nmz74rlh6vsklpxvs3uyt99ndg,1,1.45795769,1,2026-07-30 01:37,2026-07-30 01:37,bc1qnk4zh9qcnap2mycp56qjrgza3cc8ylrh8fecp0,,https://mempool.space/address/bc1q9t6p60hjdht3nmz74rlh6vsklpxvs3uyt99ndg
bc1qh7gfl3793wcct476n0n7rv7ull8gd39ra0krqv,1,1.35932352,1,2026-07-30 01:37,2026-07-30 01:37,bc1qnk4zh9qcnap2mycp56qjrgza3cc8ylrh8fecp0,,https://mempool.space/address/bc1qh7gfl3793wcct476n0n7rv7ull8gd39ra0krqv
bc1qvqyv8sa23ca5wvssvr3cva0k34tr7z4y6l0cfk,1,1.349949,1,2026-07-30 01:37,2026-07-30 01:37,bc1qnk4zh9qcnap2mycp56qjrgza3cc8ylrh8fecp0,,https://mempool.space/address/bc1qvqyv8sa23ca5wvssvr3cva0k34tr7z4y6l0cfk
bc1qqnk5lwm5ufc7x3mlv7pmxwnkkezjr9u37zxtth,1,1.34374444,1,2026-07-30 01:37,2026-07-30 01:37,bc1qnk4zh9qcnap2mycp56qjrgza3cc8ylrh8fecp0,,https://mempool.space/address/bc1qqnk5lwm5ufc7x3mlv7pmxwnkkezjr9u37zxtth
bc1qtzj87y0xsqgyjzdlzafmyrt8hus4t6c67j6u98,1,1.34356194,1,2026-07-30 01:37,2026-07-30 01:37,bc1qnk4zh9qcnap2mycp56qjrgza3cc8ylrh8fecp0,,https://mempool.space/address/bc1qtzj87y0xsqgyjzdlzafmyrt8hus4t6c67j6u98
bc1qvz2u908r0rhmcjdtnerlqwzk7v7suf7ezemqwx,1,1.31192906,1,2026-07-30 01:37,2026-07-30 01:37,bc1qnk4zh9qcnap2mycp56qjrgza3cc8ylrh8fecp0,,https://mempool.space/address/bc1qvz2u908r0rhmcjdtnerlqwzk7v7suf7ezemqwx
bc1q9dtgfm7k2dn3s3ykfncfhdavd6azd6gmtxryq3,1,1.299967,1,2026-07-30 01:37,2026-07-30 01:37,bc1qnk4zh9qcnap2mycp56qjrgza3cc8ylrh8fecp0,,https://mempool.space/address/bc1q9dtgfm7k2dn3s3ykfncfhdavd6azd6gmtxryq3
bc1qkda677g5q8sgspvklau42puu70s56pcnw2u7w3,1,1.28890571,1,2026-07-30 01:37,2026-07-30 01:37,bc1qnk4zh9qcnap2mycp56qjrgza3cc8ylrh8fecp0,,https://mempool.space/address/bc1qkda677g5q8sgspvklau42puu70s56pcnw2u7w3
bc1q3lqck4le2cxfnp727ju9l8pvsymefzkygfxc04,1,1.23575191,1,2026-07-30 01:37,2026-07-30 01:37,bc1qnk4zh9qcnap2mycp56qjrgza3cc8ylrh8fecp0,,https://mempool.space/address/bc1q3lqck4le2cxfnp727ju9l8pvsymefzkygfxc04
bc1qxvnh73ayw86xzx4dwjd0acgxp0qzjwslxxe454,1,1.1999466,1,2026-07-30 01:37,2026-07-30 01:37,bc1qnk4zh9qcnap2mycp56qjrgza3cc8ylrh8fecp0,,https://mempool.space/address/bc1qxvnh73ayw86xzx4dwjd0acgxp0qzjwslxxe454
bc1q03wvfpqv4ze0mdkqwqsezd74sunp7tmjcpg7jr,1,1.19562062,1,2026-07-30 01:37,2026-07-30 01:37,bc1qnk4zh9qcnap2mycp56qjrgza3cc8ylrh8fecp0,,https://mempool.space/address/bc1q03wvfpqv4ze0mdkqwqsezd74sunp7tmjcpg7jr
bc1qf5dftjwdhmwaeul904s5ypus3vezrj72h0hkxl,1,1.189967,1,2026-07-30 01:37,2026-07-30 01:37,bc1qnk4zh9qcnap2mycp56qjrgza3cc8ylrh8fecp0,,https://mempool.space/address/bc1qf5dftjwdhmwaeul904s5ypus3vezrj72h0hkxl
bc1q9tuelpkl5p709cz7semu3vd7y34y54vs0ftdx5,1,1.17740865,1,2026-07-30 01:37,2026-07-30 01:37,bc1qnk4zh9qcnap2mycp56qjrgza3cc8ylrh8fecp0,,https://mempool.space/address/bc1q9tuelpkl5p709cz7semu3vd7y34y54vs0ftdx5
bc1qkkd8kmz27zrwuavp43jdyh5ml9mpwlxv7dttls,1,1.15858059,1,2026-07-30 01:37,2026-07-30 01:37,bc1qnk4zh9qcnap2mycp56qjrgza3cc8ylrh8fecp0,,https://mempool.space/address/bc1qkkd8kmz27zrwuavp43jdyh5ml9mpwlxv7dttls
bc1qrvddqe7xe89k7xpwvhymdnlwp7u5sa6q0an6js,1,1.15252567,1,2026-07-30 01:37,2026-07-30 01:37,bc1qnk4zh9qcnap2mycp56qjrgza3cc8ylrh8fecp0,,https://mempool.space/address/bc1qrvddqe7xe89k7xpwvhymdnlwp7u5sa6q0an6js
bc1qn3x70v2q7g8skevqpd6xvkydfzzz7zpwg6qdce,1,1.13990845,1,2026-07-30 01:37,2026-07-30 01:37,bc1qnk4zh9qcnap2mycp56qjrgza3cc8ylrh8fecp0,,https://mempool.space/address/bc1qn3x70v2q7g8skevqpd6xvkydfzzz7zpwg6qdce
bc1qfztjaefsv8x7kme4ck4xcv4xncwx9m6p8v3t0l,1,1.13965274,1,2026-07-30 01:37,2026-07-30 01:37,bc1qnk4zh9qcnap2mycp56qjrgza3cc8ylrh8fecp0,,https://mempool.space/address/bc1qfztjaefsv8x7kme4ck4xcv4xncwx9m6p8v3t0l
bc1qmcl3egvhc28mnymtc4xuff63rcg5eav457d8m7,1,1.13283077,1,2026-07-30 01:37,2026-07-30 01:37,bc1qnk4zh9qcnap2mycp56qjrgza3cc8ylrh8fecp0,,https://mempool.space/address/bc1qmcl3egvhc28mnymtc4xuff63rcg5eav457d8m7
bc1q7kdtad2hef7nn92ca20jr6msy76cp5deqkj9p9,1,1.13065065,1,2026-07-30 01:37,2026-07-30 01:37,bc1qnk4zh9qcnap2mycp56qjrgza3cc8ylrh8fecp0,,https://mempool.space/address/bc1q7kdtad2hef7nn92ca20jr6msy76cp5deqkj9p9
bc1qf3jh7g5kk8ttzj82gxs6hfnyh8nghv6uxc9990,1,1.13041451,1,2026-07-30 01:37,2026-07-30 01:37,bc1qnk4zh9qcnap2mycp56qjrgza3cc8ylrh8fecp0,,https://mempool.space/address/bc1qf3jh7g5kk8ttzj82gxs6hfnyh8nghv6uxc9990
bc1qz9gkuktdp8xdeknzpwulsu57cvaxka2kzl0etd,1,1.11826787,1,2026-07-30 01:37,2026-07-30 01:37,bc1qnk4zh9qcnap2mycp56qjrgza3cc8ylrh8fecp0,,https://mempool.space/address/bc1qz9gkuktdp8xdeknzpwulsu57cvaxka2kzl0etd
bc1q5mtzpw33448gyx8999nyu2n8uux332h5ygh3nr,1,1.08228924,1,2026-07-30 01:37,2026-07-30 01:37,bc1qnk4zh9qcnap2mycp56qjrgza3cc8ylrh8fecp0,,https://mempool.space/address/bc1q5mtzpw33448gyx8999nyu2n8uux332h5ygh3nr
bc1qs55cwg7rrkhke9zfykkt68zhn4wf8m2tfmnfda,1,1.05038385,1,2026-07-30 01:37,2026-07-30 01:37,bc1qnk4zh9qcnap2mycp56qjrgza3cc8ylrh8fecp0,,https://mempool.space/address/bc1qs55cwg7rrkhke9zfykkt68zhn4wf8m2tfmnfda
bc1qagt9fx5gflvzzg4hdsptfp0yphcwl0ed23mwzv,1,1.02624963,1,2026-07-30 01:37,2026-07-30 01:37,bc1qnk4zh9qcnap2mycp56qjrgza3cc8ylrh8fecp0,,https://mempool.space/address/bc1qagt9fx5gflvzzg4hdsptfp0yphcwl0ed23mwzv
bc1qe9qqf26tjek60uf77p2rrvwj2sgzd97lnmkssc,1,1.01412681,1,2026-07-30 01:37,2026-07-30 01:37,bc1qnk4zh9qcnap2mycp56qjrgza3cc8ylrh8fecp0,,https://mempool.space/address/bc1qe9qqf26tjek60uf77p2rrvwj2sgzd97lnmkssc
bc1q02cc4rrexkl6thuscqhjmv6hensn4fr052v7ud,1,1.01264357,1,2026-07-30 01:37,2026-07-30 01:37,bc1qnk4zh9qcnap2mycp56qjrgza3cc8ylrh8fecp0,,https://mempool.space/address/bc1q02cc4rrexkl6thuscqhjmv6hensn4fr052v7ud
bc1q7rclwt9hg9327td093f87mem8ncf55r94tm83y,1,1.006557,1,2026-07-30 01:37,2026-07-30 01:37,bc1qnk4zh9qcnap2mycp56qjrgza3cc8ylrh8fecp0,,https://mempool.space/address/bc1q7rclwt9hg9327td093f87mem8ncf55r94tm83y
bc1qr5pcnecqx6wvw3evay369eh08m30nw058ha9um,1,1.004967,1,2026-07-30 01:37,2026-07-30 01:37,bc1qnk4zh9qcnap2mycp56qjrgza3cc8ylrh8fecp0,,https://mempool.space/address/bc1qr5pcnecqx6wvw3evay369eh08m30nw058ha9um
bc1qqaanwz45ac73w334tjzsx2757z007yxpwdpkfx,1,1.00161106,1,2026-07-30 01:37,2026-07-30 01:37,bc1qnk4zh9qcnap2mycp56qjrgza3cc8ylrh8fecp0,,https://mempool.space/address/bc1qqaanwz45ac73w334tjzsx2757z007yxpwdpkfx
bc1q6cgyhsfyhcxdz5w27yts4sf22kuv37nsp4dqaj,1,1.00144648,1,2026-07-30 01:37,2026-07-30 01:37,bc1qnk4zh9qcnap2mycp56qjrgza3cc8ylrh8fecp0,,https://mempool.space/address/bc1q6cgyhsfyhcxdz5w27yts4sf22kuv37nsp4dqaj
bc1qtvjyp4hw2qrwz3kz03ca3rtgll0jk7zvuucd89,1,1.0003983,1,2026-07-30 01:37,2026-07-30 01:37,bc1qnk4zh9qcnap2mycp56qjrgza3cc8ylrh8fecp0,,https://mempool.space/address/bc1qtvjyp4hw2qrwz3kz03ca3rtgll0jk7zvuucd89
bc1qs70q08ytw67t2yxuasefvft3k9thx4jamjleha,1,0.999967,1,2026-07-30 01:37,2026-07-30 01:37,bc1qnk4zh9qcnap2mycp56qjrgza3cc8ylrh8fecp0,,https://mempool.space/address/bc1qs70q08ytw67t2yxuasefvft3k9thx4jamjleha
bc1q3p2gzgzpe4jlxtu48hmuxucnr72cm7gfjptgv7,1,0.999967,1,2026-07-30 01:37,2026-07-30 01:37,bc1qnk4zh9qcnap2mycp56qjrgza3cc8ylrh8fecp0,,https://mempool.space/address/bc1q3p2gzgzpe4jlxtu48hmuxucnr72cm7gfjptgv7
bc1qcj2uaqhlnh209e8e7s2s4xwmxkatqyd750qhdv,1,0.999967,1,2026-07-30 01:37,2026-07-30 01:37,bc1qnk4zh9qcnap2mycp56qjrgza3cc8ylrh8fecp0,,https://mempool.space/address/bc1qcj2uaqhlnh209e8e7s2s4xwmxkatqyd750qhdv
bc1q3f4e8cdet5vp2lq0d67mlg5j3zg7uk2pcsmcx5,1,0.999967,1,2026-07-30 01:37,2026-07-30 01:37,bc1qnk4zh9qcnap2mycp56qjrgza3cc8ylrh8fecp0,,https://mempool.space/address/bc1q3f4e8cdet5vp2lq0d67mlg5j3zg7uk2pcsmcx5
bc1qyvks9zhg8l9c8e6qzmw65y92pwgslpdswes2fp,1,0.999967,1,2026-07-30 01:37,2026-07-30 01:37,bc1qnk4zh9qcnap2mycp56qjrgza3cc8ylrh8fecp0,,https://mempool.space/address/bc1qyvks9zhg8l9c8e6qzmw65y92pwgslpdswes2fp
bc1q4zeemj93wdfdf4dmaq6vmcl3n5a6p5dr305rg0,1,0.999967,1,2026-07-30 01:37,2026-07-30 01:37,bc1qnk4zh9qcnap2mycp56qjrgza3cc8ylrh8fecp0,,https://mempool.space/address/bc1q4zeemj93wdfdf4dmaq6vmcl3n5a6p5dr305rg0
bc1q0kyvkcll3e62ntpw7eak4j5fgd8yzxk39cmpp3,1,0.999967,1,2026-07-30 01:37,2026-07-30 01:37,bc1qnk4zh9qcnap2mycp56qjrgza3cc8ylrh8fecp0,,https://mempool.space/address/bc1q0kyvkcll3e62ntpw7eak4j5fgd8yzxk39cmpp3
bc1qhmcjyphdstxlykkw4p4tljxufg03znlmk3q8c8,1,0.999967,1,2026-07-30 01:37,2026-07-30 01:37,bc1qnk4zh9qcnap2mycp56qjrgza3cc8ylrh8fecp0,,https://mempool.space/address/bc1qhmcjyphdstxlykkw4p4tljxufg03znlmk3q8c8
bc1q2kreqjkekuq29gk0dunj3j7tc6svsmt7e48v03,1,0.999967,1,2026-07-30 01:37,2026-07-30 01:37,bc1qnk4zh9qcnap2mycp56qjrgza3cc8ylrh8fecp0,,https://mempool.space/address/bc1q2kreqjkekuq29gk0dunj3j7tc6svsmt7e48v03
bc1qg2mk4qeckavhx0p3u543snyeeadxgqsrft9ml6,1,0.999967,1,2026-07-30 01:37,2026-07-30 01:37,bc1qnk4zh9qcnap2mycp56qjrgza3cc8ylrh8fecp0,,https://mempool.space/address/bc1qg2mk4qeckavhx0p3u543snyeeadxgqsrft9ml6
bc1qkfdlg8ldhm45jg022xjaywsgqhaz6h6d4r7vqp,1,0.999967,1,2026-07-30 01:37,2026-07-30 01:37,bc1qnk4zh9qcnap2mycp56qjrgza3cc8ylrh8fecp0,,https://mempool.space/address/bc1qkfdlg8ldhm45jg022xjaywsgqhaz6h6d4r7vqp
bc1qv4jthf7tw7rj95lu0tzg6hfk5ztgr3xn479jrc,1,0.999967,1,2026-07-30 01:37,2026-07-30 01:37,bc1qnk4zh9qcnap2mycp56qjrgza3cc8ylrh8fecp0,,https://mempool.space/address/bc1qv4jthf7tw7rj95lu0tzg6hfk5ztgr3xn479jrc
bc1q2xmcqcvphu48ny0v7avx66f5et9mcar7xnfj34,1,0.999967,1,2026-07-30 01:37,2026-07-30 01:37,bc1qnk4zh9qcnap2mycp56qjrgza3cc8ylrh8fecp0,,https://mempool.space/address/bc1q2xmcqcvphu48ny0v7avx66f5et9mcar7xnfj34
bc1q6e4jdt5lr2rnmde8wyctr6njzxuu4qcjts8gx7,1,0.999967,1,2026-07-30 01:37,2026-07-30 01:37,bc1qnk4zh9qcnap2mycp56qjrgza3cc8ylrh8fecp0,,https://mempool.space/address/bc1q6e4jdt5lr2rnmde8wyctr6njzxuu4qcjts8gx7
bc1qepnr8hm0kxjxj4ltyny3telers8h8mlda4fye2,1,0.999967,1,2026-07-30 01:37,2026-07-30 01:37,bc1qnk4zh9qcnap2mycp56qjrgza3cc8ylrh8fecp0,,https://mempool.space/address/bc1qepnr8hm0kxjxj4ltyny3telers8h8mlda4fye2
bc1qvrrdtw0eadyh5us5mnv44uqw5r427re373zc29,1,0.999967,1,2026-07-30 01:37,2026-07-30 01:37,bc1qnk4zh9qcnap2mycp56qjrgza3cc8ylrh8fecp0,,https://mempool.space/address/bc1qvrrdtw0eadyh5us5mnv44uqw5r427re373zc29
bc1qacwd9jz374ffrvyxearqla28vap90pnlmctu3l,1,0.9999637,1,2026-07-30 01:37,2026-07-30 01:37,bc1qnk4zh9qcnap2mycp56qjrgza3cc8ylrh8fecp0,,https://mempool.space/address/bc1qacwd9jz374ffrvyxearqla28vap90pnlmctu3l
bc1qev5sv7sph02qff4d2q05q75vka4pzka58z7wxd,1,0.99975273,1,2026-07-30 01:37,2026-07-30 01:37,bc1qnk4zh9qcnap2mycp56qjrgza3cc8ylrh8fecp0,,https://mempool.space/address/bc1qev5sv7sph02qff4d2q05q75vka4pzka58z7wxd
bc1q4me3uwhtammkv6wxupaxrhw8pa3a4e56075vhl,1,0.999667,1,2026-07-30 01:37,2026-07-30 01:37,bc1qnk4zh9qcnap2mycp56qjrgza3cc8ylrh8fecp0,,https://mempool.space/address/bc1q4me3uwhtammkv6wxupaxrhw8pa3a4e56075vhl
bc1q4dq6av3rzar6y4mdqju9pn6603fdylss7eya9e,1,0.98197703,1,2026-07-30 01:37,2026-07-30 01:37,bc1qnk4zh9qcnap2mycp56qjrgza3cc8ylrh8fecp0,,https://mempool.space/address/bc1q4dq6av3rzar6y4mdqju9pn6603fdylss7eya9e
bc1qvppwuahfvf6x065dpj3rfr6q6rncyksyphm6m8,1,0.97965337,1,2026-07-30 01:37,2026-07-30 01:37,bc1qnk4zh9qcnap2mycp56qjrgza3cc8ylrh8fecp0,,https://mempool.space/address/bc1qvppwuahfvf6x065dpj3rfr6q6rncyksyphm6m8
bc1qvkxhwe7k66um8lhcnuaf60yf8f4jp4dghmd376,1,0.96334948,1,2026-07-30 01:37,2026-07-30 01:37,bc1qnk4zh9qcnap2mycp56qjrgza3cc8ylrh8fecp0,,https://mempool.space/address/bc1qvkxhwe7k66um8lhcnuaf60yf8f4jp4dghmd376
bc1q8sfurjsj3g8wq8v0k2rmqyql93hsw4yld94rwe,1,0.94683669,1,2026-07-30 01:37,2026-07-30 01:37,bc1qnk4zh9qcnap2mycp56qjrgza3cc8ylrh8fecp0,,https://mempool.space/address/bc1q8sfurjsj3g8wq8v0k2rmqyql93hsw4yld94rwe
bc1qz8c0lu6ryy2sr344vwyw2j9reyck065cn75ypg,1,0.939967,1,2026-07-30 01:37,2026-07-30 01:37,bc1qnk4zh9qcnap2mycp56qjrgza3cc8ylrh8fecp0,,https://mempool.space/address/bc1qz8c0lu6ryy2sr344vwyw2j9reyck065cn75ypg
bc1qkrkhw9neegmw0tgz7hgzp7utgf5km37tv0fxll,1,0.913647,1,2026-07-30 01:37,2026-07-30 01:37,bc1qnk4zh9qcnap2mycp56qjrgza3cc8ylrh8fecp0,,https://mempool.space/address/bc1qkrkhw9neegmw0tgz7hgzp7utgf5km37tv0fxll
bc1q2f4kzwtaa2j50ae4eak0ekcmux4h8wqtqmq52s,1,0.90995864,1,2026-07-30 01:37,2026-07-30 01:37,bc1qnk4zh9qcnap2mycp56qjrgza3cc8ylrh8fecp0,,https://mempool.space/address/bc1q2f4kzwtaa2j50ae4eak0ekcmux4h8wqtqmq52s
bc1q2ky0rx33c74p44m59r8nzktnw784jmfzv639gv,1,0.89788412,1,2026-07-30 01:37,2026-07-30 01:37,bc1qnk4zh9qcnap2mycp56qjrgza3cc8ylrh8fecp0,,https://mempool.space/address/bc1q2ky0rx33c74p44m59r8nzktnw784jmfzv639gv
12QkH3YyjLXZZP76BbVi3dPo5TTTg4Vzgb,1,0.88474701,1,2026-07-30 01:43,2026-07-30 01:43,bc1qnk4zh9qcnap2mycp56qjrgza3cc8ylrh8fecp0,,https://mempool.space/address/12QkH3YyjLXZZP76BbVi3dPo5TTTg4Vzgb
bc1qn78f8hyn7gy9p8ruxs48uzs98rjn5kkz8g9uau,1,0.86180514,1,2026-07-30 01:37,2026-07-30 01:37,bc1qnk4zh9qcnap2mycp56qjrgza3cc8ylrh8fecp0,,https://mempool.space/address/bc1qn78f8hyn7gy9p8ruxs48uzs98rjn5kkz8g9uau
bc1qcn0ace3dc5rx4zn47gmhx0vzkmu5nek24ayhdz,1,0.8409657,1,2026-07-30 01:37,2026-07-30 01:37,bc1qnk4zh9qcnap2mycp56qjrgza3cc8ylrh8fecp0,,https://mempool.space/address/bc1qcn0ace3dc5rx4zn47gmhx0vzkmu5nek24ayhdz
bc1q6fwmc0gepz8g90t3g0dl849ap9nm7u0vq88cga,1,0.8270362,1,2026-07-30 01:37,2026-07-30 01:37,bc1qnk4zh9qcnap2mycp56qjrgza3cc8ylrh8fecp0,,https://mempool.space/address/bc1q6fwmc0gepz8g90t3g0dl849ap9nm7u0vq88cga
bc1q93cphxcn6ynt3uvezelyx3pyzmeyecvds9lspm,1,0.80899559,1,2026-07-30 01:37,2026-07-30 01:37,bc1qnk4zh9qcnap2mycp56qjrgza3cc8ylrh8fecp0,,https://mempool.space/address/bc1q93cphxcn6ynt3uvezelyx3pyzmeyecvds9lspm
bc1q7yk2h4ugkdlvw0q0w4adh9yxx4wy9ehlh4muye,1,0.80825389,1,2026-07-30 01:37,2026-07-30 01:37,bc1qnk4zh9qcnap2mycp56qjrgza3cc8ylrh8fecp0,,https://mempool.space/address/bc1q7yk2h4ugkdlvw0q0w4adh9yxx4wy9ehlh4muye
bc1qhhqgevhcv9c5zfqay7jxu0n2efvg6w2zcfrrtk,1,0.8043477,1,2026-07-30 01:37,2026-07-30 01:37,bc1qnk4zh9qcnap2mycp56qjrgza3cc8ylrh8fecp0,,https://mempool.space/address/bc1qhhqgevhcv9c5zfqay7jxu0n2efvg6w2zcfrrtk
bc1qldkfrrlylk4s9sdyns9jkaajuzugl0dv5m8fxj,1,0.78951201,1,2026-07-30 01:37,2026-07-30 01:37,bc1qnk4zh9qcnap2mycp56qjrgza3cc8ylrh8fecp0,,https://mempool.space/address/bc1qldkfrrlylk4s9sdyns9jkaajuzugl0dv5m8fxj
bc1q0rysq3hznxr38zcx570r89sc7ppfv89kre7d4j,1,0.78897244,1,2026-07-30 01:37,2026-07-30 01:37,bc1qnk4zh9qcnap2mycp56qjrgza3cc8ylrh8fecp0,,https://mempool.space/address/bc1q0rysq3hznxr38zcx570r89sc7ppfv89kre7d4j
bc1qrqfszwcqtjlgepvlka7tp5gkev84ds5yumnf2g,1,0.786967,1,2026-07-30 01:37,2026-07-30 01:37,bc1qnk4zh9qcnap2mycp56qjrgza3cc8ylrh8fecp0,,https://mempool.space/address/bc1qrqfszwcqtjlgepvlka7tp5gkev84ds5yumnf2g
bc1qzssyjlcy44xgdfvmj0k25024y8yspn74jglydt,1,0.78568451,1,2026-07-30 01:37,2026-07-30 01:37,bc1qnk4zh9qcnap2mycp56qjrgza3cc8ylrh8fecp0,,https://mempool.space/address/bc1qzssyjlcy44xgdfvmj0k25024y8yspn74jglydt
bc1q9efvl3zpdlannw7j7nfc6qetuwep9avgclezvj,1,0.7632524,1,2026-07-30 01:37,2026-07-30 01:37,bc1qnk4zh9qcnap2mycp56qjrgza3cc8ylrh8fecp0,,https://mempool.space/address/bc1q9efvl3zpdlannw7j7nfc6qetuwep9avgclezvj
bc1q8xlgp6t8xt2erpw5nulqv8ln2950kevrn7gxd6,1,0.7573975,1,2026-07-30 01:37,2026-07-30 01:37,bc1qnk4zh9qcnap2mycp56qjrgza3cc8ylrh8fecp0,,https://mempool.space/address/bc1q8xlgp6t8xt2erpw5nulqv8ln2950kevrn7gxd6
bc1qyvcllv4f6m0nxfvgf4jjudl7860nllgpkr48tt,1,0.75661984,1,2026-07-30 01:37,2026-07-30 01:37,bc1qnk4zh9qcnap2mycp56qjrgza3cc8ylrh8fecp0,,https://mempool.space/address/bc1qyvcllv4f6m0nxfvgf4jjudl7860nllgpkr48tt
bc1qa8n360d2g7925dtzs43dl8jfgfdncgzsj74dk0,1,0.75527897,1,2026-07-30 01:37,2026-07-30 01:37,bc1qnk4zh9qcnap2mycp56qjrgza3cc8ylrh8fecp0,,https://mempool.space/address/bc1qa8n360d2g7925dtzs43dl8jfgfdncgzsj74dk0
bc1qw5zkeqpsk7dtp8ck8fyml28egqfzd59n68pmv3,1,0.7433112,1,2026-07-30 01:37,2026-07-30 01:37,bc1qnk4zh9qcnap2mycp56qjrgza3cc8ylrh8fecp0,,https://mempool.space/address/bc1qw5zkeqpsk7dtp8ck8fyml28egqfzd59n68pmv3
bc1qc9fnpcr53qsnd9aw7eufdl2m69yevjd8qflv7f,1,0.72667759,1,2026-07-30 01:37,2026-07-30 01:37,bc1qnk4zh9qcnap2mycp56qjrgza3cc8ylrh8fecp0,,https://mempool.space/address/bc1qc9fnpcr53qsnd9aw7eufdl2m69yevjd8qflv7f
bc1qn8xc7ut76nz6sfwx8l9fltcc48v5jd4fdf9aml,1,0.712967,1,2026-07-30 01:37,2026-07-30 01:37,bc1qnk4zh9qcnap2mycp56qjrgza3cc8ylrh8fecp0,,https://mempool.space/address/bc1qn8xc7ut76nz6sfwx8l9fltcc48v5jd4fdf9aml
bc1qgp8q7juqxqfc5u9fu7qv92rgjqw3sn4ycg8v8c,1,0.70032854,1,2026-07-30 01:37,2026-07-30 01:37,bc1qnk4zh9qcnap2mycp56qjrgza3cc8ylrh8fecp0,,https://mempool.space/address/bc1qgp8q7juqxqfc5u9fu7qv92rgjqw3sn4ycg8v8c
bc1qpf5evqrqfyyyphl4h8m9n2wqdwgj53g5zgrtqr,1,0.68930502,1,2026-07-30 01:37,2026-07-30 01:37,bc1qnk4zh9qcnap2mycp56qjrgza3cc8ylrh8fecp0,,https://mempool.space/address/bc1qpf5evqrqfyyyphl4h8m9n2wqdwgj53g5zgrtqr
bc1q6wz3rm289tgm8dh4zcfnznv9cues8sn89ftfun,1,0.68377113,1,2026-07-30 01:37,2026-07-30 01:37,bc1qnk4zh9qcnap2mycp56qjrgza3cc8ylrh8fecp0,,https://mempool.space/address/bc1q6wz3rm289tgm8dh4zcfnznv9cues8sn89ftfun
bc1qedl3daqphepzmj20skrlcu0qtep7v4lu4vw4z3,1,0.67567276,1,2026-07-30 01:37,2026-07-30 01:37,bc1qnk4zh9qcnap2mycp56qjrgza3cc8ylrh8fecp0,,https://mempool.space/address/bc1qedl3daqphepzmj20skrlcu0qtep7v4lu4vw4z3
bc1qyjzyklx840eu6tmq9aynrmfd8f5ccjwqedeeh3,1,0.66719372,1,2026-07-30 01:37,2026-07-30 01:37,bc1qnk4zh9qcnap2mycp56qjrgza3cc8ylrh8fecp0,,https://mempool.space/address/bc1qyjzyklx840eu6tmq9aynrmfd8f5ccjwqedeeh3
bc1qmua6v6c99klxxn0466cjpqfx8sg2suzwklrjrt,1,0.660867,1,2026-07-30 01:37,2026-07-30 01:37,bc1qnk4zh9qcnap2mycp56qjrgza3cc8ylrh8fecp0,,https://mempool.space/address/bc1qmua6v6c99klxxn0466cjpqfx8sg2suzwklrjrt
bc1qymvp97rjsxla4ttgt5aayl5cmlk2rfsred2y2a,1,0.65950978,1,2026-07-30 01:37,2026-07-30 01:37,bc1qnk4zh9qcnap2mycp56qjrgza3cc8ylrh8fecp0,,https://mempool.space/address/bc1qymvp97rjsxla4ttgt5aayl5cmlk2rfsred2y2a
bc1ql783fccnuxts6hkrw5t4rcwtc3utzm63cx8dgd,1,0.65625624,1,2026-07-30 01:37,2026-07-30 01:37,bc1qnk4zh9qcnap2mycp56qjrgza3cc8ylrh8fecp0,,https://mempool.space/address/bc1ql783fccnuxts6hkrw5t4rcwtc3utzm63cx8dgd
bc1qj0p638raz2r7ekz5t6zhf03eqhu7vfeexmkrnm,1,0.653167,1,2026-07-30 01:37,2026-07-30 01:37,bc1qnk4zh9qcnap2mycp56qjrgza3cc8ylrh8fecp0,,https://mempool.space/address/bc1qj0p638raz2r7ekz5t6zhf03eqhu7vfeexmkrnm
bc1qeu0a4qlw4lgj2wkk05jlm24yfalrga2ss46hpg,1,0.649967,1,2026-07-30 01:37,2026-07-30 01:37,bc1qnk4zh9qcnap2mycp56qjrgza3cc8ylrh8fecp0,,https://mempool.space/address/bc1qeu0a4qlw4lgj2wkk05jlm24yfalrga2ss46hpg
bc1qzzj2jsmunp36trgsyqplepzufrt9d8lf63xmsp,1,0.64949783,1,2026-07-30 01:37,2026-07-30 01:37,bc1qnk4zh9qcnap2mycp56qjrgza3cc8ylrh8fecp0,,https://mempool.space/address/bc1qzzj2jsmunp36trgsyqplepzufrt9d8lf63xmsp
bc1qu87g02xlhk3y3ghqgnk4w3k6cyfr9zaf7nj9g0,1,0.64194081,1,2026-07-30 01:37,2026-07-30 01:37,bc1qnk4zh9qcnap2mycp56qjrgza3cc8ylrh8fecp0,,https://mempool.space/address/bc1qu87g02xlhk3y3ghqgnk4w3k6cyfr9zaf7nj9g0
bc1qay3w7fc6d4zl47hndxa5ls7eyp82ccav4r044u,1,0.62765425,1,2026-07-30 01:37,2026-07-30 01:37,bc1qnk4zh9qcnap2mycp56qjrgza3cc8ylrh8fecp0,,https://mempool.space/address/bc1qay3w7fc6d4zl47hndxa5ls7eyp82ccav4r044u
bc1qgsqraxzxzhycsqmjyxfcggm33xweya2m9um0an,1,0.627176,1,2026-07-30 01:37,2026-07-30 01:37,bc1qnk4zh9qcnap2mycp56qjrgza3cc8ylrh8fecp0,,https://mempool.space/address/bc1qgsqraxzxzhycsqmjyxfcggm33xweya2m9um0an
bc1qyax6jeqm7u59m66eh3gw9jkx58hxrnlgml2q7y,1,0.62423959,1,2026-07-30 01:37,2026-07-30 01:37,bc1qnk4zh9qcnap2mycp56qjrgza3cc8ylrh8fecp0,,https://mempool.space/address/bc1qyax6jeqm7u59m66eh3gw9jkx58hxrnlgml2q7y
bc1q97y0uwcg9ps5wvxsjh7j5msjfrce0pjrau4qq3,1,0.61853175,1,2026-07-30 01:37,2026-07-30 01:37,bc1qnk4zh9qcnap2mycp56qjrgza3cc8ylrh8fecp0,,https://mempool.space/address/bc1q97y0uwcg9ps5wvxsjh7j5msjfrce0pjrau4qq3
bc1qklevkhjdjgsk2pq3rmwcf96n0yxeaxhg4kw6m9,1,0.61767705,1,2026-07-30 01:37,2026-07-30 01:37,bc1qnk4zh9qcnap2mycp56qjrgza3cc8ylrh8fecp0,,https://mempool.space/address/bc1qklevkhjdjgsk2pq3rmwcf96n0yxeaxhg4kw6m9
bc1qcsj6rfq4h8wj5dcvsh2vx8jvcu9sdmfq06qmge,1,0.61273752,1,2026-07-30 01:37,2026-07-30 01:37,bc1qnk4zh9qcnap2mycp56qjrgza3cc8ylrh8fecp0,,https://mempool.space/address/bc1qcsj6rfq4h8wj5dcvsh2vx8jvcu9sdmfq06qmge
bc1qppyzygpgqk2sqyq8z6s5rf4qmzgyxcf8txtv0s,1,0.61268834,1,2026-07-30 01:37,2026-07-30 01:37,bc1qnk4zh9qcnap2mycp56qjrgza3cc8ylrh8fecp0,,https://mempool.space/address/bc1qppyzygpgqk2sqyq8z6s5rf4qmzgyxcf8txtv0s
bc1q3e3weewjnn784k7x86lzjmdv2p9k0x57he5kxf,1,0.60508095,1,2026-07-30 01:43,2026-07-30 01:43,bc1qnk4zh9qcnap2mycp56qjrgza3cc8ylrh8fecp0,,https://mempool.space/address/bc1q3e3weewjnn784k7x86lzjmdv2p9k0x57he5kxf
bc1qfdqemnmkgg5k6r30tclns5wh7wd4n5008jy7zz,1,0.60251539,1,2026-07-30 01:43,2026-07-30 01:43,bc1qnk4zh9qcnap2mycp56qjrgza3cc8ylrh8fecp0,,https://mempool.space/address/bc1qfdqemnmkgg5k6r30tclns5wh7wd4n5008jy7zz
bc1qen8ff2gmwy62ljs6lawsnakswdzsajrk5ntr3f,1,0.60240731,1,2026-07-30 01:43,2026-07-30 01:43,bc1qnk4zh9qcnap2mycp56qjrgza3cc8ylrh8fecp0,,https://mempool.space/address/bc1qen8ff2gmwy62ljs6lawsnakswdzsajrk5ntr3f
bc1qsqzzxhghwvx0ax9r7twrc8elrcnmudgmd3zxyc,1,0.599928,1,2026-07-30 01:43,2026-07-30 01:43,bc1qnk4zh9qcnap2mycp56qjrgza3cc8ylrh8fecp0,,https://mempool.space/address/bc1qsqzzxhghwvx0ax9r7twrc8elrcnmudgmd3zxyc
bc1q3xyl39az87yscj7sk3plevvz3wf975tvlhel9l,1,0.5974058,1,2026-07-30 01:43,2026-07-30 01:43,bc1qnk4zh9qcnap2mycp56qjrgza3cc8ylrh8fecp0,,https://mempool.space/address/bc1q3xyl39az87yscj7sk3plevvz3wf975tvlhel9l
bc1qsqfshvk4u2k3mca8mfejkvv9gu58qdqu4cy5rd,1,0.59208009,1,2026-07-30 01:43,2026-07-30 01:43,bc1qnk4zh9qcnap2mycp56qjrgza3cc8ylrh8fecp0,,https://mempool.space/address/bc1qsqfshvk4u2k3mca8mfejkvv9gu58qdqu4cy5rd
bc1que5tl762kh7xsea8e77udwu76jjt3qn00qdvkz,1,0.58513289,1,2026-07-30 01:43,2026-07-30 01:43,bc1qnk4zh9qcnap2mycp56qjrgza3cc8ylrh8fecp0,,https://mempool.space/address/bc1que5tl762kh7xsea8e77udwu76jjt3qn00qdvkz
bc1q90edmtsqa5cmqhwg35vuepae7hqvwu58gltth0,1,0.58148531,1,2026-07-30 01:43,2026-07-30 01:43,bc1qnk4zh9qcnap2mycp56qjrgza3cc8ylrh8fecp0,,https://mempool.space/address/bc1q90edmtsqa5cmqhwg35vuepae7hqvwu58gltth0
bc1q5qzz07d7f4p23u6837qqfdllts9g0asjkfa42a,1,0.57530348,1,2026-07-30 01:43,2026-07-30 01:43,bc1qnk4zh9qcnap2mycp56qjrgza3cc8ylrh8fecp0,,https://mempool.space/address/bc1q5qzz07d7f4p23u6837qqfdllts9g0asjkfa42a
bc1qdq9mhzl6jdwmt8q6zu0sjmj4mppuey585mjhpn,1,0.5718691,1,2026-07-30 01:43,2026-07-30 01:43,bc1qnk4zh9qcnap2mycp56qjrgza3cc8ylrh8fecp0,,https://mempool.space/address/bc1qdq9mhzl6jdwmt8q6zu0sjmj4mppuey585mjhpn
bc1q0nx3jy8cc2qjpf6z5232t07v9mw937r4fvu9he,1,0.56589475,1,2026-07-30 01:43,2026-07-30 01:43,bc1qnk4zh9qcnap2mycp56qjrgza3cc8ylrh8fecp0,,https://mempool.space/address/bc1q0nx3jy8cc2qjpf6z5232t07v9mw937r4fvu9he
bc1qrq6x3dg9z6c9uhm8zqkdsa4gyhe6cvzq6hht92,1,0.56579496,1,2026-07-30 01:43,2026-07-30 01:43,bc1qnk4zh9qcnap2mycp56qjrgza3cc8ylrh8fecp0,,https://mempool.space/address/bc1qrq6x3dg9z6c9uhm8zqkdsa4gyhe6cvzq6hht92
bc1qq7a85wgv96xl0mjrau6ut5dkaqs27uvs4844zj,1,0.55391549,1,2026-07-30 01:43,2026-07-30 01:43,bc1qnk4zh9qcnap2mycp56qjrgza3cc8ylrh8fecp0,,https://mempool.space/address/bc1qq7a85wgv96xl0mjrau6ut5dkaqs27uvs4844zj
bc1qgrfn5q6ttv9e8s7t3lmlywrfl0zhqq9f96pfcg,1,0.54477934,1,2026-07-30 01:43,2026-07-30 01:43,bc1qnk4zh9qcnap2mycp56qjrgza3cc8ylrh8fecp0,,https://mempool.space/address/bc1qgrfn5q6ttv9e8s7t3lmlywrfl0zhqq9f96pfcg
bc1q686d99x60fw0zgzwumf8vte2e40uqr4eadettw,1,0.53586612,1,2026-07-30 01:43,2026-07-30 01:43,bc1qnk4zh9qcnap2mycp56qjrgza3cc8ylrh8fecp0,,https://mempool.space/address/bc1q686d99x60fw0zgzwumf8vte2e40uqr4eadettw
bc1qrl0saseprw6jxuvq5ylkdnczuarurcyljlzrs6,1,0.53452305,1,2026-07-30 01:43,2026-07-30 01:43,bc1qnk4zh9qcnap2mycp56qjrgza3cc8ylrh8fecp0,,https://mempool.space/address/bc1qrl0saseprw6jxuvq5ylkdnczuarurcyljlzrs6
bc1qmr7pq2ugw8eqx5hcsupaff0mngz37n92szzu4t,1,0.52916909,1,2026-07-30 01:43,2026-07-30 01:43,bc1qnk4zh9qcnap2mycp56qjrgza3cc8ylrh8fecp0,,https://mempool.space/address/bc1qmr7pq2ugw8eqx5hcsupaff0mngz37n92szzu4t
bc1qm4k2cg06a9nr9rjsvas339nw20lkm4lvfwcn4h,1,0.5279066,1,2026-07-30 01:43,2026-07-30 01:43,bc1qnk4zh9qcnap2mycp56qjrgza3cc8ylrh8fecp0,,https://mempool.space/address/bc1qm4k2cg06a9nr9rjsvas339nw20lkm4lvfwcn4h
bc1q006affmjr33k7n57cwu69pyhhzrk7fx4yszcny,1,0.52319123,1,2026-07-30 01:43,2026-07-30 01:43,bc1qnk4zh9qcnap2mycp56qjrgza3cc8ylrh8fecp0,,https://mempool.space/address/bc1q006affmjr33k7n57cwu69pyhhzrk7fx4yszcny
bc1qa76t92c63hx28gla49fvg6essye9wvakzscne5,1,0.52012676,1,2026-07-30 01:43,2026-07-30 01:43,bc1qnk4zh9qcnap2mycp56qjrgza3cc8ylrh8fecp0,,https://mempool.space/address/bc1qa76t92c63hx28gla49fvg6essye9wvakzscne5
bc1qv75kthxdxnun36e4hdtq8ymsgq3jq44pm8lgs8,1,0.51975869,1,2026-07-30 01:43,2026-07-30 01:43,bc1qnk4zh9qcnap2mycp56qjrgza3cc8ylrh8fecp0,,https://mempool.space/address/bc1qv75kthxdxnun36e4hdtq8ymsgq3jq44pm8lgs8
bc1qx7k6awuzlh7qgw7c52kjc6rmfvdjlrvc9tkhj6,1,0.51347495,1,2026-07-30 01:43,2026-07-30 01:43,bc1qnk4zh9qcnap2mycp56qjrgza3cc8ylrh8fecp0,,https://mempool.space/address/bc1qx7k6awuzlh7qgw7c52kjc6rmfvdjlrvc9tkhj6
bc1qg2nd8k76y2p36rndmmfa3uhhttwy2rdw2upx5h,1,0.50568797,1,2026-07-30 01:43,2026-07-30 01:43,bc1qnk4zh9qcnap2mycp56qjrgza3cc8ylrh8fecp0,,https://mempool.space/address/bc1qg2nd8k76y2p36rndmmfa3uhhttwy2rdw2upx5h
bc1qtssghxre9ldyh5nppqpycq43rrg24ghhtg5g4m,1,0.50092054,1,2026-07-30 01:43,2026-07-30 01:43,bc1qnk4zh9qcnap2mycp56qjrgza3cc8ylrh8fecp0,,https://mempool.space/address/bc1qtssghxre9ldyh5nppqpycq43rrg24ghhtg5g4m
bc1q5jvsx6q0zgu903g9n88ld7pw3pwrgzw9adt54l,1,0.499967,1,2026-07-30 01:43,2026-07-30 01:43,bc1qnk4zh9qcnap2mycp56qjrgza3cc8ylrh8fecp0,,https://mempool.space/address/bc1q5jvsx6q0zgu903g9n88ld7pw3pwrgzw9adt54l
bc1qkqar6mtqgtkldjqyfmlkavr489m5g0dqz0nc8t,1,0.499967,1,2026-07-30 01:43,2026-07-30 01:43,bc1qnk4zh9qcnap2mycp56qjrgza3cc8ylrh8fecp0,,https://mempool.space/address/bc1qkqar6mtqgtkldjqyfmlkavr489m5g0dqz0nc8t
bc1qk04u9h480qvfec3n70txhgp939rhlch5jtxjwg,1,0.499967,1,2026-07-30 01:43,2026-07-30 01:43,bc1qnk4zh9qcnap2mycp56qjrgza3cc8ylrh8fecp0,,https://mempool.space/address/bc1qk04u9h480qvfec3n70txhgp939rhlch5jtxjwg
bc1q96xgy256dpmxa48jm9gqxaddfcg8snkl9jxsuc,1,0.499967,1,2026-07-30 01:43,2026-07-30 01:43,bc1qnk4zh9qcnap2mycp56qjrgza3cc8ylrh8fecp0,,https://mempool.space/address/bc1q96xgy256dpmxa48jm9gqxaddfcg8snkl9jxsuc
bc1qgaqfs50gqgnsfr8kqavkkp0hrrg2hue9t3hsm8,1,0.499967,1,2026-07-30 01:43,2026-07-30 01:43,bc1qnk4zh9qcnap2mycp56qjrgza3cc8ylrh8fecp0,,https://mempool.space/address/bc1qgaqfs50gqgnsfr8kqavkkp0hrrg2hue9t3hsm8
bc1qp2hxamzznann2pps5gk7vx7v7tap3mgtvmmtfl,1,0.499967,1,2026-07-30 01:43,2026-07-30 01:43,bc1qnk4zh9qcnap2mycp56qjrgza3cc8ylrh8fecp0,,https://mempool.space/address/bc1qp2hxamzznann2pps5gk7vx7v7tap3mgtvmmtfl
bc1q7mumyptdr7ru66urdflth4f6tuye7f8h6v8yme,1,0.499967,1,2026-07-30 01:43,2026-07-30 01:43,bc1qnk4zh9qcnap2mycp56qjrgza3cc8ylrh8fecp0,,https://mempool.space/address/bc1q7mumyptdr7ru66urdflth4f6tuye7f8h6v8yme
bc1qlyu8swwurllfc8xvtmlyee6304e4fpctpr3xr8,1,0.499967,1,2026-07-30 01:43,2026-07-30 01:43,bc1qnk4zh9qcnap2mycp56qjrgza3cc8ylrh8fecp0,,https://mempool.space/address/bc1qlyu8swwurllfc8xvtmlyee6304e4fpctpr3xr8
bc1q7wqx9rpjhchchvplqyw04p3ammwsxddk6m8q3j,1,0.499967,1,2026-07-30 01:43,2026-07-30 01:43,bc1qnk4zh9qcnap2mycp56qjrgza3cc8ylrh8fecp0,,https://mempool.space/address/bc1q7wqx9rpjhchchvplqyw04p3ammwsxddk6m8q3j
bc1q7x7pk6whuu5vrzn27e5qgadt3e6245exppxjek,1,0.499967,1,2026-07-30 01:43,2026-07-30 01:43,bc1qnk4zh9qcnap2mycp56qjrgza3cc8ylrh8fecp0,,https://mempool.space/address/bc1q7x7pk6whuu5vrzn27e5qgadt3e6245exppxjek
bc1qspdzchv0lxnnk2xxzkxfw38sswjt37g4ntheh0,1,0.499967,1,2026-07-30 01:43,2026-07-30 01:43,bc1qnk4zh9qcnap2mycp56qjrgza3cc8ylrh8fecp0,,https://mempool.space/address/bc1qspdzchv0lxnnk2xxzkxfw38sswjt37g4ntheh0
bc1q2hwjr5hz6uhedsjj7yqmm6w744v5v8fk4l3gv8,1,0.49875022,1,2026-07-30 01:43,2026-07-30 01:43,bc1qnk4zh9qcnap2mycp56qjrgza3cc8ylrh8fecp0,,https://mempool.space/address/bc1q2hwjr5hz6uhedsjj7yqmm6w744v5v8fk4l3gv8
bc1qpsjphtm38fc79duc9jh3y2k9dgresqee854saq,1,0.49840144,1,2026-07-30 01:43,2026-07-30 01:43,bc1qnk4zh9qcnap2mycp56qjrgza3cc8ylrh8fecp0,,https://mempool.space/address/bc1qpsjphtm38fc79duc9jh3y2k9dgresqee854saq
bc1qy6z6tjmhgnaksxf9d8j8ttcpv8qnlmt25d66gf,1,0.49441806,1,2026-07-30 01:43,2026-07-30 01:43,bc1qnk4zh9qcnap2mycp56qjrgza3cc8ylrh8fecp0,,https://mempool.space/address/bc1qy6z6tjmhgnaksxf9d8j8ttcpv8qnlmt25d66gf
bc1qyx4e6ujhjljlqzwgl6h2rwq94kk9kgp8gdat8t,1,0.4934742,1,2026-07-30 01:43,2026-07-30 01:43,bc1qnk4zh9qcnap2mycp56qjrgza3cc8ylrh8fecp0,,https://mempool.space/address/bc1qyx4e6ujhjljlqzwgl6h2rwq94kk9kgp8gdat8t
bc1qlthrf7mdaydeep6709l63fzfzerrxh2ymldyay,1,0.49141172,1,2026-07-30 01:43,2026-07-30 01:43,bc1qnk4zh9qcnap2mycp56qjrgza3cc8ylrh8fecp0,,https://mempool.space/address/bc1qlthrf7mdaydeep6709l63fzfzerrxh2ymldyay
bc1quh7sc89wp4eztaqa7lsfthqjywnenth2gmuprt,1,0.48997393,1,2026-07-30 01:43,2026-07-30 01:43,bc1qnk4zh9qcnap2mycp56qjrgza3cc8ylrh8fecp0,,https://mempool.space/address/bc1quh7sc89wp4eztaqa7lsfthqjywnenth2gmuprt
bc1q7vypqrpyy4nvcf52hpdnsdcacfnjk39yxqkzqw,1,0.48848772,1,2026-07-30 01:43,2026-07-30 01:43,bc1qnk4zh9qcnap2mycp56qjrgza3cc8ylrh8fecp0,,https://mempool.space/address/bc1q7vypqrpyy4nvcf52hpdnsdcacfnjk39yxqkzqw
bc1qfjkcdm7gpl7t0uakz8aqxqr2y7hw8pl2kkrf2r,1,0.48808141,1,2026-07-30 01:43,2026-07-30 01:43,bc1qnk4zh9qcnap2mycp56qjrgza3cc8ylrh8fecp0,,https://mempool.space/address/bc1qfjkcdm7gpl7t0uakz8aqxqr2y7hw8pl2kkrf2r
3Atwx1owHgniExZiu8DfNX7Heyq5fnNGdE,1,0.48652728,1,2026-07-30 01:43,2026-07-30 01:43,bc1qnk4zh9qcnap2mycp56qjrgza3cc8ylrh8fecp0,,https://mempool.space/address/3Atwx1owHgniExZiu8DfNX7Heyq5fnNGdE
bc1qywu9z9xd0fg4t9kaxkyjps0jekakl00elw48m9,1,0.479967,1,2026-07-30 01:43,2026-07-30 01:43,bc1qnk4zh9qcnap2mycp56qjrgza3cc8ylrh8fecp0,,https://mempool.space/address/bc1qywu9z9xd0fg4t9kaxkyjps0jekakl00elw48m9
bc1qypun32e8znslc43aat5xze8xfp3vakn8vmqj77,1,0.479967,1,2026-07-30 01:43,2026-07-30 01:43,bc1qnk4zh9qcnap2mycp56qjrgza3cc8ylrh8fecp0,,https://mempool.space/address/bc1qypun32e8znslc43aat5xze8xfp3vakn8vmqj77
bc1q6c8xqnc6602fg68fwqthnlu8dxrkzxuus6saef,1,0.479967,1,2026-07-30 01:43,2026-07-30 01:43,bc1qnk4zh9qcnap2mycp56qjrgza3cc8ylrh8fecp0,,https://mempool.space/address/bc1q6c8xqnc6602fg68fwqthnlu8dxrkzxuus6saef
bc1qmxppd4ygcksm99fedv09v76cckl27qarxzrmdg,1,0.479967,1,2026-07-30 01:43,2026-07-30 01:43,bc1qnk4zh9qcnap2mycp56qjrgza3cc8ylrh8fecp0,,https://mempool.space/address/bc1qmxppd4ygcksm99fedv09v76cckl27qarxzrmdg
bc1qpa5wauskhk0zzv0l7e25tf8lljddarn80859gy,1,0.479967,1,2026-07-30 01:43,2026-07-30 01:43,bc1qnk4zh9qcnap2mycp56qjrgza3cc8ylrh8fecp0,,https://mempool.space/address/bc1qpa5wauskhk0zzv0l7e25tf8lljddarn80859gy
bc1qgtfex9zt8qm5z0kmzmgkejc922e3mvq9mw25sk,1,0.47970974,1,2026-07-30 01:43,2026-07-30 01:43,bc1qnk4zh9qcnap2mycp56qjrgza3cc8ylrh8fecp0,,https://mempool.space/address/bc1qgtfex9zt8qm5z0kmzmgkejc922e3mvq9mw25sk
bc1q9tva35hcq6hsjsx86fyat5z4g5eqpnrq4et3l4,1,0.4744632,1,2026-07-30 01:43,2026-07-30 01:43,bc1qnk4zh9qcnap2mycp56qjrgza3cc8ylrh8fecp0,,https://mempool.space/address/bc1q9tva35hcq6hsjsx86fyat5z4g5eqpnrq4et3l4
bc1qxcca6mk38ty68td9qphfkcxkqrknaxnjx4ymap,1,0.46721593,1,2026-07-30 01:43,2026-07-30 01:43,bc1qnk4zh9qcnap2mycp56qjrgza3cc8ylrh8fecp0,,https://mempool.space/address/bc1qxcca6mk38ty68td9qphfkcxkqrknaxnjx4ymap
bc1qu4pe6uwrqytapesk36gz0qh53pwua2q3xqy9xf,1,0.45881415,1,2026-07-30 01:43,2026-07-30 01:43,bc1qnk4zh9qcnap2mycp56qjrgza3cc8ylrh8fecp0,,https://mempool.space/address/bc1qu4pe6uwrqytapesk36gz0qh53pwua2q3xqy9xf
bc1qmv30ahnudlxtmz8y65ew37fuq3y5duglx685dr,1,0.45720322,1,2026-07-30 01:43,2026-07-30 01:43,bc1qnk4zh9qcnap2mycp56qjrgza3cc8ylrh8fecp0,,https://mempool.space/address/bc1qmv30ahnudlxtmz8y65ew37fuq3y5duglx685dr
bc1qm9vjjnvenfrwcm2hu9876qprdslhfnmx4y3a7h,1,0.450967,1,2026-07-30 01:43,2026-07-30 01:43,bc1qnk4zh9qcnap2mycp56qjrgza3cc8ylrh8fecp0,,https://mempool.space/address/bc1qm9vjjnvenfrwcm2hu9876qprdslhfnmx4y3a7h
bc1qdjy4sz3mwm04zkleuclt9s4u9yrvf0jfzxrs39,1,0.45063047,1,2026-07-30 01:43,2026-07-30 01:43,bc1qnk4zh9qcnap2mycp56qjrgza3cc8ylrh8fecp0,,https://mempool.space/address/bc1qdjy4sz3mwm04zkleuclt9s4u9yrvf0jfzxrs39
bc1qnemxdlmu633575nesyegz20z8eukqmu09e7hm2,1,0.44995372,1,2026-07-30 01:43,2026-07-30 01:43,bc1qnk4zh9qcnap2mycp56qjrgza3cc8ylrh8fecp0,,https://mempool.space/address/bc1qnemxdlmu633575nesyegz20z8eukqmu09e7hm2
bc1qmtt365vx9z3c0jkx2fy3naav8v7kwcrpj8mzcz,1,0.44826132,1,2026-07-30 01:43,2026-07-30 01:43,bc1qnk4zh9qcnap2mycp56qjrgza3cc8ylrh8fecp0,,https://mempool.space/address/bc1qmtt365vx9z3c0jkx2fy3naav8v7kwcrpj8mzcz
bc1qys904etd9c9e6rsw4hw9lr2saw28y0jjg4czj5,1,0.44812719,1,2026-07-30 01:43,2026-07-30 01:43,bc1qnk4zh9qcnap2mycp56qjrgza3cc8ylrh8fecp0,,https://mempool.space/address/bc1qys904etd9c9e6rsw4hw9lr2saw28y0jjg4czj5
bc1qzuzkrn5thdkr7rn6nek7h0dl99kj2jfj7rnn48,1,0.44449778,1,2026-07-30 01:43,2026-07-30 01:43,bc1qnk4zh9qcnap2mycp56qjrgza3cc8ylrh8fecp0,,https://mempool.space/address/bc1qzuzkrn5thdkr7rn6nek7h0dl99kj2jfj7rnn48
bc1q2gy6w22gu3r4a8uzh737agz2u9xs65536pc9ms,1,0.43871282,1,2026-07-30 01:43,2026-07-30 01:43,bc1qnk4zh9qcnap2mycp56qjrgza3cc8ylrh8fecp0,,https://mempool.space/address/bc1q2gy6w22gu3r4a8uzh737agz2u9xs65536pc9ms
bc1qrz9xngxtf7n8y4ccf0pg82ag4dt5t5e4pehpz6,1,0.43750051,1,2026-07-30 01:43,2026-07-30 01:43,bc1qnk4zh9qcnap2mycp56qjrgza3cc8ylrh8fecp0,,https://mempool.space/address/bc1qrz9xngxtf7n8y4ccf0pg82ag4dt5t5e4pehpz6
bc1qq4sp4pd0m6tdenurawna45unsfvlxfy2483nte,1,0.4364591,1,2026-07-30 01:43,2026-07-30 01:43,bc1qnk4zh9qcnap2mycp56qjrgza3cc8ylrh8fecp0,,https://mempool.space/address/bc1qq4sp4pd0m6tdenurawna45unsfvlxfy2483nte
bc1qwmam8krfhuqxtp94d3qh63qyt6nsget28dt8s0,1,0.4362271,1,2026-07-30 01:43,2026-07-30 01:43,bc1qnk4zh9qcnap2mycp56qjrgza3cc8ylrh8fecp0,,https://mempool.space/address/bc1qwmam8krfhuqxtp94d3qh63qyt6nsget28dt8s0
bc1qh6p2fpgwhqkyr345z8lx56sy9sw3agxxgfd030,1,0.42433711,1,2026-07-30 01:43,2026-07-30 01:43,bc1qnk4zh9qcnap2mycp56qjrgza3cc8ylrh8fecp0,,https://mempool.space/address/bc1qh6p2fpgwhqkyr345z8lx56sy9sw3agxxgfd030
bc1qsfycsmveuqndynk46jmv9k6gf5mkqjgxuefk04,1,0.42366062,1,2026-07-30 01:43,2026-07-30 01:43,bc1qnk4zh9qcnap2mycp56qjrgza3cc8ylrh8fecp0,,https://mempool.space/address/bc1qsfycsmveuqndynk46jmv9k6gf5mkqjgxuefk04
bc1qwqtz04fz9ndm9gtxx7757rjlwf9669y3t7ldsf,1,0.4220611,1,2026-07-30 01:43,2026-07-30 01:43,bc1qnk4zh9qcnap2mycp56qjrgza3cc8ylrh8fecp0,,https://mempool.space/address/bc1qwqtz04fz9ndm9gtxx7757rjlwf9669y3t7ldsf
bc1qkv4gqd3feapjp67mfz2zhzjk0lu9mp4g0kv6mg,1,0.42104513,1,2026-07-30 01:43,2026-07-30 01:43,bc1qnk4zh9qcnap2mycp56qjrgza3cc8ylrh8fecp0,,https://mempool.space/address/bc1qkv4gqd3feapjp67mfz2zhzjk0lu9mp4g0kv6mg
bc1qferfww87449mqeqpjxn6gkqqjnte3tcsmwjmaj,1,0.41798914,1,2026-07-30 01:43,2026-07-30 01:43,bc1qnk4zh9qcnap2mycp56qjrgza3cc8ylrh8fecp0,,https://mempool.space/address/bc1qferfww87449mqeqpjxn6gkqqjnte3tcsmwjmaj
bc1qvxdvvzcx9x2s0usza3ndghtrqyu0xe57trsgd7,1,0.41757196,1,2026-07-30 01:43,2026-07-30 01:43,bc1qnk4zh9qcnap2mycp56qjrgza3cc8ylrh8fecp0,,https://mempool.space/address/bc1qvxdvvzcx9x2s0usza3ndghtrqyu0xe57trsgd7
bc1qwmvqceqypgn4lnm6auxcf7zcsyzpyfa3uj32h6,1,0.417371,1,2026-07-30 01:43,2026-07-30 01:43,bc1qnk4zh9qcnap2mycp56qjrgza3cc8ylrh8fecp0,,https://mempool.space/address/bc1qwmvqceqypgn4lnm6auxcf7zcsyzpyfa3uj32h6
bc1qagexrzzrpcke4s55mlp4sx36evzsc5mxlqzkup,1,0.41632638,1,2026-07-30 01:43,2026-07-30 01:43,bc1qnk4zh9qcnap2mycp56qjrgza3cc8ylrh8fecp0,,https://mempool.space/address/bc1qagexrzzrpcke4s55mlp4sx36evzsc5mxlqzkup
bc1q3w4qgsm77u378dgkztkqa8cv2pvfwwdzkk0sqg,1,0.412967,1,2026-07-30 01:43,2026-07-30 01:43,bc1qnk4zh9qcnap2mycp56qjrgza3cc8ylrh8fecp0,,https://mempool.space/address/bc1q3w4qgsm77u378dgkztkqa8cv2pvfwwdzkk0sqg
bc1q0lce8jw5tewlzxswjrsv2ualsrtgvzke2j5htm,1,0.41263127,1,2026-07-30 01:43,2026-07-30 01:43,bc1qnk4zh9qcnap2mycp56qjrgza3cc8ylrh8fecp0,,https://mempool.space/address/bc1q0lce8jw5tewlzxswjrsv2ualsrtgvzke2j5htm
bc1qlpwj5enjvqz8ttsr67yq5am4kq2hmgscgxl9m9,1,0.4109641,1,2026-07-30 01:43,2026-07-30 01:43,bc1qnk4zh9qcnap2mycp56qjrgza3cc8ylrh8fecp0,,https://mempool.space/address/bc1qlpwj5enjvqz8ttsr67yq5am4kq2hmgscgxl9m9
bc1ql7a4dzgdsyza4cgdkkmzlh8qrvk20d5ky8376g,1,0.40928854,1,2026-07-30 01:43,2026-07-30 01:43,bc1qnk4zh9qcnap2mycp56qjrgza3cc8ylrh8fecp0,,https://mempool.space/address/bc1ql7a4dzgdsyza4cgdkkmzlh8qrvk20d5ky8376g
bc1qe0u9dwj2ha5v5dj4rzx2d0anauv7a269hq8tch,1,0.40876419,1,2026-07-30 01:43,2026-07-30 01:43,bc1qnk4zh9qcnap2mycp56qjrgza3cc8ylrh8fecp0,,https://mempool.space/address/bc1qe0u9dwj2ha5v5dj4rzx2d0anauv7a269hq8tch
bc1q2sgtu25mfqs2vvztwkluly2t7q7z46zn3z8mlh,1,0.408141,1,2026-07-30 01:43,2026-07-30 01:43,bc1qnk4zh9qcnap2mycp56qjrgza3cc8ylrh8fecp0,,https://mempool.space/address/bc1q2sgtu25mfqs2vvztwkluly2t7q7z46zn3z8mlh
bc1qw5nngkf7tamcugtz27r04cylgvc3dlgfu0th72,1,0.4047694,1,2026-07-30 01:43,2026-07-30 01:43,bc1qnk4zh9qcnap2mycp56qjrgza3cc8ylrh8fecp0,,https://mempool.space/address/bc1qw5nngkf7tamcugtz27r04cylgvc3dlgfu0th72
bc1q93gvyt0avlla3w2m2lfu25c7ndnkjdd308n0np,1,0.40442034,1,2026-07-30 01:43,2026-07-30 01:43,bc1qnk4zh9qcnap2mycp56qjrgza3cc8ylrh8fecp0,,https://mempool.space/address/bc1q93gvyt0avlla3w2m2lfu25c7ndnkjdd308n0np
bc1q20eexmnyfjgtn08u9pvpkxz5k8050tlfgau3n7,1,0.403095,1,2026-07-30 01:43,2026-07-30 01:43,bc1qnk4zh9qcnap2mycp56qjrgza3cc8ylrh8fecp0,,https://mempool.space/address/bc1q20eexmnyfjgtn08u9pvpkxz5k8050tlfgau3n7
bc1qwxmtgy9wdlf7pymyhl3ttr99lrgyy5767qcftg,1,0.3999058,1,2026-07-30 01:43,2026-07-30 01:43,bc1qnk4zh9qcnap2mycp56qjrgza3cc8ylrh8fecp0,,https://mempool.space/address/bc1qwxmtgy9wdlf7pymyhl3ttr99lrgyy5767qcftg
bc1qfma5npww7nj777l9pyeq0qas8s7tg689kasyqq,1,0.3980732,1,2026-07-30 01:43,2026-07-30 01:43,bc1qnk4zh9qcnap2mycp56qjrgza3cc8ylrh8fecp0,,https://mempool.space/address/bc1qfma5npww7nj777l9pyeq0qas8s7tg689kasyqq
bc1qrx6762qhfuztwq06ektna40rqscvjw8x845ym0,1,0.39736332,1,2026-07-30 01:43,2026-07-30 01:43,bc1qnk4zh9qcnap2mycp56qjrgza3cc8ylrh8fecp0,,https://mempool.space/address/bc1qrx6762qhfuztwq06ektna40rqscvjw8x845ym0
bc1q2xea60lzvavl9c5ve42rxa5p0ssvl5cn56jlja,1,0.39473697,1,2026-07-30 01:43,2026-07-30 01:43,bc1qnk4zh9qcnap2mycp56qjrgza3cc8ylrh8fecp0,,https://mempool.space/address/bc1q2xea60lzvavl9c5ve42rxa5p0ssvl5cn56jlja
bc1qc9q8a4jzk4qaj5v2gn26rh9gl23gpy8gh5wjxe,1,0.39353981,1,2026-07-30 01:43,2026-07-30 01:43,bc1qnk4zh9qcnap2mycp56qjrgza3cc8ylrh8fecp0,,https://mempool.space/address/bc1qc9q8a4jzk4qaj5v2gn26rh9gl23gpy8gh5wjxe
bc1qp8zxur46vmwkk9k28fmgnqwefyf7ze202meyj2,1,0.3917666,1,2026-07-30 01:43,2026-07-30 01:43,bc1qnk4zh9qcnap2mycp56qjrgza3cc8ylrh8fecp0,,https://mempool.space/address/bc1qp8zxur46vmwkk9k28fmgnqwefyf7ze202meyj2
bc1q076cftd2lzx3jnzht03le7nq83lu89kxh7a9d5,1,0.39141506,1,2026-07-30 01:43,2026-07-30 01:43,bc1qnk4zh9qcnap2mycp56qjrgza3cc8ylrh8fecp0,,https://mempool.space/address/bc1q076cftd2lzx3jnzht03le7nq83lu89kxh7a9d5
bc1q44uq6xu0mg4c6a2ma6nek5wu3tpykjsd26x92n,1,0.38665501,1,2026-07-30 01:43,2026-07-30 01:43,bc1qnk4zh9qcnap2mycp56qjrgza3cc8ylrh8fecp0,,https://mempool.space/address/bc1q44uq6xu0mg4c6a2ma6nek5wu3tpykjsd26x92n
bc1qp5hurhkkzztezj0lckv34az63dszhmkx9x0k0y,1,0.38624077,1,2026-07-30 01:43,2026-07-30 01:43,bc1qnk4zh9qcnap2mycp56qjrgza3cc8ylrh8fecp0,,https://mempool.space/address/bc1qp5hurhkkzztezj0lckv34az63dszhmkx9x0k0y
bc1qnc92u4k0z9n9xx8uz6armuleh75c54p86am3nx,1,0.37972655,1,2026-07-30 01:43,2026-07-30 01:43,bc1qnk4zh9qcnap2mycp56qjrgza3cc8ylrh8fecp0,,https://mempool.space/address/bc1qnc92u4k0z9n9xx8uz6armuleh75c54p86am3nx
bc1qyrs7pfvmz9s9lsun5epkrz3zlhc35382dyr48n,1,0.37843,1,2026-07-30 01:43,2026-07-30 01:43,bc1qnk4zh9qcnap2mycp56qjrgza3cc8ylrh8fecp0,,https://mempool.space/address/bc1qyrs7pfvmz9s9lsun5epkrz3zlhc35382dyr48n
bc1q8dm5mhuk9z2vrh4ygdmfxv89mpy2jrtsev9r0x,1,0.374967,1,2026-07-30 01:43,2026-07-30 01:43,bc1qnk4zh9qcnap2mycp56qjrgza3cc8ylrh8fecp0,,https://mempool.space/address/bc1q8dm5mhuk9z2vrh4ygdmfxv89mpy2jrtsev9r0x
bc1qsw8lzw7tv6tj6jcl88ljdc09tarn5uw0jk78vl,1,0.37273126,1,2026-07-30 01:43,2026-07-30 01:43,bc1qnk4zh9qcnap2mycp56qjrgza3cc8ylrh8fecp0,,https://mempool.space/address/bc1qsw8lzw7tv6tj6jcl88ljdc09tarn5uw0jk78vl
15yzFxjy4Qksim1okPvBEbTYJcvdJ2uS9z,1,0.36759746,1,2026-07-30 01:43,2026-07-30 01:43,bc1qnk4zh9qcnap2mycp56qjrgza3cc8ylrh8fecp0,,https://mempool.space/address/15yzFxjy4Qksim1okPvBEbTYJcvdJ2uS9z
bc1qgje9csuq7gkss5k5kr6tcpu627zwwkwut2gm0m,1,0.36281089,1,2026-07-30 01:43,2026-07-30 01:43,bc1qnk4zh9qcnap2mycp56qjrgza3cc8ylrh8fecp0,,https://mempool.space/address/bc1qgje9csuq7gkss5k5kr6tcpu627zwwkwut2gm0m
bc1qdxgmue8a8en4lgc2cmy93lg20d4km2zwgu06nr,1,0.35666268,1,2026-07-30 01:43,2026-07-30 01:43,bc1qnk4zh9qcnap2mycp56qjrgza3cc8ylrh8fecp0,,https://mempool.space/address/bc1qdxgmue8a8en4lgc2cmy93lg20d4km2zwgu06nr
bc1qdhzxgkagm393fkl4mfqkxjrn0jn4wkhqyl5sct,1,0.35396249,1,2026-07-30 01:43,2026-07-30 01:43,bc1qnk4zh9qcnap2mycp56qjrgza3cc8ylrh8fecp0,,https://mempool.space/address/bc1qdhzxgkagm393fkl4mfqkxjrn0jn4wkhqyl5sct
bc1qgakr5sjmtem8twpmj77uc7tkdgmlr8z38anyd8,1,0.35285956,1,2026-07-30 01:43,2026-07-30 01:43,bc1qnk4zh9qcnap2mycp56qjrgza3cc8ylrh8fecp0,,https://mempool.space/address/bc1qgakr5sjmtem8twpmj77uc7tkdgmlr8z38anyd8
bc1qac77g75hs7jgeawtzmeja922gd57upjuvzwr2q,1,0.35284591,1,2026-07-30 01:43,2026-07-30 01:43,bc1qnk4zh9qcnap2mycp56qjrgza3cc8ylrh8fecp0,,https://mempool.space/address/bc1qac77g75hs7jgeawtzmeja922gd57upjuvzwr2q
bc1q9d02j35ezpds0kdx73fcqjf7t3557hlq9jseqy,1,0.35025581,1,2026-07-30 01:43,2026-07-30 01:43,bc1qnk4zh9qcnap2mycp56qjrgza3cc8ylrh8fecp0,,https://mempool.space/address/bc1q9d02j35ezpds0kdx73fcqjf7t3557hlq9jseqy
bc1qrsxe5pueezhwr2u8xl7x3hjs6nx2sm07xhmx6u,1,0.34991295,1,2026-07-30 01:43,2026-07-30 01:43,bc1qnk4zh9qcnap2mycp56qjrgza3cc8ylrh8fecp0,,https://mempool.space/address/bc1qrsxe5pueezhwr2u8xl7x3hjs6nx2sm07xhmx6u
bc1quyenzhvggvmen9dt7dxecj9zezxngzpyx9tkjx,1,0.34661148,1,2026-07-30 01:43,2026-07-30 01:43,bc1qnk4zh9qcnap2mycp56qjrgza3cc8ylrh8fecp0,,https://mempool.space/address/bc1quyenzhvggvmen9dt7dxecj9zezxngzpyx9tkjx
bc1qvrszeq5zf7r93z7ysxqr95268t9u50lcu6698k,1,0.34619925,1,2026-07-30 01:43,2026-07-30 01:43,bc1qnk4zh9qcnap2mycp56qjrgza3cc8ylrh8fecp0,,https://mempool.space/address/bc1qvrszeq5zf7r93z7ysxqr95268t9u50lcu6698k
bc1qwunqj0af8qq4w42mem8hxzwqxlguu6pwms2jll,1,0.34553465,1,2026-07-30 01:43,2026-07-30 01:43,bc1qnk4zh9qcnap2mycp56qjrgza3cc8ylrh8fecp0,,https://mempool.space/address/bc1qwunqj0af8qq4w42mem8hxzwqxlguu6pwms2jll
bc1qe20tag9jv5nddu42jjdr4cm2d4y7aaaxmpj5v2,1,0.33881466,1,2026-07-30 01:43,2026-07-30 01:43,bc1qnk4zh9qcnap2mycp56qjrgza3cc8ylrh8fecp0,,https://mempool.space/address/bc1qe20tag9jv5nddu42jjdr4cm2d4y7aaaxmpj5v2
bc1q6sfgjmmts8wxemfm226vdvt2j53glxyzjchd3w,1,0.33862417,1,2026-07-30 01:43,2026-07-30 01:43,bc1qnk4zh9qcnap2mycp56qjrgza3cc8ylrh8fecp0,,https://mempool.space/address/bc1q6sfgjmmts8wxemfm226vdvt2j53glxyzjchd3w
bc1q9skd6q97d7qf23u3xt3p2vz0qgh2ne9vl69lme,1,0.33337858,1,2026-07-30 01:43,2026-07-30 01:43,bc1qnk4zh9qcnap2mycp56qjrgza3cc8ylrh8fecp0,,https://mempool.space/address/bc1q9skd6q97d7qf23u3xt3p2vz0qgh2ne9vl69lme
bc1q8s0xt9rz04cumw6jesccqncnajrnvh36jmh6qg,1,0.33322166,1,2026-07-30 01:43,2026-07-30 01:43,bc1qnk4zh9qcnap2mycp56qjrgza3cc8ylrh8fecp0,,https://mempool.space/address/bc1q8s0xt9rz04cumw6jesccqncnajrnvh36jmh6qg
bc1qum7a0659jrpltkks4th06nf2he6kf9cznqsdmk,1,0.33207483,1,2026-07-30 01:43,2026-07-30 01:43,bc1qnk4zh9qcnap2mycp56qjrgza3cc8ylrh8fecp0,,https://mempool.space/address/bc1qum7a0659jrpltkks4th06nf2he6kf9cznqsdmk
bc1q86zzpw3mdq39gyq9py8xdxu22c0p7rjx77sal2,1,0.33056693,1,2026-07-30 01:43,2026-07-30 01:43,bc1qnk4zh9qcnap2mycp56qjrgza3cc8ylrh8fecp0,,https://mempool.space/address/bc1q86zzpw3mdq39gyq9py8xdxu22c0p7rjx77sal2
bc1q0cka0cu8fl2uylmdg98a6s9jyt2z9e2y0serr6,1,0.3298284,1,2026-07-30 01:43,2026-07-30 01:43,bc1qnk4zh9qcnap2mycp56qjrgza3cc8ylrh8fecp0,,https://mempool.space/address/bc1q0cka0cu8fl2uylmdg98a6s9jyt2z9e2y0serr6
bc1q295p483c0jesz5qjplskqxqjnze8p3u3u5p7n0,1,0.329712,1,2026-07-30 01:43,2026-07-30 01:43,bc1qnk4zh9qcnap2mycp56qjrgza3cc8ylrh8fecp0,,https://mempool.space/address/bc1q295p483c0jesz5qjplskqxqjnze8p3u3u5p7n0
bc1qlgt0m7u7f83jrv522cjz2xuq5k0vjayyq7d42z,1,0.32710626,1,2026-07-30 01:43,2026-07-30 01:43,bc1qnk4zh9qcnap2mycp56qjrgza3cc8ylrh8fecp0,,https://mempool.space/address/bc1qlgt0m7u7f83jrv522cjz2xuq5k0vjayyq7d42z
bc1qnn8glhafryrvf477vlmvezpzt309fgwnmd4c2k,1,0.325944,1,2026-07-30 01:43,2026-07-30 01:43,bc1qnk4zh9qcnap2mycp56qjrgza3cc8ylrh8fecp0,,https://mempool.space/address/bc1qnn8glhafryrvf477vlmvezpzt309fgwnmd4c2k
bc1qwrjq4mtj2xn5xrhgegjvalfezmhs0aakeg9lm8,1,0.32275521,1,2026-07-30 01:43,2026-07-30 01:43,bc1qnk4zh9qcnap2mycp56qjrgza3cc8ylrh8fecp0,,https://mempool.space/address/bc1qwrjq4mtj2xn5xrhgegjvalfezmhs0aakeg9lm8
3LkZTJ9YeM1T8Qs12VmqKe8Y9iVRGCUvCU,1,0.32255365,1,2026-07-30 01:43,2026-07-30 01:43,bc1qnk4zh9qcnap2mycp56qjrgza3cc8ylrh8fecp0,,https://mempool.space/address/3LkZTJ9YeM1T8Qs12VmqKe8Y9iVRGCUvCU
bc1qnzka9gnt4js9d8uurxxcqlanc077h79eym9mm4,1,0.32199881,1,2026-07-30 01:43,2026-07-30 01:43,bc1qnk4zh9qcnap2mycp56qjrgza3cc8ylrh8fecp0,,https://mempool.space/address/bc1qnzka9gnt4js9d8uurxxcqlanc077h79eym9mm4
bc1qxgdtsne508k9qamyp2r79tck3wlagcx3mvqs7l,1,0.32076776,1,2026-07-30 01:43,2026-07-30 01:43,bc1qnk4zh9qcnap2mycp56qjrgza3cc8ylrh8fecp0,,https://mempool.space/address/bc1qxgdtsne508k9qamyp2r79tck3wlagcx3mvqs7l
bc1q64l8w27ey8yz09vjh5rx832ke9gmrv2hdws80k,1,0.31706469,1,2026-07-30 01:43,2026-07-30 01:43,bc1qnk4zh9qcnap2mycp56qjrgza3cc8ylrh8fecp0,,https://mempool.space/address/bc1q64l8w27ey8yz09vjh5rx832ke9gmrv2hdws80k
bc1qulu54e0q7fctyknj3sr70m2z3ezdhy8v0nghyl,1,0.31546528,1,2026-07-30 01:43,2026-07-30 01:43,bc1qnk4zh9qcnap2mycp56qjrgza3cc8ylrh8fecp0,,https://mempool.space/address/bc1qulu54e0q7fctyknj3sr70m2z3ezdhy8v0nghyl
bc1qp53td6qtcqhjdufeqsapganeq43t6fgr3jd8k7,1,0.31494944,1,2026-07-30 01:43,2026-07-30 01:43,bc1qnk4zh9qcnap2mycp56qjrgza3cc8ylrh8fecp0,,https://mempool.space/address/bc1qp53td6qtcqhjdufeqsapganeq43t6fgr3jd8k7
bc1qapgutqvs6ay3y3n0wj4ayeynhdpxqhdryyr89p,1,0.3139817,1,2026-07-30 01:43,2026-07-30 01:43,bc1qnk4zh9qcnap2mycp56qjrgza3cc8ylrh8fecp0,,https://mempool.space/address/bc1qapgutqvs6ay3y3n0wj4ayeynhdpxqhdryyr89p
bc1q2tpnqfu4t47260qpk3u9mur7w67wfaay254xcz,1,0.31344548,1,2026-07-30 01:43,2026-07-30 01:43,bc1qnk4zh9qcnap2mycp56qjrgza3cc8ylrh8fecp0,,https://mempool.space/address/bc1q2tpnqfu4t47260qpk3u9mur7w67wfaay254xcz
bc1qz3y4wxwmgklf92mgtxjnkqne8swhhgkpmmnmpe,1,0.31149028,1,2026-07-30 01:43,2026-07-30 01:43,bc1qnk4zh9qcnap2mycp56qjrgza3cc8ylrh8fecp0,,https://mempool.space/address/bc1qz3y4wxwmgklf92mgtxjnkqne8swhhgkpmmnmpe
bc1qc8zx8qfdm9zaj2jrne7nwwz46rdm8ewypx7arp,1,0.31121174,1,2026-07-30 01:43,2026-07-30 01:43,bc1qnk4zh9qcnap2mycp56qjrgza3cc8ylrh8fecp0,,https://mempool.space/address/bc1qc8zx8qfdm9zaj2jrne7nwwz46rdm8ewypx7arp
bc1qw6p09dhz6w4576txqyqjnwln9y0mlhu974w0zk,1,0.310806,1,2026-07-30 01:43,2026-07-30 01:43,bc1qnk4zh9qcnap2mycp56qjrgza3cc8ylrh8fecp0,,https://mempool.space/address/bc1qw6p09dhz6w4576txqyqjnwln9y0mlhu974w0zk
bc1qv5mr6s5vltvfp9v9ncl6ntl00de4mpzetqazk4,1,0.310624,1,2026-07-30 01:43,2026-07-30 01:43,bc1qnk4zh9qcnap2mycp56qjrgza3cc8ylrh8fecp0,,https://mempool.space/address/bc1qv5mr6s5vltvfp9v9ncl6ntl00de4mpzetqazk4
bc1q0jfs8yz3cju090quafhv4ydnpwqgkzv6vqwdt3,1,0.3099266,1,2026-07-30 01:43,2026-07-30 01:43,bc1qnk4zh9qcnap2mycp56qjrgza3cc8ylrh8fecp0,,https://mempool.space/address/bc1q0jfs8yz3cju090quafhv4ydnpwqgkzv6vqwdt3
bc1qg3xrjhezl6wryqvptkzlwpe5dk4ua3ea6e7jm8,1,0.306735,1,2026-07-30 01:43,2026-07-30 01:43,bc1qnk4zh9qcnap2mycp56qjrgza3cc8ylrh8fecp0,,https://mempool.space/address/bc1qg3xrjhezl6wryqvptkzlwpe5dk4ua3ea6e7jm8
bc1qtu6j5wdynqs9umpccw7f76tq5yllcj246vrruu,1,0.30672742,1,2026-07-30 01:43,2026-07-30 01:43,bc1qnk4zh9qcnap2mycp56qjrgza3cc8ylrh8fecp0,,https://mempool.space/address/bc1qtu6j5wdynqs9umpccw7f76tq5yllcj246vrruu
bc1qjrh35awp9vuag57d3qyulf89cgwar5js6vvs25,1,0.305963,1,2026-07-30 01:43,2026-07-30 01:43,bc1qnk4zh9qcnap2mycp56qjrgza3cc8ylrh8fecp0,,https://mempool.space/address/bc1qjrh35awp9vuag57d3qyulf89cgwar5js6vvs25
bc1qglqjercdvfalxfd6ech5eks6wkvntspuvvevtk,1,0.30547319,1,2026-07-30 01:43,2026-07-30 01:43,bc1qnk4zh9qcnap2mycp56qjrgza3cc8ylrh8fecp0,,https://mempool.space/address/bc1qglqjercdvfalxfd6ech5eks6wkvntspuvvevtk
bc1qzlw2nsg3q5qj7r6s8ejkxyre4hvsvmqr57unjt,1,0.30424777,1,2026-07-30 01:43,2026-07-30 01:43,bc1qnk4zh9qcnap2mycp56qjrgza3cc8ylrh8fecp0,,https://mempool.space/address/bc1qzlw2nsg3q5qj7r6s8ejkxyre4hvsvmqr57unjt
bc1qqdz9g08gf7a82cpf7reeerffusq869kgysxmx8,1,0.30407472,1,2026-07-30 01:43,2026-07-30 01:43,bc1qnk4zh9qcnap2mycp56qjrgza3cc8ylrh8fecp0,,https://mempool.space/address/bc1qqdz9g08gf7a82cpf7reeerffusq869kgysxmx8
bc1q5ctnrc8q5fuz9g8yf3nex2tenr3hs2d90qjqyu,1,0.30024872,1,2026-07-30 01:43,2026-07-30 01:43,bc1qnk4zh9qcnap2mycp56qjrgza3cc8ylrh8fecp0,,https://mempool.space/address/bc1q5ctnrc8q5fuz9g8yf3nex2tenr3hs2d90qjqyu
bc1qqzvr3v0ehjc4l7cv69q8h23ytcflv65q4jagac,1,0.299947,1,2026-07-30 01:43,2026-07-30 01:43,bc1qnk4zh9qcnap2mycp56qjrgza3cc8ylrh8fecp0,,https://mempool.space/address/bc1qqzvr3v0ehjc4l7cv69q8h23ytcflv65q4jagac
bc1qt3erfy0nx5268fyjjywht33nxkac62kq2k0xe6,1,0.29927815,1,2026-07-30 01:43,2026-07-30 01:43,bc1qnk4zh9qcnap2mycp56qjrgza3cc8ylrh8fecp0,,https://mempool.space/address/bc1qt3erfy0nx5268fyjjywht33nxkac62kq2k0xe6
bc1q48l8m8mnwll9ttmr79w39shlxtr4ztq9eft7u6,1,0.29926112,1,2026-07-30 01:43,2026-07-30 01:43,bc1qnk4zh9qcnap2mycp56qjrgza3cc8ylrh8fecp0,,https://mempool.space/address/bc1q48l8m8mnwll9ttmr79w39shlxtr4ztq9eft7u6
bc1q4zyyzgltpek7mkl03kuwzd7yduhyk6er36kwa2,1,0.29874856,1,2026-07-30 01:43,2026-07-30 01:43,bc1qnk4zh9qcnap2mycp56qjrgza3cc8ylrh8fecp0,,https://mempool.space/address/bc1q4zyyzgltpek7mkl03kuwzd7yduhyk6er36kwa2
bc1qg2ks5tss8d8wvw4gfg2g9rch0urdlhz02fxgqn,1,0.29618981,1,2026-07-30 01:43,2026-07-30 01:43,bc1qnk4zh9qcnap2mycp56qjrgza3cc8ylrh8fecp0,,https://mempool.space/address/bc1qg2ks5tss8d8wvw4gfg2g9rch0urdlhz02fxgqn
bc1q3msh0yrcq28k6kulvt00e7ymnrwdgsqjcht4ae,1,0.29608148,1,2026-07-30 01:43,2026-07-30 01:43,bc1qnk4zh9qcnap2mycp56qjrgza3cc8ylrh8fecp0,,https://mempool.space/address/bc1q3msh0yrcq28k6kulvt00e7ymnrwdgsqjcht4ae
bc1qxvtpy5vumkjyqqp98ln8qfdr8g3t4d45undume,1,0.29597453,1,2026-07-30 01:43,2026-07-30 01:43,bc1qnk4zh9qcnap2mycp56qjrgza3cc8ylrh8fecp0,,https://mempool.space/address/bc1qxvtpy5vumkjyqqp98ln8qfdr8g3t4d45undume
bc1qnm8223tkwdgsa9j76nqls9tgg5vcu9jrtp02em,1,0.294367,1,2026-07-30 01:43,2026-07-30 01:43,bc1qnk4zh9qcnap2mycp56qjrgza3cc8ylrh8fecp0,,https://mempool.space/address/bc1qnm8223tkwdgsa9j76nqls9tgg5vcu9jrtp02em
bc1qqm92tj5n4k26wjtu4pyw49tjj0cww5dtv3g57s,1,0.292967,1,2026-07-30 01:43,2026-07-30 01:43,bc1qnk4zh9qcnap2mycp56qjrgza3cc8ylrh8fecp0,,https://mempool.space/address/bc1qqm92tj5n4k26wjtu4pyw49tjj0cww5dtv3g57s
bc1q2g65zzaydkxrq9ws9fg633wjcg5rxtddxq80ku,1,0.291167,1,2026-07-30 01:43,2026-07-30 01:43,bc1qnk4zh9qcnap2mycp56qjrgza3cc8ylrh8fecp0,,https://mempool.space/address/bc1q2g65zzaydkxrq9ws9fg633wjcg5rxtddxq80ku
bc1qvczj07d4ycmrumc2yjygvxhutnz8pclzqycc43,1,0.29033815,1,2026-07-30 01:43,2026-07-30 01:43,bc1qnk4zh9qcnap2mycp56qjrgza3cc8ylrh8fecp0,,https://mempool.space/address/bc1qvczj07d4ycmrumc2yjygvxhutnz8pclzqycc43
bc1qc27awf8yj6y3qpcmldkukfm7vujlhjxdssspqw,1,0.28494314,1,2026-07-30 01:43,2026-07-30 01:43,bc1qnk4zh9qcnap2mycp56qjrgza3cc8ylrh8fecp0,,https://mempool.space/address/bc1qc27awf8yj6y3qpcmldkukfm7vujlhjxdssspqw
bc1qmh0uw9l2rjenqhlqgq9cg3wwg9h48xgs7tqndp,1,0.2805266,1,2026-07-30 01:43,2026-07-30 01:43,bc1qnk4zh9qcnap2mycp56qjrgza3cc8ylrh8fecp0,,https://mempool.space/address/bc1qmh0uw9l2rjenqhlqgq9cg3wwg9h48xgs7tqndp
bc1q6xagquc3lz62r2d48xckujxljwg26gzp720hua,1,0.27995806,1,2026-07-30 01:43,2026-07-30 01:43,bc1qnk4zh9qcnap2mycp56qjrgza3cc8ylrh8fecp0,,https://mempool.space/address/bc1q6xagquc3lz62r2d48xckujxljwg26gzp720hua
bc1q7tttxh7t55deuk4lelawxqv9t3wmrt7wlke4r0,1,0.279726,1,2026-07-30 01:43,2026-07-30 01:43,bc1qnk4zh9qcnap2mycp56qjrgza3cc8ylrh8fecp0,,https://mempool.space/address/bc1q7tttxh7t55deuk4lelawxqv9t3wmrt7wlke4r0
bc1qhm8ptxsx00ycy74nhl558v8u3thvlwlh6pmqfv,1,0.279337,1,2026-07-30 01:43,2026-07-30 01:43,bc1qnk4zh9qcnap2mycp56qjrgza3cc8ylrh8fecp0,,https://mempool.space/address/bc1qhm8ptxsx00ycy74nhl558v8u3thvlwlh6pmqfv
bc1qsz2svuqzqxux5nfsm0p8wzl55c4yc7krfrhjnd,1,0.27932721,1,2026-07-30 01:43,2026-07-30 01:43,bc1qnk4zh9qcnap2mycp56qjrgza3cc8ylrh8fecp0,,https://mempool.space/address/bc1qsz2svuqzqxux5nfsm0p8wzl55c4yc7krfrhjnd
bc1qt888hm2vrk3s8qpqhgn05d87kxrda9svu7s2nm,1,0.27536648,1,2026-07-30 01:43,2026-07-30 01:43,bc1qnk4zh9qcnap2mycp56qjrgza3cc8ylrh8fecp0,,https://mempool.space/address/bc1qt888hm2vrk3s8qpqhgn05d87kxrda9svu7s2nm
bc1qs8pfn9t0cpetdh0fm8da4aper32g6a8naz7jkf,1,0.27377352,1,2026-07-30 01:43,2026-07-30 01:43,bc1qnk4zh9qcnap2mycp56qjrgza3cc8ylrh8fecp0,,https://mempool.space/address/bc1qs8pfn9t0cpetdh0fm8da4aper32g6a8naz7jkf
bc1qe5y72zn5fjrwue5a62fjqk9vjsta5g5hd3zwve,1,0.2707638,1,2026-07-30 01:43,2026-07-30 01:43,bc1qnk4zh9qcnap2mycp56qjrgza3cc8ylrh8fecp0,,https://mempool.space/address/bc1qe5y72zn5fjrwue5a62fjqk9vjsta5g5hd3zwve
bc1qpfydvc0yejcfw64dgqcm4rykz9qd5f6394hpfc,1,0.269967,1,2026-07-30 01:43,2026-07-30 01:43,bc1qnk4zh9qcnap2mycp56qjrgza3cc8ylrh8fecp0,,https://mempool.space/address/bc1qpfydvc0yejcfw64dgqcm4rykz9qd5f6394hpfc
bc1qzjdz83y7srykux4ssescaf37wfjc6s7fd5zqz5,1,0.26994047,1,2026-07-30 01:43,2026-07-30 01:43,bc1qnk4zh9qcnap2mycp56qjrgza3cc8ylrh8fecp0,,https://mempool.space/address/bc1qzjdz83y7srykux4ssescaf37wfjc6s7fd5zqz5
bc1qftlg2nkcs30vkxtqw6t3lsdavme7tlxnqs0s5x,1,0.2699262,1,2026-07-30 01:43,2026-07-30 01:43,bc1qnk4zh9qcnap2mycp56qjrgza3cc8ylrh8fecp0,,https://mempool.space/address/bc1qftlg2nkcs30vkxtqw6t3lsdavme7tlxnqs0s5x
bc1qsr2rw3lmmrw236mgqr93c4h0zeczl3lnra59a4,1,0.26681534,1,2026-07-30 01:43,2026-07-30 01:43,bc1qnk4zh9qcnap2mycp56qjrgza3cc8ylrh8fecp0,,https://mempool.space/address/bc1qsr2rw3lmmrw236mgqr93c4h0zeczl3lnra59a4
bc1q9swzgq9lnt897vq970ftl0cjxktlqhgz5hn6y5,1,0.2660569,1,2026-07-30 01:43,2026-07-30 01:43,bc1qnk4zh9qcnap2mycp56qjrgza3cc8ylrh8fecp0,,https://mempool.space/address/bc1q9swzgq9lnt897vq970ftl0cjxktlqhgz5hn6y5
bc1qp5mxxpnmegkt37mhln5t5fpsmxeeu0ee9uh5rf,1,0.26586035,1,2026-07-30 01:43,2026-07-30 01:43,bc1qnk4zh9qcnap2mycp56qjrgza3cc8ylrh8fecp0,,https://mempool.space/address/bc1qp5mxxpnmegkt37mhln5t5fpsmxeeu0ee9uh5rf
bc1qcpma79z9htw8nphdn75kktgps00eleczzthegd,1,0.26275492,1,2026-07-30 01:43,2026-07-30 01:43,bc1qnk4zh9qcnap2mycp56qjrgza3cc8ylrh8fecp0,,https://mempool.space/address/bc1qcpma79z9htw8nphdn75kktgps00eleczzthegd
bc1qhma0h2nx44qu5rgky2sm5dpyejye930vql99z8,1,0.26236531,1,2026-07-30 01:43,2026-07-30 01:43,bc1qnk4zh9qcnap2mycp56qjrgza3cc8ylrh8fecp0,,https://mempool.space/address/bc1qhma0h2nx44qu5rgky2sm5dpyejye930vql99z8
bc1qdxcyquvs5yc32asfzzgrgdnagslzelkw6sz7c6,1,0.260467,1,2026-07-30 01:43,2026-07-30 01:43,bc1qnk4zh9qcnap2mycp56qjrgza3cc8ylrh8fecp0,,https://mempool.space/address/bc1qdxcyquvs5yc32asfzzgrgdnagslzelkw6sz7c6
bc1qe9nux702z3w52fj3yrpvug4maplga9a0u5prqh,1,0.25854236,1,2026-07-30 01:43,2026-07-30 01:43,bc1qnk4zh9qcnap2mycp56qjrgza3cc8ylrh8fecp0,,https://mempool.space/address/bc1qe9nux702z3w52fj3yrpvug4maplga9a0u5prqh
bc1q03gmpqzvusydtnlf5jszvh4k4duqs6slcnzv7m,1,0.2564179,1,2026-07-30 01:43,2026-07-30 01:43,bc1qnk4zh9qcnap2mycp56qjrgza3cc8ylrh8fecp0,,https://mempool.space/address/bc1q03gmpqzvusydtnlf5jszvh4k4duqs6slcnzv7m
bc1qn3j370pwadnm67uxm7520fg0a4dl3skum8lczh,1,0.254067,1,2026-07-30 01:51,2026-07-30 01:51,bc1qnk4zh9qcnap2mycp56qjrgza3cc8ylrh8fecp0,,https://mempool.space/address/bc1qn3j370pwadnm67uxm7520fg0a4dl3skum8lczh
bc1q9k7ne9pz0m799m6l6kkr0jteep2h0y6np2yg5e,1,0.2538396,1,2026-07-30 01:51,2026-07-30 01:51,bc1qnk4zh9qcnap2mycp56qjrgza3cc8ylrh8fecp0,,https://mempool.space/address/bc1q9k7ne9pz0m799m6l6kkr0jteep2h0y6np2yg5e
bc1qqx9yyrkdjgvpc6gx8czp6jrzhs9l5lpmwphcw5,1,0.25379227,1,2026-07-30 01:51,2026-07-30 01:51,bc1qnk4zh9qcnap2mycp56qjrgza3cc8ylrh8fecp0,,https://mempool.space/address/bc1qqx9yyrkdjgvpc6gx8czp6jrzhs9l5lpmwphcw5
bc1qa2cvpseqtppjf7k5y95mzumfvyqzj56tjhq63s,1,0.25286518,1,2026-07-30 01:51,2026-07-30 01:51,bc1qnk4zh9qcnap2mycp56qjrgza3cc8ylrh8fecp0,,https://mempool.space/address/bc1qa2cvpseqtppjf7k5y95mzumfvyqzj56tjhq63s
bc1qe85slggzgt8p9aedg2csu4ag8lm2422wq4q6dy,1,0.25277562,1,2026-07-30 01:51,2026-07-30 01:51,bc1qnk4zh9qcnap2mycp56qjrgza3cc8ylrh8fecp0,,https://mempool.space/address/bc1qe85slggzgt8p9aedg2csu4ag8lm2422wq4q6dy
bc1qf3js7vuw2tz68yrkaj4nz8yx4mnde99u9g2jzj,1,0.25270721,1,2026-07-30 01:51,2026-07-30 01:51,bc1qnk4zh9qcnap2mycp56qjrgza3cc8ylrh8fecp0,,https://mempool.space/address/bc1qf3js7vuw2tz68yrkaj4nz8yx4mnde99u9g2jzj
bc1q8l52jk37fdmvskv7v3z7qcp6ks46vr6d7t97g8,1,0.252036,1,2026-07-30 01:51,2026-07-30 01:51,bc1qnk4zh9qcnap2mycp56qjrgza3cc8ylrh8fecp0,,https://mempool.space/address/bc1q8l52jk37fdmvskv7v3z7qcp6ks46vr6d7t97g8
bc1qr5xs6tc78mr7crnkxz0dna8tcmgcuhnyspy36j,1,0.25068544,1,2026-07-30 01:51,2026-07-30 01:51,bc1qnk4zh9qcnap2mycp56qjrgza3cc8ylrh8fecp0,,https://mempool.space/address/bc1qr5xs6tc78mr7crnkxz0dna8tcmgcuhnyspy36j
bc1qcst99qs32670kyjeyc5umxqyv7f05th8af6heu,1,0.249967,1,2026-07-30 01:51,2026-07-30 01:51,bc1qnk4zh9qcnap2mycp56qjrgza3cc8ylrh8fecp0,,https://mempool.space/address/bc1qcst99qs32670kyjeyc5umxqyv7f05th8af6heu
bc1qvd6sgzdm2ktmdpdnmmfe26776r7q0qp97py0xa,1,0.249967,1,2026-07-30 01:51,2026-07-30 01:51,bc1qnk4zh9qcnap2mycp56qjrgza3cc8ylrh8fecp0,,https://mempool.space/address/bc1qvd6sgzdm2ktmdpdnmmfe26776r7q0qp97py0xa
bc1qyxzcaggx46hxe2dzqvd5weyx79le8p2twthsy8,1,0.249967,1,2026-07-30 01:51,2026-07-30 01:51,bc1qnk4zh9qcnap2mycp56qjrgza3cc8ylrh8fecp0,,https://mempool.space/address/bc1qyxzcaggx46hxe2dzqvd5weyx79le8p2twthsy8
bc1q26ak80v4ff3dkj8gf5un9r09f4raafzd4stw05,1,0.249967,1,2026-07-30 01:51,2026-07-30 01:51,bc1qnk4zh9qcnap2mycp56qjrgza3cc8ylrh8fecp0,,https://mempool.space/address/bc1q26ak80v4ff3dkj8gf5un9r09f4raafzd4stw05
bc1qaa89s8dm4k4rerxhzlulcepd6fe5099sgz0c4t,1,0.249967,1,2026-07-30 01:51,2026-07-30 01:51,bc1qnk4zh9qcnap2mycp56qjrgza3cc8ylrh8fecp0,,https://mempool.space/address/bc1qaa89s8dm4k4rerxhzlulcepd6fe5099sgz0c4t
bc1qvqpsdkzvyck3y42yzfyyzraakmj2g4hvv5qurt,1,0.249963,1,2026-07-30 01:51,2026-07-30 01:51,bc1qnk4zh9qcnap2mycp56qjrgza3cc8ylrh8fecp0,,https://mempool.space/address/bc1qvqpsdkzvyck3y42yzfyyzraakmj2g4hvv5qurt
bc1qftq5shhz53gzw9uhk3w3tsvgrf64vfdz00kafq,1,0.24995725,1,2026-07-30 01:51,2026-07-30 01:51,bc1qnk4zh9qcnap2mycp56qjrgza3cc8ylrh8fecp0,,https://mempool.space/address/bc1qftq5shhz53gzw9uhk3w3tsvgrf64vfdz00kafq
bc1qevv329s63wemk7hpzl524kv5uv6u52gysmlnwc,1,0.24995725,1,2026-07-30 01:51,2026-07-30 01:51,bc1qnk4zh9qcnap2mycp56qjrgza3cc8ylrh8fecp0,,https://mempool.space/address/bc1qevv329s63wemk7hpzl524kv5uv6u52gysmlnwc
bc1q0m9ku90v32e8n7w4my7azn2j553gju4yrhpe3j,1,0.249947,1,2026-07-30 01:51,2026-07-30 01:51,bc1qnk4zh9qcnap2mycp56qjrgza3cc8ylrh8fecp0,,https://mempool.space/address/bc1q0m9ku90v32e8n7w4my7azn2j553gju4yrhpe3j
bc1qq9frq75ctzdx4l8rn4ylc9kvsu794g8yzepz6s,1,0.24990245,1,2026-07-30 01:51,2026-07-30 01:51,bc1qnk4zh9qcnap2mycp56qjrgza3cc8ylrh8fecp0,,https://mempool.space/address/bc1qq9frq75ctzdx4l8rn4ylc9kvsu794g8yzepz6s
bc1qxytmkseeqd6pza9rcrk4nzzv9jp3e5k92s8e6x,1,0.24860016,1,2026-07-30 01:51,2026-07-30 01:51,bc1qnk4zh9qcnap2mycp56qjrgza3cc8ylrh8fecp0,,https://mempool.space/address/bc1qxytmkseeqd6pza9rcrk4nzzv9jp3e5k92s8e6x
bc1qej544s5f428seup6n80sem8m2s22lhzkudn3jy,1,0.24822869,1,2026-07-30 01:51,2026-07-30 01:51,bc1qnk4zh9qcnap2mycp56qjrgza3cc8ylrh8fecp0,,https://mempool.space/address/bc1qej544s5f428seup6n80sem8m2s22lhzkudn3jy
bc1q69j4wys4lu0c8gn0k8yl4xm3ern6j5lfvqkgny,1,0.24496261,1,2026-07-30 01:51,2026-07-30 01:51,bc1qnk4zh9qcnap2mycp56qjrgza3cc8ylrh8fecp0,,https://mempool.space/address/bc1q69j4wys4lu0c8gn0k8yl4xm3ern6j5lfvqkgny
bc1qum2jkdzh2zgfe3eh573r2q0qe7hv4d062r93mx,1,0.24433109,1,2026-07-30 01:51,2026-07-30 01:51,bc1qnk4zh9qcnap2mycp56qjrgza3cc8ylrh8fecp0,,https://mempool.space/address/bc1qum2jkdzh2zgfe3eh573r2q0qe7hv4d062r93mx
bc1qu7su66ysd7q89fy6zepgaze77n7a5uw5dfgfnq,1,0.242505,1,2026-07-30 01:51,2026-07-30 01:51,bc1qnk4zh9qcnap2mycp56qjrgza3cc8ylrh8fecp0,,https://mempool.space/address/bc1qu7su66ysd7q89fy6zepgaze77n7a5uw5dfgfnq
bc1qg6n4m0wnulkwv9665hlacxufnl6p3lr6863xxt,1,0.241275,1,2026-07-30 01:51,2026-07-30 01:51,bc1qnk4zh9qcnap2mycp56qjrgza3cc8ylrh8fecp0,,https://mempool.space/address/bc1qg6n4m0wnulkwv9665hlacxufnl6p3lr6863xxt
bc1qwe4r5wzrtjrzqunlmmlpdtla89nsz09c8ejfgz,1,0.240087,1,2026-07-30 01:51,2026-07-30 01:51,bc1qnk4zh9qcnap2mycp56qjrgza3cc8ylrh8fecp0,,https://mempool.space/address/bc1qwe4r5wzrtjrzqunlmmlpdtla89nsz09c8ejfgz
bc1qm4me3t2cyl65wyrpnayulgq4q7q4vkqxlqx0y6,1,0.239967,1,2026-07-30 01:51,2026-07-30 01:51,bc1qnk4zh9qcnap2mycp56qjrgza3cc8ylrh8fecp0,,https://mempool.space/address/bc1qm4me3t2cyl65wyrpnayulgq4q7q4vkqxlqx0y6
bc1q62yl0gqz5gylvyne8ym9fnfjnsdp66kn0wt95x,1,0.239967,1,2026-07-30 01:51,2026-07-30 01:51,bc1qnk4zh9qcnap2mycp56qjrgza3cc8ylrh8fecp0,,https://mempool.space/address/bc1q62yl0gqz5gylvyne8ym9fnfjnsdp66kn0wt95x
bc1qrfadkg5w24524t62qw2frz996z0c9nt5jjlw8f,1,0.239967,1,2026-07-30 01:51,2026-07-30 01:51,bc1qnk4zh9qcnap2mycp56qjrgza3cc8ylrh8fecp0,,https://mempool.space/address/bc1qrfadkg5w24524t62qw2frz996z0c9nt5jjlw8f
bc1q6fmf8v353gzjgt48774dqgzyglqkwtyaggdrvf,1,0.239967,1,2026-07-30 01:51,2026-07-30 01:51,bc1qnk4zh9qcnap2mycp56qjrgza3cc8ylrh8fecp0,,https://mempool.space/address/bc1q6fmf8v353gzjgt48774dqgzyglqkwtyaggdrvf
bc1qx0y2rxez8eh9y5ztm6qgvlt2gfncu9vaxv0np7,1,0.239967,1,2026-07-30 01:51,2026-07-30 01:51,bc1qnk4zh9qcnap2mycp56qjrgza3cc8ylrh8fecp0,,https://mempool.space/address/bc1qx0y2rxez8eh9y5ztm6qgvlt2gfncu9vaxv0np7
bc1q0zh82neztm42wzqxn4vvcmmhlqnt65kxn5nda9,1,0.239967,1,2026-07-30 01:51,2026-07-30 01:51,bc1qnk4zh9qcnap2mycp56qjrgza3cc8ylrh8fecp0,,https://mempool.space/address/bc1q0zh82neztm42wzqxn4vvcmmhlqnt65kxn5nda9
bc1qsmsfj6y7e4uhseje4pzh8tar4zg2vn74ksxkk3,1,0.239967,1,2026-07-30 01:51,2026-07-30 01:51,bc1qnk4zh9qcnap2mycp56qjrgza3cc8ylrh8fecp0,,https://mempool.space/address/bc1qsmsfj6y7e4uhseje4pzh8tar4zg2vn74ksxkk3
bc1qzme8dtg4svdegfqqrmgfh2ddf2wrvpfk5ce3wv,1,0.239947,1,2026-07-30 01:51,2026-07-30 01:51,bc1qnk4zh9qcnap2mycp56qjrgza3cc8ylrh8fecp0,,https://mempool.space/address/bc1qzme8dtg4svdegfqqrmgfh2ddf2wrvpfk5ce3wv
bc1q6q5mqfpg7pqvnc3nsumq0mux77hz8ry0lkg6nk,1,0.239947,1,2026-07-30 01:51,2026-07-30 01:51,bc1qnk4zh9qcnap2mycp56qjrgza3cc8ylrh8fecp0,,https://mempool.space/address/bc1q6q5mqfpg7pqvnc3nsumq0mux77hz8ry0lkg6nk
bc1qf9kqaapkduxsfcmreq3q73nztl8rjmq4ah2yz6,1,0.239947,1,2026-07-30 01:51,2026-07-30 01:51,bc1qnk4zh9qcnap2mycp56qjrgza3cc8ylrh8fecp0,,https://mempool.space/address/bc1qf9kqaapkduxsfcmreq3q73nztl8rjmq4ah2yz6
bc1qngc7p7xny0x3emtwp6mrkyqgwjaf0znpn3jj9t,1,0.23976686,1,2026-07-30 01:51,2026-07-30 01:51,bc1qnk4zh9qcnap2mycp56qjrgza3cc8ylrh8fecp0,,https://mempool.space/address/bc1qngc7p7xny0x3emtwp6mrkyqgwjaf0znpn3jj9t
bc1q5tag2qvzndzutecs56hzx6ykmy7t7zzl4qux4s,1,0.238367,1,2026-07-30 01:51,2026-07-30 01:51,bc1qnk4zh9qcnap2mycp56qjrgza3cc8ylrh8fecp0,,https://mempool.space/address/bc1q5tag2qvzndzutecs56hzx6ykmy7t7zzl4qux4s
bc1q9atjn6ql5p3csu9dsktrch5sysc2lnetl6dueq,1,0.23699531,1,2026-07-30 01:51,2026-07-30 01:51,bc1qnk4zh9qcnap2mycp56qjrgza3cc8ylrh8fecp0,,https://mempool.space/address/bc1q9atjn6ql5p3csu9dsktrch5sysc2lnetl6dueq
bc1q5v0gl35zjfwrtkgzgpktydc8hnum0dr7z938c2,1,0.22823547,1,2026-07-30 01:51,2026-07-30 01:51,bc1qnk4zh9qcnap2mycp56qjrgza3cc8ylrh8fecp0,,https://mempool.space/address/bc1q5v0gl35zjfwrtkgzgpktydc8hnum0dr7z938c2
bc1qegmwav9p4fcee6nehyk66h97vxs39h4rxs67wa,1,0.22811629,1,2026-07-30 01:51,2026-07-30 01:51,bc1qnk4zh9qcnap2mycp56qjrgza3cc8ylrh8fecp0,,https://mempool.space/address/bc1qegmwav9p4fcee6nehyk66h97vxs39h4rxs67wa
bc1q5uu026mn99qgllu25xld7lfqnfygu96e3erv2n,1,0.22810938,1,2026-07-30 01:51,2026-07-30 01:51,bc1qnk4zh9qcnap2mycp56qjrgza3cc8ylrh8fecp0,,https://mempool.space/address/bc1q5uu026mn99qgllu25xld7lfqnfygu96e3erv2n
bc1qn838svgxxkt6seadahv36s4vzujrqagp4tlh86,1,0.22809771,1,2026-07-30 01:51,2026-07-30 01:51,bc1qnk4zh9qcnap2mycp56qjrgza3cc8ylrh8fecp0,,https://mempool.space/address/bc1qn838svgxxkt6seadahv36s4vzujrqagp4tlh86
bc1qwpepquw290qh5v2vk265rckpqlfq6h9wm2l6pu,1,0.22776054,1,2026-07-30 01:51,2026-07-30 01:51,bc1qnk4zh9qcnap2mycp56qjrgza3cc8ylrh8fecp0,,https://mempool.space/address/bc1qwpepquw290qh5v2vk265rckpqlfq6h9wm2l6pu
bc1qem6t2ahfvr3ra3efvu32n6k2anh45vezqxk5dp,1,0.22227197,1,2026-07-30 01:51,2026-07-30 01:51,bc1qnk4zh9qcnap2mycp56qjrgza3cc8ylrh8fecp0,,https://mempool.space/address/bc1qem6t2ahfvr3ra3efvu32n6k2anh45vezqxk5dp
bc1qu0vw9e70jdynewuz4ewu753p36kyjgr940avrl,1,0.221177,1,2026-07-30 01:51,2026-07-30 01:51,bc1qnk4zh9qcnap2mycp56qjrgza3cc8ylrh8fecp0,,https://mempool.space/address/bc1qu0vw9e70jdynewuz4ewu753p36kyjgr940avrl
bc1q2u70zfqctfjd0xfvwfcarqds2zqqenphmk40ac,1,0.219967,1,2026-07-30 01:51,2026-07-30 01:51,bc1qnk4zh9qcnap2mycp56qjrgza3cc8ylrh8fecp0,,https://mempool.space/address/bc1q2u70zfqctfjd0xfvwfcarqds2zqqenphmk40ac
bc1q2cltanyhtdypfz6x30xemle6zssmn265k3cvpz,1,0.21819415,1,2026-07-30 01:51,2026-07-30 01:51,bc1qnk4zh9qcnap2mycp56qjrgza3cc8ylrh8fecp0,,https://mempool.space/address/bc1q2cltanyhtdypfz6x30xemle6zssmn265k3cvpz
bc1qnn35slxv7uwcp80hmkp4c6t2vgk5s7jtulqhfk,1,0.21817626,1,2026-07-30 01:51,2026-07-30 01:51,bc1qnk4zh9qcnap2mycp56qjrgza3cc8ylrh8fecp0,,https://mempool.space/address/bc1qnn35slxv7uwcp80hmkp4c6t2vgk5s7jtulqhfk
bc1qqcvspmz2gc3m3zjs9vx3t2ydl57q4ssn54kzva,1,0.2179639,1,2026-07-30 01:51,2026-07-30 01:51,bc1qnk4zh9qcnap2mycp56qjrgza3cc8ylrh8fecp0,,https://mempool.space/address/bc1qqcvspmz2gc3m3zjs9vx3t2ydl57q4ssn54kzva
bc1qtmgga2620h4v7r0fdt88rxf7hkyw4tt25yt269,1,0.21749,1,2026-07-30 01:51,2026-07-30 01:51,bc1qnk4zh9qcnap2mycp56qjrgza3cc8ylrh8fecp0,,https://mempool.space/address/bc1qtmgga2620h4v7r0fdt88rxf7hkyw4tt25yt269
bc1qggwg6j2a5wuwtvk27cf6ue2rj2nfh2m0fjdnkh,1,0.21673933,1,2026-07-30 01:51,2026-07-30 01:51,bc1qnk4zh9qcnap2mycp56qjrgza3cc8ylrh8fecp0,,https://mempool.space/address/bc1qggwg6j2a5wuwtvk27cf6ue2rj2nfh2m0fjdnkh
bc1q607fw4y733n35qjdvxlhl6l5kpsqp66wqq2gm4,1,0.21661436,1,2026-07-30 01:51,2026-07-30 01:51,bc1qnk4zh9qcnap2mycp56qjrgza3cc8ylrh8fecp0,,https://mempool.space/address/bc1q607fw4y733n35qjdvxlhl6l5kpsqp66wqq2gm4
bc1qy0yttz2n8qf4fxxfhxnx8f2qyrpsulg7p0gdcn,1,0.21614604,1,2026-07-30 01:51,2026-07-30 01:51,bc1qnk4zh9qcnap2mycp56qjrgza3cc8ylrh8fecp0,,https://mempool.space/address/bc1qy0yttz2n8qf4fxxfhxnx8f2qyrpsulg7p0gdcn
bc1qtstejjeqflnl5lgc29ul7fs7lse9muu0dy839l,1,0.21547162,1,2026-07-30 01:51,2026-07-30 01:51,bc1qnk4zh9qcnap2mycp56qjrgza3cc8ylrh8fecp0,,https://mempool.space/address/bc1qtstejjeqflnl5lgc29ul7fs7lse9muu0dy839l
bc1q8l2tmqchvet850vcrvma20k9qd54j8f599kc5g,1,0.215467,1,2026-07-30 01:51,2026-07-30 01:51,bc1qnk4zh9qcnap2mycp56qjrgza3cc8ylrh8fecp0,,https://mempool.space/address/bc1q8l2tmqchvet850vcrvma20k9qd54j8f599kc5g
bc1qjwlcdpypr7tvmweljzkry84lw6gjvg9nuq8wht,1,0.21545827,1,2026-07-30 01:51,2026-07-30 01:51,bc1qnk4zh9qcnap2mycp56qjrgza3cc8ylrh8fecp0,,https://mempool.space/address/bc1qjwlcdpypr7tvmweljzkry84lw6gjvg9nuq8wht
bc1q6fqg9u8y9u86a55al3d3ngvzu886up2r5c56j5,1,0.21536131,1,2026-07-30 01:51,2026-07-30 01:51,bc1qnk4zh9qcnap2mycp56qjrgza3cc8ylrh8fecp0,,https://mempool.space/address/bc1q6fqg9u8y9u86a55al3d3ngvzu886up2r5c56j5
bc1ql4asy9yt35up66fz4f4f7xy6nl3l6xmave43ee,1,0.21533225,1,2026-07-30 01:51,2026-07-30 01:51,bc1qnk4zh9qcnap2mycp56qjrgza3cc8ylrh8fecp0,,https://mempool.space/address/bc1ql4asy9yt35up66fz4f4f7xy6nl3l6xmave43ee
bc1qgeppj5mwuw48alr7qy7zkq9jqyhhf33kh44jq2,1,0.21532228,1,2026-07-30 01:51,2026-07-30 01:51,bc1qnk4zh9qcnap2mycp56qjrgza3cc8ylrh8fecp0,,https://mempool.space/address/bc1qgeppj5mwuw48alr7qy7zkq9jqyhhf33kh44jq2
37tsJvhKxfCWeBbuWse7fxkJoqGxx67GCW,1,0.21531287,1,2026-07-30 01:51,2026-07-30 01:51,bc1qnk4zh9qcnap2mycp56qjrgza3cc8ylrh8fecp0,,https://mempool.space/address/37tsJvhKxfCWeBbuWse7fxkJoqGxx67GCW
bc1qfyy4a6qjaz5lpzc6uys5fqjlsy30e23985zy59,1,0.21530644,1,2026-07-30 01:51,2026-07-30 01:51,bc1qnk4zh9qcnap2mycp56qjrgza3cc8ylrh8fecp0,,https://mempool.space/address/bc1qfyy4a6qjaz5lpzc6uys5fqjlsy30e23985zy59
3H6HaFdHRiqvkqBk8LWpstXFk4hWN3dMLX,1,0.21530381,1,2026-07-30 01:51,2026-07-30 01:51,bc1qnk4zh9qcnap2mycp56qjrgza3cc8ylrh8fecp0,,https://mempool.space/address/3H6HaFdHRiqvkqBk8LWpstXFk4hWN3dMLX
bc1qst04y9gy52jls76yhqcz6ueyd6s7djg267780j,1,0.21530009,1,2026-07-30 01:51,2026-07-30 01:51,bc1qnk4zh9qcnap2mycp56qjrgza3cc8ylrh8fecp0,,https://mempool.space/address/bc1qst04y9gy52jls76yhqcz6ueyd6s7djg267780j
bc1qwc0u8ummql453hxxkcyyv8tl7mn6e8a420vxmh,1,0.21526893,1,2026-07-30 01:51,2026-07-30 01:51,bc1qnk4zh9qcnap2mycp56qjrgza3cc8ylrh8fecp0,,https://mempool.space/address/bc1qwc0u8ummql453hxxkcyyv8tl7mn6e8a420vxmh
bc1q7m43fn0qwnva43t4qz84vsemadysdgy47d28g8,1,0.21523125,1,2026-07-30 01:51,2026-07-30 01:51,bc1qnk4zh9qcnap2mycp56qjrgza3cc8ylrh8fecp0,,https://mempool.space/address/bc1q7m43fn0qwnva43t4qz84vsemadysdgy47d28g8
bc1qj3t3h8khvjrp82lnnu6a2ahzmpc9p0yrhchewm,1,0.21521329,1,2026-07-30 01:51,2026-07-30 01:51,bc1qnk4zh9qcnap2mycp56qjrgza3cc8ylrh8fecp0,,https://mempool.space/address/bc1qj3t3h8khvjrp82lnnu6a2ahzmpc9p0yrhchewm
bc1qwns7yh99wp8jergrftvt5ms8rmhlvheehkz97k,1,0.2150142,1,2026-07-30 01:51,2026-07-30 01:51,bc1qnk4zh9qcnap2mycp56qjrgza3cc8ylrh8fecp0,,https://mempool.space/address/bc1qwns7yh99wp8jergrftvt5ms8rmhlvheehkz97k
bc1qe2uwm78rvkxgx22mputdaqnk0zc4dvqvsudgyw,1,0.214467,1,2026-07-30 01:51,2026-07-30 01:51,bc1qnk4zh9qcnap2mycp56qjrgza3cc8ylrh8fecp0,,https://mempool.space/address/bc1qe2uwm78rvkxgx22mputdaqnk0zc4dvqvsudgyw
bc1q36f9j0lxvlqytjnjfa72e95nzm9rptpd3fy8ah,1,0.214467,1,2026-07-30 01:51,2026-07-30 01:51,bc1qnk4zh9qcnap2mycp56qjrgza3cc8ylrh8fecp0,,https://mempool.space/address/bc1q36f9j0lxvlqytjnjfa72e95nzm9rptpd3fy8ah
36YCSjRGbhdCj3NokFjjxS1FSBxRXEYYxY,1,0.21436967,1,2026-07-30 01:51,2026-07-30 01:51,bc1qnk4zh9qcnap2mycp56qjrgza3cc8ylrh8fecp0,,https://mempool.space/address/36YCSjRGbhdCj3NokFjjxS1FSBxRXEYYxY
bc1quzs7t3rarw3pzrrwe3yxfgsmk9cmy0926c28ys,1,0.21333062,1,2026-07-30 01:51,2026-07-30 01:51,bc1qnk4zh9qcnap2mycp56qjrgza3cc8ylrh8fecp0,,https://mempool.space/address/bc1quzs7t3rarw3pzrrwe3yxfgsmk9cmy0926c28ys
bc1qvgdqm9x2ft9knj6xy4930d6jll5ms3g0lpe7g3,1,0.213155,1,2026-07-30 01:51,2026-07-30 01:51,bc1qnk4zh9qcnap2mycp56qjrgza3cc8ylrh8fecp0,,https://mempool.space/address/bc1qvgdqm9x2ft9knj6xy4930d6jll5ms3g0lpe7g3
bc1q97cssuhws8vp7jhdcm3ajcywapjm8qe4cz9rl6,1,0.21216507,1,2026-07-30 01:51,2026-07-30 01:51,bc1qnk4zh9qcnap2mycp56qjrgza3cc8ylrh8fecp0,,https://mempool.space/address/bc1q97cssuhws8vp7jhdcm3ajcywapjm8qe4cz9rl6
bc1qu32lylvjmaqx4w649t8ts7507t240skfu2gvjz,1,0.21177353,1,2026-07-30 01:51,2026-07-30 01:51,bc1qnk4zh9qcnap2mycp56qjrgza3cc8ylrh8fecp0,,https://mempool.space/address/bc1qu32lylvjmaqx4w649t8ts7507t240skfu2gvjz
bc1qwe5kaf5eq3lmt7p9tjhv0uk7w8em7k3pf0ew6e,1,0.21042946,1,2026-07-30 01:51,2026-07-30 01:51,bc1qnk4zh9qcnap2mycp56qjrgza3cc8ylrh8fecp0,,https://mempool.space/address/bc1qwe5kaf5eq3lmt7p9tjhv0uk7w8em7k3pf0ew6e
bc1qml3g8425lx9h4uxy48w5n33l0evs7w74jrwjcl,1,0.21021502,1,2026-07-30 01:51,2026-07-30 01:51,bc1qnk4zh9qcnap2mycp56qjrgza3cc8ylrh8fecp0,,https://mempool.space/address/bc1qml3g8425lx9h4uxy48w5n33l0evs7w74jrwjcl
bc1qqfda33wwnej3pj8u09s96etk0ad7cmu9n2rrwg,1,0.21021122,1,2026-07-30 01:51,2026-07-30 01:51,bc1qnk4zh9qcnap2mycp56qjrgza3cc8ylrh8fecp0,,https://mempool.space/address/bc1qqfda33wwnej3pj8u09s96etk0ad7cmu9n2rrwg
bc1qd8l3mnftdlvnfs7ent2qaxlzyq24vutj7g5nqu,1,0.2102076,1,2026-07-30 01:51,2026-07-30 01:51,bc1qnk4zh9qcnap2mycp56qjrgza3cc8ylrh8fecp0,,https://mempool.space/address/bc1qd8l3mnftdlvnfs7ent2qaxlzyq24vutj7g5nqu
bc1q449thkewlxsp9u25dfyw0t8nqy2nhsraretja5,1,0.21002618,1,2026-07-30 01:51,2026-07-30 01:51,bc1qnk4zh9qcnap2mycp56qjrgza3cc8ylrh8fecp0,,https://mempool.space/address/bc1q449thkewlxsp9u25dfyw0t8nqy2nhsraretja5
bc1qu878xx8ueeaa9742c66lpteheg45ax3xr4ndnw,1,0.20996426,1,2026-07-30 01:51,2026-07-30 01:51,bc1qnk4zh9qcnap2mycp56qjrgza3cc8ylrh8fecp0,,https://mempool.space/address/bc1qu878xx8ueeaa9742c66lpteheg45ax3xr4ndnw
bc1qlqn4ncsks4n4v77tk2ccx64mgd59dvtgl62nxm,1,0.20829232,1,2026-07-30 01:51,2026-07-30 01:51,bc1qnk4zh9qcnap2mycp56qjrgza3cc8ylrh8fecp0,,https://mempool.space/address/bc1qlqn4ncsks4n4v77tk2ccx64mgd59dvtgl62nxm
bc1q09edmg0jtgrahuj7jvq4spkjh9mx5d90eq95th,1,0.20759824,1,2026-07-30 01:51,2026-07-30 01:51,bc1qnk4zh9qcnap2mycp56qjrgza3cc8ylrh8fecp0,,https://mempool.space/address/bc1q09edmg0jtgrahuj7jvq4spkjh9mx5d90eq95th
bc1qw0my0ywvnycfq9l4s7c6n5rzrxwgru5ujgxxs6,1,0.20759494,1,2026-07-30 01:51,2026-07-30 01:51,bc1qnk4zh9qcnap2mycp56qjrgza3cc8ylrh8fecp0,,https://mempool.space/address/bc1qw0my0ywvnycfq9l4s7c6n5rzrxwgru5ujgxxs6
bc1qjf9xqu49y7kqekxama9fw2kp93y029w7r6d629,1,0.206722,1,2026-07-30 01:51,2026-07-30 01:51,bc1qnk4zh9qcnap2mycp56qjrgza3cc8ylrh8fecp0,,https://mempool.space/address/bc1qjf9xqu49y7kqekxama9fw2kp93y029w7r6d629
bc1qhfdrc8qhqf093wyk97qj9uvlkptrfdzm6t4h9r,1,0.206701,1,2026-07-30 01:51,2026-07-30 01:51,bc1qnk4zh9qcnap2mycp56qjrgza3cc8ylrh8fecp0,,https://mempool.space/address/bc1qhfdrc8qhqf093wyk97qj9uvlkptrfdzm6t4h9r
bc1qjgks6wf7g4xeq92re7zzsj8hcehy8a3g8updp2,1,0.206661,1,2026-07-30 01:51,2026-07-30 01:51,bc1qnk4zh9qcnap2mycp56qjrgza3cc8ylrh8fecp0,,https://mempool.space/address/bc1qjgks6wf7g4xeq92re7zzsj8hcehy8a3g8updp2
bc1qx200mff8nqvn3k9ds7fer6jvf5xkjjzclmdrry,1,0.20589377,1,2026-07-30 01:51,2026-07-30 01:51,bc1qnk4zh9qcnap2mycp56qjrgza3cc8ylrh8fecp0,,https://mempool.space/address/bc1qx200mff8nqvn3k9ds7fer6jvf5xkjjzclmdrry
bc1qw2exf2jd7hj8azp06j680c5x8hyndn0r9f4lc3,1,0.20176061,1,2026-07-30 01:51,2026-07-30 01:51,bc1qnk4zh9qcnap2mycp56qjrgza3cc8ylrh8fecp0,,https://mempool.space/address/bc1qw2exf2jd7hj8azp06j680c5x8hyndn0r9f4lc3
bc1qxy5njjymtl05fflgnrhvalcr8ld07t67lv7shm,1,0.20158264,1,2026-07-30 01:51,2026-07-30 01:51,bc1qnk4zh9qcnap2mycp56qjrgza3cc8ylrh8fecp0,,https://mempool.space/address/bc1qxy5njjymtl05fflgnrhvalcr8ld07t67lv7shm
bc1q3yr0m5r9ud3rh9lds7875pmjpchfvj28h29htx,1,0.2003561,1,2026-07-30 01:51,2026-07-30 01:51,bc1qnk4zh9qcnap2mycp56qjrgza3cc8ylrh8fecp0,,https://mempool.space/address/bc1q3yr0m5r9ud3rh9lds7875pmjpchfvj28h29htx
bc1qtq5zmjx2k9g68ty3283dra8xmumjpwhujzgvyq,1,0.199967,1,2026-07-30 01:51,2026-07-30 01:51,bc1qnk4zh9qcnap2mycp56qjrgza3cc8ylrh8fecp0,,https://mempool.space/address/bc1qtq5zmjx2k9g68ty3283dra8xmumjpwhujzgvyq
bc1qg0z6608x90z7s8ucpzt73jxdangwmtm7yvlj6g,1,0.199967,1,2026-07-30 01:51,2026-07-30 01:51,bc1qnk4zh9qcnap2mycp56qjrgza3cc8ylrh8fecp0,,https://mempool.space/address/bc1qg0z6608x90z7s8ucpzt73jxdangwmtm7yvlj6g
bc1q7q0ue2jj732gpd2m5q0afmqwlx78xwu56ahkhc,1,0.199967,1,2026-07-30 01:51,2026-07-30 01:51,bc1qnk4zh9qcnap2mycp56qjrgza3cc8ylrh8fecp0,,https://mempool.space/address/bc1q7q0ue2jj732gpd2m5q0afmqwlx78xwu56ahkhc
bc1qxk4wlqhz7sfg5mfn2a7ee7tqrc0qcthc0hff6p,1,0.199967,1,2026-07-30 01:51,2026-07-30 01:51,bc1qnk4zh9qcnap2mycp56qjrgza3cc8ylrh8fecp0,,https://mempool.space/address/bc1qxk4wlqhz7sfg5mfn2a7ee7tqrc0qcthc0hff6p
bc1q2v2zun4p84svt093mf26yrnanx3la06geta7ej,1,0.199967,1,2026-07-30 01:51,2026-07-30 01:51,bc1qnk4zh9qcnap2mycp56qjrgza3cc8ylrh8fecp0,,https://mempool.space/address/bc1q2v2zun4p84svt093mf26yrnanx3la06geta7ej
bc1q5evu8q6zc2nazz8ewvn38pa2qry554ma54mfnp,1,0.199947,1,2026-07-30 01:51,2026-07-30 01:51,bc1qnk4zh9qcnap2mycp56qjrgza3cc8ylrh8fecp0,,https://mempool.space/address/bc1q5evu8q6zc2nazz8ewvn38pa2qry554ma54mfnp
bc1qztatpq4vcsdswnw69zkqz9dmylhf5w38hj0r0q,1,0.199947,1,2026-07-30 01:51,2026-07-30 01:51,bc1qnk4zh9qcnap2mycp56qjrgza3cc8ylrh8fecp0,,https://mempool.space/address/bc1qztatpq4vcsdswnw69zkqz9dmylhf5w38hj0r0q
bc1q77cqsfyu03fks6lmmlk3hfvq5rl9wdrh339223,1,0.199947,1,2026-07-30 01:51,2026-07-30 01:51,bc1qnk4zh9qcnap2mycp56qjrgza3cc8ylrh8fecp0,,https://mempool.space/address/bc1q77cqsfyu03fks6lmmlk3hfvq5rl9wdrh339223
14scaHSZZwMC4RgknySStB9r8EHFLKwjRv,1,0.199943,1,2026-07-30 01:51,2026-07-30 01:51,bc1qnk4zh9qcnap2mycp56qjrgza3cc8ylrh8fecp0,,https://mempool.space/address/14scaHSZZwMC4RgknySStB9r8EHFLKwjRv
bc1qxjnzkazs770vfvu5wwznkxdfu6jfyrv6c9getm,1,0.19416875,1,2026-07-30 01:51,2026-07-30 01:51,bc1qnk4zh9qcnap2mycp56qjrgza3cc8ylrh8fecp0,,https://mempool.space/address/bc1qxjnzkazs770vfvu5wwznkxdfu6jfyrv6c9getm
bc1qrx2r47j5pz0tgtgy90rftxvz0d6lre2azyzva6,1,0.19373077,1,2026-07-30 01:51,2026-07-30 01:51,bc1qnk4zh9qcnap2mycp56qjrgza3cc8ylrh8fecp0,,https://mempool.space/address/bc1qrx2r47j5pz0tgtgy90rftxvz0d6lre2azyzva6
bc1qkfhgeexkupzupd6lnx8307d2gn6c39sa57gg9q,1,0.19355886,1,2026-07-30 01:51,2026-07-30 01:51,bc1qnk4zh9qcnap2mycp56qjrgza3cc8ylrh8fecp0,,https://mempool.space/address/bc1qkfhgeexkupzupd6lnx8307d2gn6c39sa57gg9q
bc1qj4fc5khhmu0uj5sjrngdvwnfkryz439svj6aq6,1,0.19101796,1,2026-07-30 01:51,2026-07-30 01:51,bc1qnk4zh9qcnap2mycp56qjrgza3cc8ylrh8fecp0,,https://mempool.space/address/bc1qj4fc5khhmu0uj5sjrngdvwnfkryz439svj6aq6
bc1qrx4wly0zd2eajuwx7xts6r2shxzxhz0yyx0mmc,1,0.19094175,1,2026-07-30 01:51,2026-07-30 01:51,bc1qnk4zh9qcnap2mycp56qjrgza3cc8ylrh8fecp0,,https://mempool.space/address/bc1qrx4wly0zd2eajuwx7xts6r2shxzxhz0yyx0mmc
bc1qj3cytrgjkze4zgss523d23ye98xs05u8ak823r,1,0.1894878,1,2026-07-30 01:51,2026-07-30 01:51,bc1qnk4zh9qcnap2mycp56qjrgza3cc8ylrh8fecp0,,https://mempool.space/address/bc1qj3cytrgjkze4zgss523d23ye98xs05u8ak823r
bc1qju80g9fr7cj5rcsh2s8eh35mf832zyvz2n2d3r,1,0.18793832,1,2026-07-30 01:51,2026-07-30 01:51,bc1qnk4zh9qcnap2mycp56qjrgza3cc8ylrh8fecp0,,https://mempool.space/address/bc1qju80g9fr7cj5rcsh2s8eh35mf832zyvz2n2d3r
bc1qn9llv9pux95afeyl2dxsdxlwpxdvsts8as8c0u,1,0.187177,1,2026-07-30 01:51,2026-07-30 01:51,bc1qnk4zh9qcnap2mycp56qjrgza3cc8ylrh8fecp0,,https://mempool.space/address/bc1qn9llv9pux95afeyl2dxsdxlwpxdvsts8as8c0u
bc1qfs6mjxyatvmzfwtu2fal6scjg6muw237l88yhj,1,0.1868086,1,2026-07-30 01:51,2026-07-30 01:51,bc1qnk4zh9qcnap2mycp56qjrgza3cc8ylrh8fecp0,,https://mempool.space/address/bc1qfs6mjxyatvmzfwtu2fal6scjg6muw237l88yhj
bc1qypwyzmjhu536an6uflp48jksm56r7xga9kw5ug,1,0.18645671,1,2026-07-30 01:51,2026-07-30 01:51,bc1qnk4zh9qcnap2mycp56qjrgza3cc8ylrh8fecp0,,https://mempool.space/address/bc1qypwyzmjhu536an6uflp48jksm56r7xga9kw5ug
bc1qj0qpkg9zffkznt84525uexfs23ty7a2m6zhy67,1,0.18591467,1,2026-07-30 01:51,2026-07-30 01:51,bc1qnk4zh9qcnap2mycp56qjrgza3cc8ylrh8fecp0,,https://mempool.space/address/bc1qj0qpkg9zffkznt84525uexfs23ty7a2m6zhy67
bc1qqttrak4f4v53kl9cv2q3krlwg9sa7dfkxc762p,1,0.18511595,1,2026-07-30 01:51,2026-07-30 01:51,bc1qnk4zh9qcnap2mycp56qjrgza3cc8ylrh8fecp0,,https://mempool.space/address/bc1qqttrak4f4v53kl9cv2q3krlwg9sa7dfkxc762p
bc1qnj33jdqups27wffej774wzyq274207c9f25ey6,1,0.184317,1,2026-07-30 01:51,2026-07-30 01:51,bc1qnk4zh9qcnap2mycp56qjrgza3cc8ylrh8fecp0,,https://mempool.space/address/bc1qnj33jdqups27wffej774wzyq274207c9f25ey6
bc1qzq33enpgctfmhqa6fasvm2n3q06hwsgaedjex7,1,0.18431267,1,2026-07-30 01:51,2026-07-30 01:51,bc1qnk4zh9qcnap2mycp56qjrgza3cc8ylrh8fecp0,,https://mempool.space/address/bc1qzq33enpgctfmhqa6fasvm2n3q06hwsgaedjex7
bc1q3mcrvjes0e52vfwkv8akvwjpytvq4eu0kn82wh,1,0.18328618,1,2026-07-30 01:51,2026-07-30 01:51,bc1qnk4zh9qcnap2mycp56qjrgza3cc8ylrh8fecp0,,https://mempool.space/address/bc1q3mcrvjes0e52vfwkv8akvwjpytvq4eu0kn82wh
bc1qtgx3544lwtm4ac7w722m070kvek2sujkdqnsmf,1,0.18215662,1,2026-07-30 01:51,2026-07-30 01:51,bc1qnk4zh9qcnap2mycp56qjrgza3cc8ylrh8fecp0,,https://mempool.space/address/bc1qtgx3544lwtm4ac7w722m070kvek2sujkdqnsmf
bc1qernqyma6ks5penaunc34s6t54cckr72apns5dh,1,0.1820694,1,2026-07-30 01:51,2026-07-30 01:51,bc1qnk4zh9qcnap2mycp56qjrgza3cc8ylrh8fecp0,,https://mempool.space/address/bc1qernqyma6ks5penaunc34s6t54cckr72apns5dh
bc1qkxcfklvs64krug6fmxde2pdyajd8shvykkevhd,1,0.181967,1,2026-07-30 01:51,2026-07-30 01:51,bc1qnk4zh9qcnap2mycp56qjrgza3cc8ylrh8fecp0,,https://mempool.space/address/bc1qkxcfklvs64krug6fmxde2pdyajd8shvykkevhd
bc1qxkh5jgtj443pgnr0zt597a4a4tn0ayd5ae2q49,1,0.17863823,1,2026-07-30 01:51,2026-07-30 01:51,bc1qnk4zh9qcnap2mycp56qjrgza3cc8ylrh8fecp0,,https://mempool.space/address/bc1qxkh5jgtj443pgnr0zt597a4a4tn0ayd5ae2q49
bc1qra2tgumjel82e9t7xwkttdfsvueu3lrglcjuyd,1,0.17850576,1,2026-07-30 01:51,2026-07-30 01:51,bc1qnk4zh9qcnap2mycp56qjrgza3cc8ylrh8fecp0,,https://mempool.space/address/bc1qra2tgumjel82e9t7xwkttdfsvueu3lrglcjuyd
bc1q9pu35xm359mzmdsq6glcnylw22wze6mktu3ypu,1,0.17751852,1,2026-07-30 01:51,2026-07-30 01:51,bc1qnk4zh9qcnap2mycp56qjrgza3cc8ylrh8fecp0,,https://mempool.space/address/bc1q9pu35xm359mzmdsq6glcnylw22wze6mktu3ypu
bc1q4s6yzqj2qj978w4nn62c5e524sz2rwp67gpu57,1,0.17717919,1,2026-07-30 01:51,2026-07-30 01:51,bc1qnk4zh9qcnap2mycp56qjrgza3cc8ylrh8fecp0,,https://mempool.space/address/bc1q4s6yzqj2qj978w4nn62c5e524sz2rwp67gpu57
bc1q68j5pqupztafpdrjdlvvgqjq2zxy0cdkez4cu8,1,0.17596656,1,2026-07-30 01:51,2026-07-30 01:51,bc1qnk4zh9qcnap2mycp56qjrgza3cc8ylrh8fecp0,,https://mempool.space/address/bc1q68j5pqupztafpdrjdlvvgqjq2zxy0cdkez4cu8
bc1qmu2jnrky5gf0c5rpwf2ys3w0mg3nkakmazq9mx,1,0.174977,1,2026-07-30 01:51,2026-07-30 01:51,bc1qnk4zh9qcnap2mycp56qjrgza3cc8ylrh8fecp0,,https://mempool.space/address/bc1qmu2jnrky5gf0c5rpwf2ys3w0mg3nkakmazq9mx
bc1qv69yjzrxqsqn7lmt23gxkcrdrgk5urs05v44wk,1,0.17416465,1,2026-07-30 01:51,2026-07-30 01:51,bc1qnk4zh9qcnap2mycp56qjrgza3cc8ylrh8fecp0,,https://mempool.space/address/bc1qv69yjzrxqsqn7lmt23gxkcrdrgk5urs05v44wk
bc1q077xrgwcncxxf7cxastpay8zu29cf2557gj2z0,1,0.17217378,1,2026-07-30 01:51,2026-07-30 01:51,bc1qnk4zh9qcnap2mycp56qjrgza3cc8ylrh8fecp0,,https://mempool.space/address/bc1q077xrgwcncxxf7cxastpay8zu29cf2557gj2z0
bc1qqvefayqnenu5rpl7atpqrzwrmsmdngtehjetqd,1,0.17183857,1,2026-07-30 01:51,2026-07-30 01:51,bc1qnk4zh9qcnap2mycp56qjrgza3cc8ylrh8fecp0,,https://mempool.space/address/bc1qqvefayqnenu5rpl7atpqrzwrmsmdngtehjetqd
bc1qkucqaxu476cmyuw04sekww0p4g4q30zh2en9yv,1,0.17032219,1,2026-07-30 01:51,2026-07-30 01:51,bc1qnk4zh9qcnap2mycp56qjrgza3cc8ylrh8fecp0,,https://mempool.space/address/bc1qkucqaxu476cmyuw04sekww0p4g4q30zh2en9yv
bc1q8sjug8hknr57e2yp070y0pt3yka927seg9x7wq,1,0.16984694,1,2026-07-30 01:51,2026-07-30 01:51,bc1qnk4zh9qcnap2mycp56qjrgza3cc8ylrh8fecp0,,https://mempool.space/address/bc1q8sjug8hknr57e2yp070y0pt3yka927seg9x7wq
bc1qquch6v298xgh7kpg2jdsh53lqdde40mtw09l74,1,0.168867,1,2026-07-30 01:51,2026-07-30 01:51,bc1qnk4zh9qcnap2mycp56qjrgza3cc8ylrh8fecp0,,https://mempool.space/address/bc1qquch6v298xgh7kpg2jdsh53lqdde40mtw09l74
bc1qc7f67vr78k3schzwq8y8errgz5t22usn3rgvku,1,0.16801062,1,2026-07-30 01:51,2026-07-30 01:51,bc1qnk4zh9qcnap2mycp56qjrgza3cc8ylrh8fecp0,,https://mempool.space/address/bc1qc7f67vr78k3schzwq8y8errgz5t22usn3rgvku
bc1q8ryeqe74u2f0gwcpsz6kslq4mjslpugzxr04qs,1,0.16663367,1,2026-07-30 01:51,2026-07-30 01:51,bc1qnk4zh9qcnap2mycp56qjrgza3cc8ylrh8fecp0,,https://mempool.space/address/bc1q8ryeqe74u2f0gwcpsz6kslq4mjslpugzxr04qs
bc1qtrrcj7vpklf3nlhkxjmp5dsjq2fewu4j6j9c8r,1,0.16603654,1,2026-07-30 01:51,2026-07-30 01:51,bc1qnk4zh9qcnap2mycp56qjrgza3cc8ylrh8fecp0,,https://mempool.space/address/bc1qtrrcj7vpklf3nlhkxjmp5dsjq2fewu4j6j9c8r
bc1qfwyrrmp7762n002j6rpwq70kaxmquz3q2aa4gp,1,0.16499258,1,2026-07-30 01:51,2026-07-30 01:51,bc1qnk4zh9qcnap2mycp56qjrgza3cc8ylrh8fecp0,,https://mempool.space/address/bc1qfwyrrmp7762n002j6rpwq70kaxmquz3q2aa4gp
bc1qqml38dheg3rmvpafrqz4fgaggq0xtpr4m2lj0e,1,0.1641166,1,2026-07-30 01:51,2026-07-30 01:51,bc1qnk4zh9qcnap2mycp56qjrgza3cc8ylrh8fecp0,,https://mempool.space/address/bc1qqml38dheg3rmvpafrqz4fgaggq0xtpr4m2lj0e
bc1qaqxenp53mjd604y4e4qqa0hn3z73y6p6x89vk8,1,0.16317829,1,2026-07-30 01:51,2026-07-30 01:51,bc1qnk4zh9qcnap2mycp56qjrgza3cc8ylrh8fecp0,,https://mempool.space/address/bc1qaqxenp53mjd604y4e4qqa0hn3z73y6p6x89vk8
bc1qn2re8flz5z8tqkgep56cfr4rj60x80897wm78e,1,0.16201273,1,2026-07-30 01:51,2026-07-30 01:51,bc1qnk4zh9qcnap2mycp56qjrgza3cc8ylrh8fecp0,,https://mempool.space/address/bc1qn2re8flz5z8tqkgep56cfr4rj60x80897wm78e
bc1q9d39gd0dxwpmmchfd73xl5s3lqcgcc6u2s9dqh,1,0.1607477,1,2026-07-30 01:51,2026-07-30 01:51,bc1qnk4zh9qcnap2mycp56qjrgza3cc8ylrh8fecp0,,https://mempool.space/address/bc1q9d39gd0dxwpmmchfd73xl5s3lqcgcc6u2s9dqh
bc1qvlst9cpez9n7nxy5a2g9h7h829rkqvk8rska95,1,0.159903,1,2026-07-30 01:51,2026-07-30 01:51,bc1qnk4zh9qcnap2mycp56qjrgza3cc8ylrh8fecp0,,https://mempool.space/address/bc1qvlst9cpez9n7nxy5a2g9h7h829rkqvk8rska95
bc1qq59m7xx5zqta5p0mjg9z87szd9ttyjvjhflmne,1,0.15888025,1,2026-07-30 01:51,2026-07-30 01:51,bc1qnk4zh9qcnap2mycp56qjrgza3cc8ylrh8fecp0,,https://mempool.space/address/bc1qq59m7xx5zqta5p0mjg9z87szd9ttyjvjhflmne
bc1qzn4d8mw3wc4g5zu4jrawgux0vfjpp3tk04kek4,1,0.15864061,1,2026-07-30 01:51,2026-07-30 01:51,bc1qnk4zh9qcnap2mycp56qjrgza3cc8ylrh8fecp0,,https://mempool.space/address/bc1qzn4d8mw3wc4g5zu4jrawgux0vfjpp3tk04kek4
bc1qlvrqslfp34ar4asuxnvtxlryc632ycdph7uas4,1,0.157967,1,2026-07-30 01:51,2026-07-30 01:51,bc1qnk4zh9qcnap2mycp56qjrgza3cc8ylrh8fecp0,,https://mempool.space/address/bc1qlvrqslfp34ar4asuxnvtxlryc632ycdph7uas4
bc1qysdng7zm6sqwqjgjmyg8880mvlw56tkaw65gw4,1,0.15694687,1,2026-07-30 01:51,2026-07-30 01:51,bc1qnk4zh9qcnap2mycp56qjrgza3cc8ylrh8fecp0,,https://mempool.space/address/bc1qysdng7zm6sqwqjgjmyg8880mvlw56tkaw65gw4
bc1qkjtfe8tg475u2gsf30gdqsq45mzsx6f9fdfqzf,1,0.15677983,1,2026-07-30 01:51,2026-07-30 01:51,bc1qnk4zh9qcnap2mycp56qjrgza3cc8ylrh8fecp0,,https://mempool.space/address/bc1qkjtfe8tg475u2gsf30gdqsq45mzsx6f9fdfqzf
bc1qz7x6cxy2c6ajwjkqylfj7vl3klu2uf89e6cn3e,1,0.15609674,1,2026-07-30 01:51,2026-07-30 01:51,bc1qnk4zh9qcnap2mycp56qjrgza3cc8ylrh8fecp0,,https://mempool.space/address/bc1qz7x6cxy2c6ajwjkqylfj7vl3klu2uf89e6cn3e
bc1qmgcc5fd37jkzflp5alglukmlkmehcvgtfmve0a,1,0.154967,1,2026-07-30 01:51,2026-07-30 01:51,bc1qnk4zh9qcnap2mycp56qjrgza3cc8ylrh8fecp0,,https://mempool.space/address/bc1qmgcc5fd37jkzflp5alglukmlkmehcvgtfmve0a
bc1q5hmrxscuwwkmw5tffe2uf55s92y72mgve5zpx4,1,0.15496219,1,2026-07-30 01:51,2026-07-30 01:51,bc1qnk4zh9qcnap2mycp56qjrgza3cc8ylrh8fecp0,,https://mempool.space/address/bc1q5hmrxscuwwkmw5tffe2uf55s92y72mgve5zpx4
bc1qd775020y4txzxp8egts374489algs9fhmmmqah,1,0.15454937,1,2026-07-30 01:51,2026-07-30 01:51,bc1qnk4zh9qcnap2mycp56qjrgza3cc8ylrh8fecp0,,https://mempool.space/address/bc1qd775020y4txzxp8egts374489algs9fhmmmqah
bc1qnh7a6p9lkmq0d8xxsh092ydt8evjaak9z6fuqj,1,0.15419285,1,2026-07-30 01:51,2026-07-30 01:51,bc1qnk4zh9qcnap2mycp56qjrgza3cc8ylrh8fecp0,,https://mempool.space/address/bc1qnh7a6p9lkmq0d8xxsh092ydt8evjaak9z6fuqj
bc1qql4pkyfjn8kfdy6yjn572y5wtv4hk57h7g68fd,1,0.1526038,1,2026-07-30 01:51,2026-07-30 01:51,bc1qnk4zh9qcnap2mycp56qjrgza3cc8ylrh8fecp0,,https://mempool.space/address/bc1qql4pkyfjn8kfdy6yjn572y5wtv4hk57h7g68fd
bc1qnnzl97vdfzl5z0tr0xghhvawkqhhjxzuapmlr8,1,0.15219869,1,2026-07-30 01:51,2026-07-30 01:51,bc1qnk4zh9qcnap2mycp56qjrgza3cc8ylrh8fecp0,,https://mempool.space/address/bc1qnnzl97vdfzl5z0tr0xghhvawkqhhjxzuapmlr8
bc1qj557jf69d8vx87spl5qdfd9emnvxp2tt6al0jl,1,0.15076427,1,2026-07-30 01:51,2026-07-30 01:51,bc1qnk4zh9qcnap2mycp56qjrgza3cc8ylrh8fecp0,,https://mempool.space/address/bc1qj557jf69d8vx87spl5qdfd9emnvxp2tt6al0jl
bc1q9pd7ez8wj4j8u7jhl6nxvlkcmrefafacradju3,1,0.15057292,1,2026-07-30 01:51,2026-07-30 01:51,bc1qnk4zh9qcnap2mycp56qjrgza3cc8ylrh8fecp0,,https://mempool.space/address/bc1q9pd7ez8wj4j8u7jhl6nxvlkcmrefafacradju3
bc1q24sxw4y83xxj9cu7wt3gp500sjlylknj9eglfk,1,0.15055596,1,2026-07-30 01:51,2026-07-30 01:51,bc1qnk4zh9qcnap2mycp56qjrgza3cc8ylrh8fecp0,,https://mempool.space/address/bc1q24sxw4y83xxj9cu7wt3gp500sjlylknj9eglfk
bc1qdjg9p0aa3cdp4zv9dr8fvukr0h57ztf3hvylhe,1,0.149967,1,2026-07-30 01:51,2026-07-30 01:51,bc1qnk4zh9qcnap2mycp56qjrgza3cc8ylrh8fecp0,,https://mempool.space/address/bc1qdjg9p0aa3cdp4zv9dr8fvukr0h57ztf3hvylhe
bc1qcrjmzd93fcnq8y68mawkkjrf8r2yguf6wvuyu9,1,0.149967,1,2026-07-30 01:51,2026-07-30 01:51,bc1qnk4zh9qcnap2mycp56qjrgza3cc8ylrh8fecp0,,https://mempool.space/address/bc1qcrjmzd93fcnq8y68mawkkjrf8r2yguf6wvuyu9
bc1q767kz94dzv5nefl244anwf7ylc2q0k3vz4nrrn,1,0.149967,1,2026-07-30 01:51,2026-07-30 01:51,bc1qnk4zh9qcnap2mycp56qjrgza3cc8ylrh8fecp0,,https://mempool.space/address/bc1q767kz94dzv5nefl244anwf7ylc2q0k3vz4nrrn
bc1qjy38hepgas2xu38dhuynpeg8ksppuzxfae0d79,1,0.149967,1,2026-07-30 01:51,2026-07-30 01:51,bc1qnk4zh9qcnap2mycp56qjrgza3cc8ylrh8fecp0,,https://mempool.space/address/bc1qjy38hepgas2xu38dhuynpeg8ksppuzxfae0d79
bc1q57nwj5gwk8e4dfwfuhr67yx7vccf7wg6gk929t,1,0.1499647,1,2026-07-30 01:51,2026-07-30 01:51,bc1qnk4zh9qcnap2mycp56qjrgza3cc8ylrh8fecp0,,https://mempool.space/address/bc1q57nwj5gwk8e4dfwfuhr67yx7vccf7wg6gk929t
1Hz3X6EUkpRXaLhsN9PTQw5GiE1nCG1P5s,1,0.149943,1,2026-07-30 01:51,2026-07-30 01:51,bc1qnk4zh9qcnap2mycp56qjrgza3cc8ylrh8fecp0,,https://mempool.space/address/1Hz3X6EUkpRXaLhsN9PTQw5GiE1nCG1P5s
