address,hop,amount_sent_BTC,transactions,first_seen_utc,last_seen_utc,sent_into,label,explorer
bc1qxz7s2u6ful4cfm9daq7zwme579cpm9h2gqgf24,1,51.07336472,1,2026-07-30 01:32,2026-07-30 01:32,bc1qc779m8gec84k3t0ffvu0pps94zheht7lr7ueyn,,https://mempool.space/address/bc1qxz7s2u6ful4cfm9daq7zwme579cpm9h2gqgf24
bc1qhrgyedsemlfnfcavlm0e6m5chzreczrew57uvw,1,49.79414513,1,2026-07-30 01:32,2026-07-30 01:32,bc1qc779m8gec84k3t0ffvu0pps94zheht7lr7ueyn,,https://mempool.space/address/bc1qhrgyedsemlfnfcavlm0e6m5chzreczrew57uvw
bc1q928aamjwtgc5mfgrc348gryl7s7juhrst4344p,1,17.25253527,1,2026-07-30 01:32,2026-07-30 01:32,bc1qc779m8gec84k3t0ffvu0pps94zheht7lr7ueyn,,https://mempool.space/address/bc1q928aamjwtgc5mfgrc348gryl7s7juhrst4344p
bc1q8vvys8vzv97fv32ucdj2dgxkxpg02j92mvrskg,1,10.82443134,1,2026-07-30 01:32,2026-07-30 01:32,bc1qc779m8gec84k3t0ffvu0pps94zheht7lr7ueyn,,https://mempool.space/address/bc1q8vvys8vzv97fv32ucdj2dgxkxpg02j92mvrskg
bc1qdr5pek9yv56dkxr263mlt7eyvp2lucxgd3k0hr,1,7.24509036,1,2026-07-30 01:32,2026-07-30 01:32,bc1qc779m8gec84k3t0ffvu0pps94zheht7lr7ueyn,,https://mempool.space/address/bc1qdr5pek9yv56dkxr263mlt7eyvp2lucxgd3k0hr
bc1qm64fveuqqgxwwhhpn0smj4svdh0afd65vqfgs6,1,5.49992914,1,2026-07-30 01:32,2026-07-30 01:32,bc1qc779m8gec84k3t0ffvu0pps94zheht7lr7ueyn,,https://mempool.space/address/bc1qm64fveuqqgxwwhhpn0smj4svdh0afd65vqfgs6
bc1q38ax7pgaavs8j0a0kxs8ju0prj6vx4h0834f0t,1,4.999967,1,2026-07-30 01:32,2026-07-30 01:32,bc1qc779m8gec84k3t0ffvu0pps94zheht7lr7ueyn,,https://mempool.space/address/bc1q38ax7pgaavs8j0a0kxs8ju0prj6vx4h0834f0t
bc1qqj9ft6v2kuqm3ez9ldc520nve4a0ykyff53tt2,1,4.09996785,1,2026-07-30 01:32,2026-07-30 01:32,bc1qc779m8gec84k3t0ffvu0pps94zheht7lr7ueyn,,https://mempool.space/address/bc1qqj9ft6v2kuqm3ez9ldc520nve4a0ykyff53tt2
bc1qtphqzu6nddqtcezgj0cp5n5ynql3lnxq6htsu7,1,3.95352996,1,2026-07-30 01:32,2026-07-30 01:32,bc1qc779m8gec84k3t0ffvu0pps94zheht7lr7ueyn,,https://mempool.space/address/bc1qtphqzu6nddqtcezgj0cp5n5ynql3lnxq6htsu7
bc1qfgfh7xd9cv8seq6kx2mg0q2g4xhdjzumh3dvt0,1,3.93445942,1,2026-07-30 01:32,2026-07-30 01:32,bc1qc779m8gec84k3t0ffvu0pps94zheht7lr7ueyn,,https://mempool.space/address/bc1qfgfh7xd9cv8seq6kx2mg0q2g4xhdjzumh3dvt0
bc1q87sw8a5gvaglg9m3sdaa5mllq3d2yc50sff69m,1,3.9223959,1,2026-07-30 01:32,2026-07-30 01:32,bc1qc779m8gec84k3t0ffvu0pps94zheht7lr7ueyn,,https://mempool.space/address/bc1q87sw8a5gvaglg9m3sdaa5mllq3d2yc50sff69m
bc1qfvx2vjwgdr6yxn89upsjsf2n6zmkfwe5dy3mf9,1,3.76369235,1,2026-07-30 01:32,2026-07-30 01:32,bc1qc779m8gec84k3t0ffvu0pps94zheht7lr7ueyn,,https://mempool.space/address/bc1qfvx2vjwgdr6yxn89upsjsf2n6zmkfwe5dy3mf9
bc1q8a69c2ccylxja3ylys64rxpfans9h3dddkd4c6,1,3.54543597,1,2026-07-30 01:32,2026-07-30 01:32,bc1qc779m8gec84k3t0ffvu0pps94zheht7lr7ueyn,,https://mempool.space/address/bc1q8a69c2ccylxja3ylys64rxpfans9h3dddkd4c6
bc1q24xnl0g4hk7m9ycnmpllvthecwaf0gvx2ydq38,1,3.393447,1,2026-07-30 01:32,2026-07-30 01:32,bc1qc779m8gec84k3t0ffvu0pps94zheht7lr7ueyn,,https://mempool.space/address/bc1q24xnl0g4hk7m9ycnmpllvthecwaf0gvx2ydq38
bc1qu549k5x5z5emxcnracuftv5pjsr6lsxnfkm56e,1,3.14877269,1,2026-07-30 01:32,2026-07-30 01:32,bc1qc779m8gec84k3t0ffvu0pps94zheht7lr7ueyn,,https://mempool.space/address/bc1qu549k5x5z5emxcnracuftv5pjsr6lsxnfkm56e
bc1q5evkmamh4yu9e5w023t72swhl357zy38e94lcq,1,3.12918615,1,2026-07-30 01:32,2026-07-30 01:32,bc1qc779m8gec84k3t0ffvu0pps94zheht7lr7ueyn,,https://mempool.space/address/bc1q5evkmamh4yu9e5w023t72swhl357zy38e94lcq
bc1q824zenjr6m3ymcgzxm9rdyeafa00fxqaupt3kt,1,3.03015344,1,2026-07-30 01:32,2026-07-30 01:32,bc1qc779m8gec84k3t0ffvu0pps94zheht7lr7ueyn,,https://mempool.space/address/bc1q824zenjr6m3ymcgzxm9rdyeafa00fxqaupt3kt
bc1qlap6kyx7hp5vzc6nr9neereg08fqfe3ulmngm3,1,3.00421205,1,2026-07-30 01:32,2026-07-30 01:32,bc1qc779m8gec84k3t0ffvu0pps94zheht7lr7ueyn,,https://mempool.space/address/bc1qlap6kyx7hp5vzc6nr9neereg08fqfe3ulmngm3
bc1qr4fhudrnpmjkuw96jf8dpsztsxj2uy0ynsrkgl,1,2.80062057,1,2026-07-30 01:32,2026-07-30 01:32,bc1qc779m8gec84k3t0ffvu0pps94zheht7lr7ueyn,,https://mempool.space/address/bc1qr4fhudrnpmjkuw96jf8dpsztsxj2uy0ynsrkgl
bc1quqy7zdlak6e6czmj67ly9vjrp2p65t2u4fe8rc,1,2.68432046,1,2026-07-30 01:32,2026-07-30 01:32,bc1qc779m8gec84k3t0ffvu0pps94zheht7lr7ueyn,,https://mempool.space/address/bc1quqy7zdlak6e6czmj67ly9vjrp2p65t2u4fe8rc
bc1qjgf6fj5vh3dj6lzc57enkcyx2pzs2g9h3fufaw,1,2.54787016,1,2026-07-30 01:32,2026-07-30 01:32,bc1qc779m8gec84k3t0ffvu0pps94zheht7lr7ueyn,,https://mempool.space/address/bc1qjgf6fj5vh3dj6lzc57enkcyx2pzs2g9h3fufaw
bc1qxa9du8rpj54l8astnpv75k8vjddu6ph7tmj53e,1,2.23809682,1,2026-07-30 01:32,2026-07-30 01:32,bc1qc779m8gec84k3t0ffvu0pps94zheht7lr7ueyn,,https://mempool.space/address/bc1qxa9du8rpj54l8astnpv75k8vjddu6ph7tmj53e
bc1qfdz3acv57xljp7805s32pxkj94crxq3ajwfma3,1,2.2281466,1,2026-07-30 01:32,2026-07-30 01:32,bc1qc779m8gec84k3t0ffvu0pps94zheht7lr7ueyn,,https://mempool.space/address/bc1qfdz3acv57xljp7805s32pxkj94crxq3ajwfma3
bc1q3z2zg3t4w8kr76g4rsl62k0nmz6du382gllphu,1,2.20163894,1,2026-07-30 01:32,2026-07-30 01:32,bc1qc779m8gec84k3t0ffvu0pps94zheht7lr7ueyn,,https://mempool.space/address/bc1q3z2zg3t4w8kr76g4rsl62k0nmz6du382gllphu
bc1qmf38wskau23k8wu2gl6jphmqwps22dmnl9y8us,1,2.159967,1,2026-07-30 01:32,2026-07-30 01:32,bc1qc779m8gec84k3t0ffvu0pps94zheht7lr7ueyn,,https://mempool.space/address/bc1qmf38wskau23k8wu2gl6jphmqwps22dmnl9y8us
bc1qkqwvwuuvv5rvsm25p7ahtfg4ult0mxydj4e6vj,1,2.1185389,1,2026-07-30 01:32,2026-07-30 01:32,bc1qc779m8gec84k3t0ffvu0pps94zheht7lr7ueyn,,https://mempool.space/address/bc1qkqwvwuuvv5rvsm25p7ahtfg4ult0mxydj4e6vj
bc1qcnwha6e3tn7c582l0sc8ud3jyzz3uw55dl2nhs,1,2.05533689,1,2026-07-30 01:32,2026-07-30 01:32,bc1qc779m8gec84k3t0ffvu0pps94zheht7lr7ueyn,,https://mempool.space/address/bc1qcnwha6e3tn7c582l0sc8ud3jyzz3uw55dl2nhs
39v2Na7whw4z7ZX7VJDKVWwwuZaUz7KzeM,1,2.04078857,1,2026-07-30 01:32,2026-07-30 01:32,bc1qc779m8gec84k3t0ffvu0pps94zheht7lr7ueyn,,https://mempool.space/address/39v2Na7whw4z7ZX7VJDKVWwwuZaUz7KzeM
1B8QY37sTQGUbq7BFQ1vRSGu7Nr3zvbCNX,1,2.0313548,1,2026-07-30 01:32,2026-07-30 01:32,bc1qc779m8gec84k3t0ffvu0pps94zheht7lr7ueyn,,https://mempool.space/address/1B8QY37sTQGUbq7BFQ1vRSGu7Nr3zvbCNX
bc1qhly3ses7jr2hxrgryguy50s96dph2tqu2v5l3u,1,2.01718885,1,2026-07-30 01:32,2026-07-30 01:32,bc1qc779m8gec84k3t0ffvu0pps94zheht7lr7ueyn,,https://mempool.space/address/bc1qhly3ses7jr2hxrgryguy50s96dph2tqu2v5l3u
bc1q3xgv26d953pgxwykszyyv2522vez5x6ygflxcd,1,1.99996136,1,2026-07-30 01:32,2026-07-30 01:32,bc1qc779m8gec84k3t0ffvu0pps94zheht7lr7ueyn,,https://mempool.space/address/bc1q3xgv26d953pgxwykszyyv2522vez5x6ygflxcd
bc1q2gmm5l9ltnumhc6p5as6zlmu6m3jxz50fjcq99,1,1.99996136,1,2026-07-30 01:32,2026-07-30 01:32,bc1qc779m8gec84k3t0ffvu0pps94zheht7lr7ueyn,,https://mempool.space/address/bc1q2gmm5l9ltnumhc6p5as6zlmu6m3jxz50fjcq99
bc1qt06wuvu9hgu23w82p2watz7gjm5vtwkn9mnyxl,1,1.99996136,1,2026-07-30 01:32,2026-07-30 01:32,bc1qc779m8gec84k3t0ffvu0pps94zheht7lr7ueyn,,https://mempool.space/address/bc1qt06wuvu9hgu23w82p2watz7gjm5vtwkn9mnyxl
bc1qth7cphk2rve3amx29rwv90c4sahh27k4uxh28r,1,1.99994355,1,2026-07-30 01:32,2026-07-30 01:32,bc1qc779m8gec84k3t0ffvu0pps94zheht7lr7ueyn,,https://mempool.space/address/bc1qth7cphk2rve3amx29rwv90c4sahh27k4uxh28r
bc1qrpzmp0e90ja9960da4xufg6p7fmngdqydj3c6a,1,1.96784772,1,2026-07-30 01:32,2026-07-30 01:32,bc1qc779m8gec84k3t0ffvu0pps94zheht7lr7ueyn,,https://mempool.space/address/bc1qrpzmp0e90ja9960da4xufg6p7fmngdqydj3c6a
bc1q4tj5lr7k54nlnzg4nkxdknk0lesve07uxwlmua,1,1.89184594,1,2026-07-30 01:32,2026-07-30 01:32,bc1qc779m8gec84k3t0ffvu0pps94zheht7lr7ueyn,,https://mempool.space/address/bc1q4tj5lr7k54nlnzg4nkxdknk0lesve07uxwlmua
bc1qkd2d5xqvafcs78r4dv09r5xg6f68mnukuzp0z9,1,1.85688456,1,2026-07-30 01:32,2026-07-30 01:32,bc1qc779m8gec84k3t0ffvu0pps94zheht7lr7ueyn,,https://mempool.space/address/bc1qkd2d5xqvafcs78r4dv09r5xg6f68mnukuzp0z9
bc1qa3ue9mqm896jgwpa9xame7matx9lv2nluy4nvx,1,1.79955995,1,2026-07-30 01:32,2026-07-30 01:32,bc1qc779m8gec84k3t0ffvu0pps94zheht7lr7ueyn,,https://mempool.space/address/bc1qa3ue9mqm896jgwpa9xame7matx9lv2nluy4nvx
bc1qfyfh9syff4vu0f4h9g7n50uyekd727ymfdahem,1,1.7738354,1,2026-07-30 01:32,2026-07-30 01:32,bc1qc779m8gec84k3t0ffvu0pps94zheht7lr7ueyn,,https://mempool.space/address/bc1qfyfh9syff4vu0f4h9g7n50uyekd727ymfdahem
bc1qkl0vnmh5uuzgprwg960nd309hja80s226z58xc,1,1.76797325,1,2026-07-30 01:32,2026-07-30 01:32,bc1qc779m8gec84k3t0ffvu0pps94zheht7lr7ueyn,,https://mempool.space/address/bc1qkl0vnmh5uuzgprwg960nd309hja80s226z58xc
bc1qk2a0gszr97mavtdnysm4n3ddhu4u773n02n0z8,1,1.76765745,1,2026-07-30 01:32,2026-07-30 01:32,bc1qc779m8gec84k3t0ffvu0pps94zheht7lr7ueyn,,https://mempool.space/address/bc1qk2a0gszr97mavtdnysm4n3ddhu4u773n02n0z8
bc1q4hhaf3u6xxgxuuzdr2ghaymqreszph4zzm05w2,1,1.7632183,1,2026-07-30 01:32,2026-07-30 01:32,bc1qc779m8gec84k3t0ffvu0pps94zheht7lr7ueyn,,https://mempool.space/address/bc1q4hhaf3u6xxgxuuzdr2ghaymqreszph4zzm05w2
bc1qwh2h4vyjcg0wu0ttmsdqunejp6sejndfwn3trk,1,1.76305274,1,2026-07-30 01:32,2026-07-30 01:32,bc1qc779m8gec84k3t0ffvu0pps94zheht7lr7ueyn,,https://mempool.space/address/bc1qwh2h4vyjcg0wu0ttmsdqunejp6sejndfwn3trk
bc1qpfz2k09m7gn9zznpm9lasd2wkvswlrz7ngla8z,1,1.73054686,1,2026-07-30 01:32,2026-07-30 01:32,bc1qc779m8gec84k3t0ffvu0pps94zheht7lr7ueyn,,https://mempool.space/address/bc1qpfz2k09m7gn9zznpm9lasd2wkvswlrz7ngla8z
bc1qqsjvjhdy4dn2dm3hxenjan8r3f5f33x4gavrw4,1,1.69994264,1,2026-07-30 01:32,2026-07-30 01:32,bc1qc779m8gec84k3t0ffvu0pps94zheht7lr7ueyn,,https://mempool.space/address/bc1qqsjvjhdy4dn2dm3hxenjan8r3f5f33x4gavrw4
bc1q99u45yueke4jwy0etrfa2e8gdtmjpszgtcm2k0,1,1.66886588,1,2026-07-30 01:32,2026-07-30 01:32,bc1qc779m8gec84k3t0ffvu0pps94zheht7lr7ueyn,,https://mempool.space/address/bc1q99u45yueke4jwy0etrfa2e8gdtmjpszgtcm2k0
bc1qmkfs4qdny6ftcd3683x9pmr44kfhlhzwc75syq,1,1.51515592,1,2026-07-30 01:32,2026-07-30 01:32,bc1qc779m8gec84k3t0ffvu0pps94zheht7lr7ueyn,,https://mempool.space/address/bc1qmkfs4qdny6ftcd3683x9pmr44kfhlhzwc75syq
bc1quffptmun6sxkcsvnqm3w5arczj8hzdvd4rtqea,1,1.499967,1,2026-07-30 01:32,2026-07-30 01:32,bc1qc779m8gec84k3t0ffvu0pps94zheht7lr7ueyn,,https://mempool.space/address/bc1quffptmun6sxkcsvnqm3w5arczj8hzdvd4rtqea
bc1qdaue5zh0jftamzxg7grcmf8z9lumsm9j4uuxww,1,1.48266124,1,2026-07-30 01:32,2026-07-30 01:32,bc1qc779m8gec84k3t0ffvu0pps94zheht7lr7ueyn,,https://mempool.space/address/bc1qdaue5zh0jftamzxg7grcmf8z9lumsm9j4uuxww
bc1qc54j3cwajyxmt8mg4cqu87fgk4gfy7zzp8ay7u,1,1.417845,1,2026-07-30 01:32,2026-07-30 01:32,bc1qc779m8gec84k3t0ffvu0pps94zheht7lr7ueyn,,https://mempool.space/address/bc1qc54j3cwajyxmt8mg4cqu87fgk4gfy7zzp8ay7u
bc1qcmkzqz6svprg4tmgr9qndcjq9rzknfetcwvs46,1,1.41711741,1,2026-07-30 01:32,2026-07-30 01:32,bc1qc779m8gec84k3t0ffvu0pps94zheht7lr7ueyn,,https://mempool.space/address/bc1qcmkzqz6svprg4tmgr9qndcjq9rzknfetcwvs46
bc1qtd8pzglxqdaugzvj4m5xgjmug3jwgan9ypuvha,1,1.3634821,1,2026-07-30 01:32,2026-07-30 01:32,bc1qc779m8gec84k3t0ffvu0pps94zheht7lr7ueyn,,https://mempool.space/address/bc1qtd8pzglxqdaugzvj4m5xgjmug3jwgan9ypuvha
bc1qturry725w0csnhvy7eh3efw8fnw47rjd7dpldq,1,1.33464867,1,2026-07-30 01:32,2026-07-30 01:32,bc1qc779m8gec84k3t0ffvu0pps94zheht7lr7ueyn,,https://mempool.space/address/bc1qturry725w0csnhvy7eh3efw8fnw47rjd7dpldq
bc1qecm9uhnugc3uxvcjwjtgw7lx0kk6atkrv2g0ku,1,1.32021813,1,2026-07-30 01:32,2026-07-30 01:32,bc1qc779m8gec84k3t0ffvu0pps94zheht7lr7ueyn,,https://mempool.space/address/bc1qecm9uhnugc3uxvcjwjtgw7lx0kk6atkrv2g0ku
bc1q98mxdm7pgj4ktc8kjyghw3deh27s2dv523zv77,1,1.3113131,1,2026-07-30 01:32,2026-07-30 01:32,bc1qc779m8gec84k3t0ffvu0pps94zheht7lr7ueyn,,https://mempool.space/address/bc1q98mxdm7pgj4ktc8kjyghw3deh27s2dv523zv77
bc1qwj6selj6thmcpnx4nkv55ghdsz6udd6ndgdm9w,1,1.3110314,1,2026-07-30 01:32,2026-07-30 01:32,bc1qc779m8gec84k3t0ffvu0pps94zheht7lr7ueyn,,https://mempool.space/address/bc1qwj6selj6thmcpnx4nkv55ghdsz6udd6ndgdm9w
bc1quh5e49ly3qgrqu8u9q3asn5yz03zzfm7lyxsef,1,1.30990336,1,2026-07-30 01:32,2026-07-30 01:32,bc1qc779m8gec84k3t0ffvu0pps94zheht7lr7ueyn,,https://mempool.space/address/bc1quh5e49ly3qgrqu8u9q3asn5yz03zzfm7lyxsef
bc1qwtwgx6s5kteqar6yh55j4glgx92atttj35qy6e,1,1.2826305,1,2026-07-30 01:32,2026-07-30 01:32,bc1qc779m8gec84k3t0ffvu0pps94zheht7lr7ueyn,,https://mempool.space/address/bc1qwtwgx6s5kteqar6yh55j4glgx92atttj35qy6e
bc1qrmjdwxvv29t5pjkxqjajd8fxc4gdvnsyz34443,1,1.28095542,1,2026-07-30 01:32,2026-07-30 01:32,bc1qc779m8gec84k3t0ffvu0pps94zheht7lr7ueyn,,https://mempool.space/address/bc1qrmjdwxvv29t5pjkxqjajd8fxc4gdvnsyz34443
bc1qn97m0ec757c0lz02ucewzfkdjsemmv8z9ypmmk,1,1.217767,1,2026-07-30 01:32,2026-07-30 01:32,bc1qc779m8gec84k3t0ffvu0pps94zheht7lr7ueyn,,https://mempool.space/address/bc1qn97m0ec757c0lz02ucewzfkdjsemmv8z9ypmmk
bc1qaln0usvvecwz6wzz9mqa07hfwz9aemr8vx8urg,1,1.199967,1,2026-07-30 01:32,2026-07-30 01:32,bc1qc779m8gec84k3t0ffvu0pps94zheht7lr7ueyn,,https://mempool.space/address/bc1qaln0usvvecwz6wzz9mqa07hfwz9aemr8vx8urg
bc1qfqns8xtx0v5sy9zcnd0kn8jdjafhejzj2m8lwm,1,1.13104741,1,2026-07-30 01:32,2026-07-30 01:32,bc1qc779m8gec84k3t0ffvu0pps94zheht7lr7ueyn,,https://mempool.space/address/bc1qfqns8xtx0v5sy9zcnd0kn8jdjafhejzj2m8lwm
bc1qzfnxw8r8hdzmfkqtnmmftm8ksp8jy7sn03kgm4,1,1.10651844,1,2026-07-30 01:32,2026-07-30 01:32,bc1qc779m8gec84k3t0ffvu0pps94zheht7lr7ueyn,,https://mempool.space/address/bc1qzfnxw8r8hdzmfkqtnmmftm8ksp8jy7sn03kgm4
bc1qe03nu3en8vqhq0a5veyluvqqf3f5qemzu4mfxf,1,1.08095903,1,2026-07-30 01:32,2026-07-30 01:32,bc1qc779m8gec84k3t0ffvu0pps94zheht7lr7ueyn,,https://mempool.space/address/bc1qe03nu3en8vqhq0a5veyluvqqf3f5qemzu4mfxf
bc1qkjsjaqsxvhvtg7yt99farc440k7mmdz03zgxeq,1,1.064277,1,2026-07-30 01:32,2026-07-30 01:32,bc1qc779m8gec84k3t0ffvu0pps94zheht7lr7ueyn,,https://mempool.space/address/bc1qkjsjaqsxvhvtg7yt99farc440k7mmdz03zgxeq
bc1q66wppxxnjg3qa4jzkvhms6mx4jlgmvg66tg00w,1,1.05981268,1,2026-07-30 01:32,2026-07-30 01:32,bc1qc779m8gec84k3t0ffvu0pps94zheht7lr7ueyn,,https://mempool.space/address/bc1q66wppxxnjg3qa4jzkvhms6mx4jlgmvg66tg00w
bc1qh8ccwg2c0vyswme0nxf6jj4xcj79mzx98vw6y5,1,1.055088,1,2026-07-30 01:32,2026-07-30 01:32,bc1qc779m8gec84k3t0ffvu0pps94zheht7lr7ueyn,,https://mempool.space/address/bc1qh8ccwg2c0vyswme0nxf6jj4xcj79mzx98vw6y5
bc1qz3m6dhp9tku9dvsxftrzaemdjctgma4m6xcpfq,1,1.04315617,1,2026-07-30 01:32,2026-07-30 01:32,bc1qc779m8gec84k3t0ffvu0pps94zheht7lr7ueyn,,https://mempool.space/address/bc1qz3m6dhp9tku9dvsxftrzaemdjctgma4m6xcpfq
bc1qensuqjgr8pdluf79yqg6dcls994wxsp7tya7gn,1,1.01574165,1,2026-07-30 01:32,2026-07-30 01:32,bc1qc779m8gec84k3t0ffvu0pps94zheht7lr7ueyn,,https://mempool.space/address/bc1qensuqjgr8pdluf79yqg6dcls994wxsp7tya7gn
bc1qsnmd43pdc5a3uypvycgpz9p34688l050f47p7k,1,1.000703,1,2026-07-30 01:32,2026-07-30 01:32,bc1qc779m8gec84k3t0ffvu0pps94zheht7lr7ueyn,,https://mempool.space/address/bc1qsnmd43pdc5a3uypvycgpz9p34688l050f47p7k
bc1qxfkspya7vrdntzxc6dj8005hjvk6uhx5zmtet6,1,1.0003466,1,2026-07-30 01:32,2026-07-30 01:32,bc1qc779m8gec84k3t0ffvu0pps94zheht7lr7ueyn,,https://mempool.space/address/bc1qxfkspya7vrdntzxc6dj8005hjvk6uhx5zmtet6
bc1qrqw5jta30nafmk3jzf9c8kdwj6acqylt3pk8a7,1,0.999967,1,2026-07-30 01:32,2026-07-30 01:32,bc1qc779m8gec84k3t0ffvu0pps94zheht7lr7ueyn,,https://mempool.space/address/bc1qrqw5jta30nafmk3jzf9c8kdwj6acqylt3pk8a7
bc1qcwupvktd4r7khz0ap9qpnzky89zs8h9kmchnsk,1,0.999967,1,2026-07-30 01:32,2026-07-30 01:32,bc1qc779m8gec84k3t0ffvu0pps94zheht7lr7ueyn,,https://mempool.space/address/bc1qcwupvktd4r7khz0ap9qpnzky89zs8h9kmchnsk
bc1qkcryy75y5kh2tenzt9zgj4y2644dtgmnk5a6dj,1,0.999967,1,2026-07-30 01:32,2026-07-30 01:32,bc1qc779m8gec84k3t0ffvu0pps94zheht7lr7ueyn,,https://mempool.space/address/bc1qkcryy75y5kh2tenzt9zgj4y2644dtgmnk5a6dj
bc1qxdf5zqrql4u3cwcl0cjm7ftjn5ve4s0afkj9uz,1,0.999967,1,2026-07-30 01:32,2026-07-30 01:32,bc1qc779m8gec84k3t0ffvu0pps94zheht7lr7ueyn,,https://mempool.space/address/bc1qxdf5zqrql4u3cwcl0cjm7ftjn5ve4s0afkj9uz
bc1q06cwdttgmtnznghdkcq2xqsljjjwv6sdns7r66,1,0.999967,1,2026-07-30 01:32,2026-07-30 01:32,bc1qc779m8gec84k3t0ffvu0pps94zheht7lr7ueyn,,https://mempool.space/address/bc1q06cwdttgmtnznghdkcq2xqsljjjwv6sdns7r66
bc1q8r7r5trlzjpwqntg456ncvtwxmjeckyypvfy4v,1,0.999967,1,2026-07-30 01:32,2026-07-30 01:32,bc1qc779m8gec84k3t0ffvu0pps94zheht7lr7ueyn,,https://mempool.space/address/bc1q8r7r5trlzjpwqntg456ncvtwxmjeckyypvfy4v
bc1q24ewl4njx8t85v3rg9k5q8wnn43hjrfxnt4vz4,1,0.999967,1,2026-07-30 01:32,2026-07-30 01:32,bc1qc779m8gec84k3t0ffvu0pps94zheht7lr7ueyn,,https://mempool.space/address/bc1q24ewl4njx8t85v3rg9k5q8wnn43hjrfxnt4vz4
bc1q5gw680490uhk9knc4mhu65plzmvuvnv240ngd8,1,0.999967,1,2026-07-30 01:32,2026-07-30 01:32,bc1qc779m8gec84k3t0ffvu0pps94zheht7lr7ueyn,,https://mempool.space/address/bc1q5gw680490uhk9knc4mhu65plzmvuvnv240ngd8
bc1qkhluy0g6z7y2zlx7jddrecuvyav5tws0ptz0xx,1,0.999967,1,2026-07-30 01:32,2026-07-30 01:32,bc1qc779m8gec84k3t0ffvu0pps94zheht7lr7ueyn,,https://mempool.space/address/bc1qkhluy0g6z7y2zlx7jddrecuvyav5tws0ptz0xx
bc1q4n643mmd2tvmmx2kn6pl7qtxnv0kutx626w5ja,1,0.999967,1,2026-07-30 01:32,2026-07-30 01:32,bc1qc779m8gec84k3t0ffvu0pps94zheht7lr7ueyn,,https://mempool.space/address/bc1q4n643mmd2tvmmx2kn6pl7qtxnv0kutx626w5ja
bc1qlwyteryzznyy4s9cde5dw77n3hxdwqpkyuudf6,1,0.999967,1,2026-07-30 01:32,2026-07-30 01:32,bc1qc779m8gec84k3t0ffvu0pps94zheht7lr7ueyn,,https://mempool.space/address/bc1qlwyteryzznyy4s9cde5dw77n3hxdwqpkyuudf6
bc1qyun4v6t8rduvdfelu4mdcew8gqxlu5h5feqcne,1,0.999967,1,2026-07-30 01:32,2026-07-30 01:32,bc1qc779m8gec84k3t0ffvu0pps94zheht7lr7ueyn,,https://mempool.space/address/bc1qyun4v6t8rduvdfelu4mdcew8gqxlu5h5feqcne
bc1qccjrdc4lx6da23wtdml0uj8hclhegy0cg8c3r2,1,0.9999639,1,2026-07-30 01:32,2026-07-30 01:32,bc1qc779m8gec84k3t0ffvu0pps94zheht7lr7ueyn,,https://mempool.space/address/bc1qccjrdc4lx6da23wtdml0uj8hclhegy0cg8c3r2
bc1qhm9njw85mxucxy2fexh48ph9wpfqh4ntt72jvu,1,0.9999466,1,2026-07-30 01:32,2026-07-30 01:32,bc1qc779m8gec84k3t0ffvu0pps94zheht7lr7ueyn,,https://mempool.space/address/bc1qhm9njw85mxucxy2fexh48ph9wpfqh4ntt72jvu
bc1qns86e7vjp0mu0353gnrh3380mh692q4afsueff,1,0.99237981,1,2026-07-30 01:32,2026-07-30 01:32,bc1qc779m8gec84k3t0ffvu0pps94zheht7lr7ueyn,,https://mempool.space/address/bc1qns86e7vjp0mu0353gnrh3380mh692q4afsueff
bc1qzm0sm5665erc53ryn8thh5zvtyznmy0nkkjw5t,1,0.98316218,1,2026-07-30 01:32,2026-07-30 01:32,bc1qc779m8gec84k3t0ffvu0pps94zheht7lr7ueyn,,https://mempool.space/address/bc1qzm0sm5665erc53ryn8thh5zvtyznmy0nkkjw5t
bc1q8eq38rfq4mzfeem7d3f99nn8cjld4h4h5lh32v,1,0.96990022,1,2026-07-30 01:32,2026-07-30 01:32,bc1qc779m8gec84k3t0ffvu0pps94zheht7lr7ueyn,,https://mempool.space/address/bc1q8eq38rfq4mzfeem7d3f99nn8cjld4h4h5lh32v
bc1qkskf7wdfm0cej6hf5jmy7mjs30al6tjc7nkqe3,1,0.87375437,1,2026-07-30 01:32,2026-07-30 01:32,bc1qc779m8gec84k3t0ffvu0pps94zheht7lr7ueyn,,https://mempool.space/address/bc1qkskf7wdfm0cej6hf5jmy7mjs30al6tjc7nkqe3
bc1qs2rc3dmzza3aqeh3q8lmugqrqax9slpsrgak7d,1,0.85060142,1,2026-07-30 01:32,2026-07-30 01:32,bc1qc779m8gec84k3t0ffvu0pps94zheht7lr7ueyn,,https://mempool.space/address/bc1qs2rc3dmzza3aqeh3q8lmugqrqax9slpsrgak7d
bc1qtadjpt5uzcumnr5dngreq6zjdtrl0cw4x5dkxm,1,0.798967,1,2026-07-30 01:32,2026-07-30 01:32,bc1qc779m8gec84k3t0ffvu0pps94zheht7lr7ueyn,,https://mempool.space/address/bc1qtadjpt5uzcumnr5dngreq6zjdtrl0cw4x5dkxm
bc1qmteek9fhg39tqglxdhm96gmju8rp8xcg9v9azy,1,0.76176965,1,2026-07-30 01:32,2026-07-30 01:32,bc1qc779m8gec84k3t0ffvu0pps94zheht7lr7ueyn,,https://mempool.space/address/bc1qmteek9fhg39tqglxdhm96gmju8rp8xcg9v9azy
bc1qd5hat6vk9cy0hhvhhqcgp7dle5eh0j8206w6fx,1,0.75354874,1,2026-07-30 01:32,2026-07-30 01:32,bc1qc779m8gec84k3t0ffvu0pps94zheht7lr7ueyn,,https://mempool.space/address/bc1qd5hat6vk9cy0hhvhhqcgp7dle5eh0j8206w6fx
bc1qrf7naqs9zqar85rm5whf3k2j5ce8e2x0q4qgc0,1,0.75209742,1,2026-07-30 01:32,2026-07-30 01:32,bc1qc779m8gec84k3t0ffvu0pps94zheht7lr7ueyn,,https://mempool.space/address/bc1qrf7naqs9zqar85rm5whf3k2j5ce8e2x0q4qgc0
bc1q8fgg9vf4hgaezhsscksqmvwq732x22stcm95z0,1,0.73252525,1,2026-07-30 01:32,2026-07-30 01:32,bc1qc779m8gec84k3t0ffvu0pps94zheht7lr7ueyn,,https://mempool.space/address/bc1q8fgg9vf4hgaezhsscksqmvwq732x22stcm95z0
bc1qmvr23t6nzw69lz7p9wx536703fjnkwvjsjkjnw,1,0.72526569,1,2026-07-30 01:32,2026-07-30 01:32,bc1qc779m8gec84k3t0ffvu0pps94zheht7lr7ueyn,,https://mempool.space/address/bc1qmvr23t6nzw69lz7p9wx536703fjnkwvjsjkjnw
bc1qf3dkn5tjtsjlf0mg3re2sfvaxu08f2lgur04sc,1,0.6999637,1,2026-07-30 01:32,2026-07-30 01:32,bc1qc779m8gec84k3t0ffvu0pps94zheht7lr7ueyn,,https://mempool.space/address/bc1qf3dkn5tjtsjlf0mg3re2sfvaxu08f2lgur04sc
bc1qhd83f6r23luy7sd29s8adhcrt55awp49s08shs,1,0.68169585,1,2026-07-30 01:32,2026-07-30 01:32,bc1qc779m8gec84k3t0ffvu0pps94zheht7lr7ueyn,,https://mempool.space/address/bc1qhd83f6r23luy7sd29s8adhcrt55awp49s08shs
bc1qvp6wsdz623sfhtj9qkqe79a6nylf5tzj7vtdwd,1,0.66812953,1,2026-07-30 01:32,2026-07-30 01:32,bc1qc779m8gec84k3t0ffvu0pps94zheht7lr7ueyn,,https://mempool.space/address/bc1qvp6wsdz623sfhtj9qkqe79a6nylf5tzj7vtdwd
bc1qnhmm448a6qew3k34ekte5cju47r6zef2wks99v,1,0.66761944,1,2026-07-30 01:32,2026-07-30 01:32,bc1qc779m8gec84k3t0ffvu0pps94zheht7lr7ueyn,,https://mempool.space/address/bc1qnhmm448a6qew3k34ekte5cju47r6zef2wks99v
bc1qyc7m08ujr83svpjp9hvszql9r4un39crs9u6n5,1,0.66385196,1,2026-07-30 01:32,2026-07-30 01:32,bc1qc779m8gec84k3t0ffvu0pps94zheht7lr7ueyn,,https://mempool.space/address/bc1qyc7m08ujr83svpjp9hvszql9r4un39crs9u6n5
bc1q73tswlzr95q95c9wdle6gdyav0t5a2sd3y2uw5,1,0.660027,1,2026-07-30 01:32,2026-07-30 01:32,bc1qc779m8gec84k3t0ffvu0pps94zheht7lr7ueyn,,https://mempool.space/address/bc1q73tswlzr95q95c9wdle6gdyav0t5a2sd3y2uw5
bc1qqf9ackvlmlgu3zenta552rwle5hrpx52qvdu5h,1,0.65941364,1,2026-07-30 01:32,2026-07-30 01:32,bc1qc779m8gec84k3t0ffvu0pps94zheht7lr7ueyn,,https://mempool.space/address/bc1qqf9ackvlmlgu3zenta552rwle5hrpx52qvdu5h
bc1qehmr6tvhcawa73snmqfsv0a2xmza6ksc5nfggw,1,0.64594982,1,2026-07-30 01:32,2026-07-30 01:32,bc1qc779m8gec84k3t0ffvu0pps94zheht7lr7ueyn,,https://mempool.space/address/bc1qehmr6tvhcawa73snmqfsv0a2xmza6ksc5nfggw
bc1q8mzvxexvgnnw5y48xzpllg2lkj33f62s5q8tt5,1,0.63336011,1,2026-07-30 01:32,2026-07-30 01:32,bc1qc779m8gec84k3t0ffvu0pps94zheht7lr7ueyn,,https://mempool.space/address/bc1q8mzvxexvgnnw5y48xzpllg2lkj33f62s5q8tt5
bc1qzhzsw4aelhwpc9eh03s3g544thn3v80t373eqa,1,0.6249582,1,2026-07-30 01:32,2026-07-30 01:32,bc1qc779m8gec84k3t0ffvu0pps94zheht7lr7ueyn,,https://mempool.space/address/bc1qzhzsw4aelhwpc9eh03s3g544thn3v80t373eqa
bc1qax80vs70kp026m58nzrggvm8lseem9nwh4zs9h,1,0.58679347,1,2026-07-30 01:32,2026-07-30 01:32,bc1qc779m8gec84k3t0ffvu0pps94zheht7lr7ueyn,,https://mempool.space/address/bc1qax80vs70kp026m58nzrggvm8lseem9nwh4zs9h
bc1qxq7txj7fu33mn0d2dn39ga2ky988gdkpl3usen,1,0.585037,1,2026-07-30 01:32,2026-07-30 01:32,bc1qc779m8gec84k3t0ffvu0pps94zheht7lr7ueyn,,https://mempool.space/address/bc1qxq7txj7fu33mn0d2dn39ga2ky988gdkpl3usen
bc1qjxv5pze2zpc3juxusc3c8vhs393t4m2few3h9s,1,0.58069628,1,2026-07-30 01:32,2026-07-30 01:32,bc1qc779m8gec84k3t0ffvu0pps94zheht7lr7ueyn,,https://mempool.space/address/bc1qjxv5pze2zpc3juxusc3c8vhs393t4m2few3h9s
bc1qrj0fmznmfjsxlps4788xcq04leqd5k6k0cw0zn,1,0.54901195,1,2026-07-30 01:32,2026-07-30 01:32,bc1qc779m8gec84k3t0ffvu0pps94zheht7lr7ueyn,,https://mempool.space/address/bc1qrj0fmznmfjsxlps4788xcq04leqd5k6k0cw0zn
bc1q6tzewv66p2trye8xtk9whcu07f3xedfhhh0w8h,1,0.54623639,1,2026-07-30 01:32,2026-07-30 01:32,bc1qc779m8gec84k3t0ffvu0pps94zheht7lr7ueyn,,https://mempool.space/address/bc1q6tzewv66p2trye8xtk9whcu07f3xedfhhh0w8h
bc1qy8qf49dsjrtw6a0gsxemzdzpq8mu5ju54s7f3m,1,0.54607357,1,2026-07-30 01:32,2026-07-30 01:32,bc1qc779m8gec84k3t0ffvu0pps94zheht7lr7ueyn,,https://mempool.space/address/bc1qy8qf49dsjrtw6a0gsxemzdzpq8mu5ju54s7f3m
bc1qvr6qjv036j9jnz5rdpht9zv3a4wmvukkpu68yg,1,0.5221163,1,2026-07-30 01:32,2026-07-30 01:32,bc1qc779m8gec84k3t0ffvu0pps94zheht7lr7ueyn,,https://mempool.space/address/bc1qvr6qjv036j9jnz5rdpht9zv3a4wmvukkpu68yg
bc1qmm5hr48r2k5lgljy70tlx2lmfkjxgvct5mwluw,1,0.52003453,1,2026-07-30 01:32,2026-07-30 01:32,bc1qc779m8gec84k3t0ffvu0pps94zheht7lr7ueyn,,https://mempool.space/address/bc1qmm5hr48r2k5lgljy70tlx2lmfkjxgvct5mwluw
bc1q8e3syqnfsd4q2nyj3wg35dyfqmpql7fxj8dm4n,1,0.51618495,1,2026-07-30 01:32,2026-07-30 01:32,bc1qc779m8gec84k3t0ffvu0pps94zheht7lr7ueyn,,https://mempool.space/address/bc1q8e3syqnfsd4q2nyj3wg35dyfqmpql7fxj8dm4n
bc1qkpk2jrm8d50zc0hyyre78v68adve8ee8wam7g4,1,0.50374934,1,2026-07-30 01:32,2026-07-30 01:32,bc1qc779m8gec84k3t0ffvu0pps94zheht7lr7ueyn,,https://mempool.space/address/bc1qkpk2jrm8d50zc0hyyre78v68adve8ee8wam7g4
bc1qyqdrfj6a6gn2hjhulj4093yjzqvgtteex8thwe,1,0.499967,1,2026-07-30 01:32,2026-07-30 01:32,bc1qc779m8gec84k3t0ffvu0pps94zheht7lr7ueyn,,https://mempool.space/address/bc1qyqdrfj6a6gn2hjhulj4093yjzqvgtteex8thwe
bc1qn4zfxx859qe0gcts7t2lr4ruxddusuq7e4r8qt,1,0.499967,1,2026-07-30 01:32,2026-07-30 01:32,bc1qc779m8gec84k3t0ffvu0pps94zheht7lr7ueyn,,https://mempool.space/address/bc1qn4zfxx859qe0gcts7t2lr4ruxddusuq7e4r8qt
bc1qs2mpgkra7zccmukp6h4vyxhrfd65krwh5ttprf,1,0.499967,1,2026-07-30 01:32,2026-07-30 01:32,bc1qc779m8gec84k3t0ffvu0pps94zheht7lr7ueyn,,https://mempool.space/address/bc1qs2mpgkra7zccmukp6h4vyxhrfd65krwh5ttprf
bc1qmuq6mqv83tzz95d4weflwy7kzy3g3vjgxkxzs7,1,0.499967,1,2026-07-30 01:32,2026-07-30 01:32,bc1qc779m8gec84k3t0ffvu0pps94zheht7lr7ueyn,,https://mempool.space/address/bc1qmuq6mqv83tzz95d4weflwy7kzy3g3vjgxkxzs7
bc1qetqdfpuvn5lncm32u7jrnvvcvrsluvmfu39qzx,1,0.499967,1,2026-07-30 01:32,2026-07-30 01:32,bc1qc779m8gec84k3t0ffvu0pps94zheht7lr7ueyn,,https://mempool.space/address/bc1qetqdfpuvn5lncm32u7jrnvvcvrsluvmfu39qzx
bc1q3mjl3lacvr7avzs8xu9kp3qlj7wrmkshxdnajr,1,0.499967,1,2026-07-30 01:32,2026-07-30 01:32,bc1qc779m8gec84k3t0ffvu0pps94zheht7lr7ueyn,,https://mempool.space/address/bc1q3mjl3lacvr7avzs8xu9kp3qlj7wrmkshxdnajr
bc1q4wl2s57yzxcpx5enlk4y7fsktg7yvgeufn8amd,1,0.499967,1,2026-07-30 01:32,2026-07-30 01:32,bc1qc779m8gec84k3t0ffvu0pps94zheht7lr7ueyn,,https://mempool.space/address/bc1q4wl2s57yzxcpx5enlk4y7fsktg7yvgeufn8amd
bc1quy2zdup33c9mt6srlqytxqguwkdqgezlcae34v,1,0.499967,1,2026-07-30 01:32,2026-07-30 01:32,bc1qc779m8gec84k3t0ffvu0pps94zheht7lr7ueyn,,https://mempool.space/address/bc1quy2zdup33c9mt6srlqytxqguwkdqgezlcae34v
bc1qv6d2np3gr7jpxapy82utlxsvfkcpzqjztuuelz,1,0.499967,1,2026-07-30 01:32,2026-07-30 01:32,bc1qc779m8gec84k3t0ffvu0pps94zheht7lr7ueyn,,https://mempool.space/address/bc1qv6d2np3gr7jpxapy82utlxsvfkcpzqjztuuelz
bc1qq3z38y6vfe77zjmwcl3yr0ynhjeut0sftvwawt,1,0.499967,1,2026-07-30 01:32,2026-07-30 01:32,bc1qc779m8gec84k3t0ffvu0pps94zheht7lr7ueyn,,https://mempool.space/address/bc1qq3z38y6vfe77zjmwcl3yr0ynhjeut0sftvwawt
bc1q3kjtsqzwkp3tyg8vek5qzkuzpjrz90h4tlyw2q,1,0.499967,1,2026-07-30 01:32,2026-07-30 01:32,bc1qc779m8gec84k3t0ffvu0pps94zheht7lr7ueyn,,https://mempool.space/address/bc1q3kjtsqzwkp3tyg8vek5qzkuzpjrz90h4tlyw2q
bc1q5tn9u0azqtzhfnwcykjylvlqfr597xnnhjeyz5,1,0.499967,1,2026-07-30 01:32,2026-07-30 01:32,bc1qc779m8gec84k3t0ffvu0pps94zheht7lr7ueyn,,https://mempool.space/address/bc1q5tn9u0azqtzhfnwcykjylvlqfr597xnnhjeyz5
bc1q2ux4zgsy7p2yha0dx5dcjgr2780tqq64yrhpad,1,0.499967,1,2026-07-30 01:32,2026-07-30 01:32,bc1qc779m8gec84k3t0ffvu0pps94zheht7lr7ueyn,,https://mempool.space/address/bc1q2ux4zgsy7p2yha0dx5dcjgr2780tqq64yrhpad
bc1qd6e7gacf6mnepjqqulfwdup3r4a8d43y0ql74e,1,0.499967,1,2026-07-30 01:32,2026-07-30 01:32,bc1qc779m8gec84k3t0ffvu0pps94zheht7lr7ueyn,,https://mempool.space/address/bc1qd6e7gacf6mnepjqqulfwdup3r4a8d43y0ql74e
bc1qtz075g28lzvt34vcepdp5fgyhjvpdng2kg6yax,1,0.499967,1,2026-07-30 01:32,2026-07-30 01:32,bc1qc779m8gec84k3t0ffvu0pps94zheht7lr7ueyn,,https://mempool.space/address/bc1qtz075g28lzvt34vcepdp5fgyhjvpdng2kg6yax
bc1q2pxwnff0ahtckp8n0xuh7pgtgc6xncthg6y6m6,1,0.499967,1,2026-07-30 01:32,2026-07-30 01:32,bc1qc779m8gec84k3t0ffvu0pps94zheht7lr7ueyn,,https://mempool.space/address/bc1q2pxwnff0ahtckp8n0xuh7pgtgc6xncthg6y6m6
bc1q7m33pysnf0zcv4zv0n9wyvw2zfq3avpgs82gm8,1,0.499967,1,2026-07-30 01:32,2026-07-30 01:32,bc1qc779m8gec84k3t0ffvu0pps94zheht7lr7ueyn,,https://mempool.space/address/bc1q7m33pysnf0zcv4zv0n9wyvw2zfq3avpgs82gm8
bc1qnxlmwdway0efl8h0u5x2kvc48y6hlpppaknpzs,1,0.499967,1,2026-07-30 01:32,2026-07-30 01:32,bc1qc779m8gec84k3t0ffvu0pps94zheht7lr7ueyn,,https://mempool.space/address/bc1qnxlmwdway0efl8h0u5x2kvc48y6hlpppaknpzs
bc1qs7pktwdv6hm5ehg7ze6whyyldjkry9sws0wt0l,1,0.499967,1,2026-07-30 01:32,2026-07-30 01:32,bc1qc779m8gec84k3t0ffvu0pps94zheht7lr7ueyn,,https://mempool.space/address/bc1qs7pktwdv6hm5ehg7ze6whyyldjkry9sws0wt0l
bc1qzfdvptvuuxls6m02at36wudxnwd2p2v2xxrmed,1,0.499967,1,2026-07-30 01:32,2026-07-30 01:32,bc1qc779m8gec84k3t0ffvu0pps94zheht7lr7ueyn,,https://mempool.space/address/bc1qzfdvptvuuxls6m02at36wudxnwd2p2v2xxrmed
bc1qzq6jhtl5fhv8j8544w2dknxn45vnfqygum5tnj,1,0.499967,1,2026-07-30 01:32,2026-07-30 01:32,bc1qc779m8gec84k3t0ffvu0pps94zheht7lr7ueyn,,https://mempool.space/address/bc1qzq6jhtl5fhv8j8544w2dknxn45vnfqygum5tnj
bc1qnamwkyxnsan6mhcgnj8yadd9y3hunk7gyzpkjc,1,0.499967,1,2026-07-30 01:32,2026-07-30 01:32,bc1qc779m8gec84k3t0ffvu0pps94zheht7lr7ueyn,,https://mempool.space/address/bc1qnamwkyxnsan6mhcgnj8yadd9y3hunk7gyzpkjc
bc1qs85tr6jpx7ehy3ugl8vw69tua4ec4l0sewtvwl,1,0.499967,1,2026-07-30 01:32,2026-07-30 01:32,bc1qc779m8gec84k3t0ffvu0pps94zheht7lr7ueyn,,https://mempool.space/address/bc1qs85tr6jpx7ehy3ugl8vw69tua4ec4l0sewtvwl
bc1qvj3zgxne5287p7dngc69rz8387qewcsagrr66u,1,0.499967,1,2026-07-30 01:32,2026-07-30 01:32,bc1qc779m8gec84k3t0ffvu0pps94zheht7lr7ueyn,,https://mempool.space/address/bc1qvj3zgxne5287p7dngc69rz8387qewcsagrr66u
bc1q0makrkpz3xphf6wlu5v0zprst3w08rldctjj3t,1,0.499967,1,2026-07-30 01:32,2026-07-30 01:32,bc1qc779m8gec84k3t0ffvu0pps94zheht7lr7ueyn,,https://mempool.space/address/bc1q0makrkpz3xphf6wlu5v0zprst3w08rldctjj3t
bc1qxhrkkgxsccelt6rxnyu6xg0vseksg4lrkzagmx,1,0.499967,1,2026-07-30 01:32,2026-07-30 01:32,bc1qc779m8gec84k3t0ffvu0pps94zheht7lr7ueyn,,https://mempool.space/address/bc1qxhrkkgxsccelt6rxnyu6xg0vseksg4lrkzagmx
bc1qhfqcnm6vshlq6drlnrrp5eqa7c7a3flp5hjud8,1,0.499967,1,2026-07-30 01:32,2026-07-30 01:32,bc1qc779m8gec84k3t0ffvu0pps94zheht7lr7ueyn,,https://mempool.space/address/bc1qhfqcnm6vshlq6drlnrrp5eqa7c7a3flp5hjud8
bc1qq2f2g7g5xpz7thhuxky6k6qt2ghy27pwggxuhz,1,0.499967,1,2026-07-30 01:32,2026-07-30 01:32,bc1qc779m8gec84k3t0ffvu0pps94zheht7lr7ueyn,,https://mempool.space/address/bc1qq2f2g7g5xpz7thhuxky6k6qt2ghy27pwggxuhz
bc1q6k2n5cmsvqgpef7jjagysyqulrp4px7ffas0jw,1,0.499967,1,2026-07-30 01:32,2026-07-30 01:32,bc1qc779m8gec84k3t0ffvu0pps94zheht7lr7ueyn,,https://mempool.space/address/bc1q6k2n5cmsvqgpef7jjagysyqulrp4px7ffas0jw
bc1qrxyskzqn0m7nvzdkcpsgfz65c9u7dnu40vpl2v,1,0.499967,1,2026-07-30 01:32,2026-07-30 01:32,bc1qc779m8gec84k3t0ffvu0pps94zheht7lr7ueyn,,https://mempool.space/address/bc1qrxyskzqn0m7nvzdkcpsgfz65c9u7dnu40vpl2v
bc1qv50l6kkh0qcphqda0hqrs745eq67k6hnfkdjhf,1,0.499967,1,2026-07-30 01:32,2026-07-30 01:32,bc1qc779m8gec84k3t0ffvu0pps94zheht7lr7ueyn,,https://mempool.space/address/bc1qv50l6kkh0qcphqda0hqrs745eq67k6hnfkdjhf
bc1q0vkcwqkftzpc7yk03yd8zf2gaur330cw4qnsas,1,0.499967,1,2026-07-30 01:32,2026-07-30 01:32,bc1qc779m8gec84k3t0ffvu0pps94zheht7lr7ueyn,,https://mempool.space/address/bc1q0vkcwqkftzpc7yk03yd8zf2gaur330cw4qnsas
bc1qwf5f63jtcrmm8gwtxm22esygtmqdnq4mqw96gs,1,0.499967,1,2026-07-30 01:32,2026-07-30 01:32,bc1qc779m8gec84k3t0ffvu0pps94zheht7lr7ueyn,,https://mempool.space/address/bc1qwf5f63jtcrmm8gwtxm22esygtmqdnq4mqw96gs
bc1qv629r6mjqsjqmq73d2dkrq829japum0as6yc0f,1,0.499967,1,2026-07-30 01:32,2026-07-30 01:32,bc1qc779m8gec84k3t0ffvu0pps94zheht7lr7ueyn,,https://mempool.space/address/bc1qv629r6mjqsjqmq73d2dkrq829japum0as6yc0f
bc1qheuzc3zgh44gnaulk4ukxrts7p4fkxjar0lfvh,1,0.499967,1,2026-07-30 01:32,2026-07-30 01:32,bc1qc779m8gec84k3t0ffvu0pps94zheht7lr7ueyn,,https://mempool.space/address/bc1qheuzc3zgh44gnaulk4ukxrts7p4fkxjar0lfvh
bc1qcq0spuas43ep2k8a0rkmjgzfz7jl804pkx6ahr,1,0.499967,1,2026-07-30 01:32,2026-07-30 01:32,bc1qc779m8gec84k3t0ffvu0pps94zheht7lr7ueyn,,https://mempool.space/address/bc1qcq0spuas43ep2k8a0rkmjgzfz7jl804pkx6ahr
bc1qqc258wx8va8s30qs7p4l26c6cnfyf26tqap5j3,1,0.499967,1,2026-07-30 01:32,2026-07-30 01:32,bc1qc779m8gec84k3t0ffvu0pps94zheht7lr7ueyn,,https://mempool.space/address/bc1qqc258wx8va8s30qs7p4l26c6cnfyf26tqap5j3
bc1q65cayukkv3a9zyhfpjh8xpu9nm4xj72z86jvsl,1,0.499967,1,2026-07-30 01:32,2026-07-30 01:32,bc1qc779m8gec84k3t0ffvu0pps94zheht7lr7ueyn,,https://mempool.space/address/bc1q65cayukkv3a9zyhfpjh8xpu9nm4xj72z86jvsl
bc1qhvs2ykar2qjexkvxdhgekl2qj74tc7uhf6vhcx,1,0.499967,1,2026-07-30 01:32,2026-07-30 01:32,bc1qc779m8gec84k3t0ffvu0pps94zheht7lr7ueyn,,https://mempool.space/address/bc1qhvs2ykar2qjexkvxdhgekl2qj74tc7uhf6vhcx
bc1qdx24kxvv73ykl6ssdy39wmkxdgtzzulszzy5jg,1,0.4999648,1,2026-07-30 01:32,2026-07-30 01:32,bc1qc779m8gec84k3t0ffvu0pps94zheht7lr7ueyn,,https://mempool.space/address/bc1qdx24kxvv73ykl6ssdy39wmkxdgtzzulszzy5jg
bc1qg34khy5y8624l644je5rzd73qx5zfcs2ytlte6,1,0.49995741,1,2026-07-30 01:32,2026-07-30 01:32,bc1qc779m8gec84k3t0ffvu0pps94zheht7lr7ueyn,,https://mempool.space/address/bc1qg34khy5y8624l644je5rzd73qx5zfcs2ytlte6
bc1qjsady4q4ftjzqpa0clc75tnra84qa2hp67gmvx,1,0.499956,1,2026-07-30 01:32,2026-07-30 01:32,bc1qc779m8gec84k3t0ffvu0pps94zheht7lr7ueyn,,https://mempool.space/address/bc1qjsady4q4ftjzqpa0clc75tnra84qa2hp67gmvx
bc1qak04evkslra4e609g6cjdzhavunxs4059afatg,1,0.49787827,1,2026-07-30 01:32,2026-07-30 01:32,bc1qc779m8gec84k3t0ffvu0pps94zheht7lr7ueyn,,https://mempool.space/address/bc1qak04evkslra4e609g6cjdzhavunxs4059afatg
bc1qs7fp9c42d6h8uvnahkjshllxytshrpnj53um7d,1,0.48837339,1,2026-07-30 01:32,2026-07-30 01:32,bc1qc779m8gec84k3t0ffvu0pps94zheht7lr7ueyn,,https://mempool.space/address/bc1qs7fp9c42d6h8uvnahkjshllxytshrpnj53um7d
bc1q6jdhc0m9elzgkpld9nynv8mmsv9nlydvp325dx,1,0.48550159,1,2026-07-30 01:32,2026-07-30 01:32,bc1qc779m8gec84k3t0ffvu0pps94zheht7lr7ueyn,,https://mempool.space/address/bc1q6jdhc0m9elzgkpld9nynv8mmsv9nlydvp325dx
bc1q33jlajf00pustjw6eas4yjclclyclz4sq2a3kr,1,0.48542488,1,2026-07-30 01:32,2026-07-30 01:32,bc1qc779m8gec84k3t0ffvu0pps94zheht7lr7ueyn,,https://mempool.space/address/bc1q33jlajf00pustjw6eas4yjclclyclz4sq2a3kr
bc1q504lqstdcjeg3svp79ja44wqrtlt4363c0dsk5,1,0.47122691,1,2026-07-30 01:32,2026-07-30 01:32,bc1qc779m8gec84k3t0ffvu0pps94zheht7lr7ueyn,,https://mempool.space/address/bc1q504lqstdcjeg3svp79ja44wqrtlt4363c0dsk5
bc1qdq06huf3hm9xtysjh9j56cmgfjew397r8vae06,1,0.457887,1,2026-07-30 01:32,2026-07-30 01:32,bc1qc779m8gec84k3t0ffvu0pps94zheht7lr7ueyn,,https://mempool.space/address/bc1qdq06huf3hm9xtysjh9j56cmgfjew397r8vae06
bc1qjxy9grltueqx7r6pswj8uvxpee9gd96plmf3ax,1,0.456967,1,2026-07-30 01:32,2026-07-30 01:32,bc1qc779m8gec84k3t0ffvu0pps94zheht7lr7ueyn,,https://mempool.space/address/bc1qjxy9grltueqx7r6pswj8uvxpee9gd96plmf3ax
bc1qylc5w9r8l2ah04qwprf4h02tc02qllefjkh9j0,1,0.44094542,1,2026-07-30 01:32,2026-07-30 01:32,bc1qc779m8gec84k3t0ffvu0pps94zheht7lr7ueyn,,https://mempool.space/address/bc1qylc5w9r8l2ah04qwprf4h02tc02qllefjkh9j0
bc1qh45khdunrs99yc8apkupaljt67st04pssg68yg,1,0.4399173,1,2026-07-30 01:32,2026-07-30 01:32,bc1qc779m8gec84k3t0ffvu0pps94zheht7lr7ueyn,,https://mempool.space/address/bc1qh45khdunrs99yc8apkupaljt67st04pssg68yg
bc1q8c3msn89welrplycmtx0rzyke4qdrrqygsf6y3,1,0.4383015,1,2026-07-30 01:32,2026-07-30 01:32,bc1qc779m8gec84k3t0ffvu0pps94zheht7lr7ueyn,,https://mempool.space/address/bc1q8c3msn89welrplycmtx0rzyke4qdrrqygsf6y3
bc1q7acrnvchwclutj9xpfesveqqd905ks750px84j,1,0.43696558,1,2026-07-30 01:32,2026-07-30 01:32,bc1qc779m8gec84k3t0ffvu0pps94zheht7lr7ueyn,,https://mempool.space/address/bc1q7acrnvchwclutj9xpfesveqqd905ks750px84j
bc1qx0e6dfpsgd88g4j4kxz2h5v7dwfademe06ynez,1,0.43666026,1,2026-07-30 01:32,2026-07-30 01:32,bc1qc779m8gec84k3t0ffvu0pps94zheht7lr7ueyn,,https://mempool.space/address/bc1qx0e6dfpsgd88g4j4kxz2h5v7dwfademe06ynez
bc1qzclq06wpmjn0qk44a0297c4e572rh7705wx4hm,1,0.4352725,1,2026-07-30 01:32,2026-07-30 01:32,bc1qc779m8gec84k3t0ffvu0pps94zheht7lr7ueyn,,https://mempool.space/address/bc1qzclq06wpmjn0qk44a0297c4e572rh7705wx4hm
bc1qjwpzm0hwqvhq7653zmfgrvqcsrcmhz8h7fe6a2,1,0.43380155,1,2026-07-30 01:32,2026-07-30 01:32,bc1qc779m8gec84k3t0ffvu0pps94zheht7lr7ueyn,,https://mempool.space/address/bc1qjwpzm0hwqvhq7653zmfgrvqcsrcmhz8h7fe6a2
bc1qzg583s43d77yuqr2mz2apxjfv7e9c2cl3ueql9,1,0.41363555,1,2026-07-30 01:32,2026-07-30 01:32,bc1qc779m8gec84k3t0ffvu0pps94zheht7lr7ueyn,,https://mempool.space/address/bc1qzg583s43d77yuqr2mz2apxjfv7e9c2cl3ueql9
bc1qykudzaukwv2xarht7s040zr2cjqj2ucm8dp3g0,1,0.411347,1,2026-07-30 01:32,2026-07-30 01:32,bc1qc779m8gec84k3t0ffvu0pps94zheht7lr7ueyn,,https://mempool.space/address/bc1qykudzaukwv2xarht7s040zr2cjqj2ucm8dp3g0
bc1qnz9xzphmurucx2ryeuxhx7klzsv2cry39q07je,1,0.41053111,1,2026-07-30 01:32,2026-07-30 01:32,bc1qc779m8gec84k3t0ffvu0pps94zheht7lr7ueyn,,https://mempool.space/address/bc1qnz9xzphmurucx2ryeuxhx7klzsv2cry39q07je
bc1qd4wqkqawp277c42u2egf24knzrplmq6gut4zlg,1,0.40893563,1,2026-07-30 01:32,2026-07-30 01:32,bc1qc779m8gec84k3t0ffvu0pps94zheht7lr7ueyn,,https://mempool.space/address/bc1qd4wqkqawp277c42u2egf24knzrplmq6gut4zlg
bc1qkxz7da2y32qf6zg4xp4glp04g7eazyvna9cfce,1,0.40487743,1,2026-07-30 01:32,2026-07-30 01:32,bc1qc779m8gec84k3t0ffvu0pps94zheht7lr7ueyn,,https://mempool.space/address/bc1qkxz7da2y32qf6zg4xp4glp04g7eazyvna9cfce
3ADi95FFf8ELvk5LMYy4vAZWAve6zkm3zF,1,0.4011528,1,2026-07-30 01:32,2026-07-30 01:32,bc1qc779m8gec84k3t0ffvu0pps94zheht7lr7ueyn,,https://mempool.space/address/3ADi95FFf8ELvk5LMYy4vAZWAve6zkm3zF
bc1q374rngglphx6k0vpcn7qluwkjknsj0q70lzk0r,1,0.399967,1,2026-07-30 01:32,2026-07-30 01:32,bc1qc779m8gec84k3t0ffvu0pps94zheht7lr7ueyn,,https://mempool.space/address/bc1q374rngglphx6k0vpcn7qluwkjknsj0q70lzk0r
bc1qgud0mugs3djwy94te2zmm4ehsvnvgp0ct5tfnq,1,0.39995243,1,2026-07-30 01:32,2026-07-30 01:32,bc1qc779m8gec84k3t0ffvu0pps94zheht7lr7ueyn,,https://mempool.space/address/bc1qgud0mugs3djwy94te2zmm4ehsvnvgp0ct5tfnq
bc1q4aelnc6pvgvutx3n8uh9nsnal543nh38pjum0q,1,0.39730952,1,2026-07-30 01:32,2026-07-30 01:32,bc1qc779m8gec84k3t0ffvu0pps94zheht7lr7ueyn,,https://mempool.space/address/bc1q4aelnc6pvgvutx3n8uh9nsnal543nh38pjum0q
bc1q9789le0s9ryeaynldf2j5fuszewknqd07nh7uk,1,0.39499994,1,2026-07-30 01:32,2026-07-30 01:32,bc1qc779m8gec84k3t0ffvu0pps94zheht7lr7ueyn,,https://mempool.space/address/bc1q9789le0s9ryeaynldf2j5fuszewknqd07nh7uk
bc1qwstyaqr7jw0tslfsjkvrehszw4t00ju7u2d7lc,1,0.39131362,1,2026-07-30 01:32,2026-07-30 01:32,bc1qc779m8gec84k3t0ffvu0pps94zheht7lr7ueyn,,https://mempool.space/address/bc1qwstyaqr7jw0tslfsjkvrehszw4t00ju7u2d7lc
bc1qxd5sjg7sdmm9x6xu7kfd0fknhytlfkfzlwxuvv,1,0.379967,1,2026-07-30 01:32,2026-07-30 01:32,bc1qc779m8gec84k3t0ffvu0pps94zheht7lr7ueyn,,https://mempool.space/address/bc1qxd5sjg7sdmm9x6xu7kfd0fknhytlfkfzlwxuvv
bc1qk0q56jucp2lqnfnfslmwk3zh5pc7m4jpw46jvh,1,0.37595019,1,2026-07-30 01:32,2026-07-30 01:32,bc1qc779m8gec84k3t0ffvu0pps94zheht7lr7ueyn,,https://mempool.space/address/bc1qk0q56jucp2lqnfnfslmwk3zh5pc7m4jpw46jvh
bc1qtjwgqzc85x740dnpjd38sthzuxqdwrt60xuejp,1,0.37580785,1,2026-07-30 01:32,2026-07-30 01:32,bc1qc779m8gec84k3t0ffvu0pps94zheht7lr7ueyn,,https://mempool.space/address/bc1qtjwgqzc85x740dnpjd38sthzuxqdwrt60xuejp
bc1q4d7t96fc0s64q5xpghyr7r0j309jsj6zhnklc5,1,0.37552632,1,2026-07-30 01:32,2026-07-30 01:32,bc1qc779m8gec84k3t0ffvu0pps94zheht7lr7ueyn,,https://mempool.space/address/bc1q4d7t96fc0s64q5xpghyr7r0j309jsj6zhnklc5
bc1qr2fc6hvp5463xnw5hu4kjvq0p8x0w5w7zsjt7y,1,0.37093195,1,2026-07-30 01:32,2026-07-30 01:32,bc1qc779m8gec84k3t0ffvu0pps94zheht7lr7ueyn,,https://mempool.space/address/bc1qr2fc6hvp5463xnw5hu4kjvq0p8x0w5w7zsjt7y
bc1qmkr73dvpkag0yt80wdlkf0f9v3s6xry5heuruh,1,0.369217,1,2026-07-30 01:32,2026-07-30 01:32,bc1qc779m8gec84k3t0ffvu0pps94zheht7lr7ueyn,,https://mempool.space/address/bc1qmkr73dvpkag0yt80wdlkf0f9v3s6xry5heuruh
bc1qg6qxwwgq5dspm9stc8um6cgyke2uzu94fvx8rr,1,0.36024851,1,2026-07-30 01:32,2026-07-30 01:32,bc1qc779m8gec84k3t0ffvu0pps94zheht7lr7ueyn,,https://mempool.space/address/bc1qg6qxwwgq5dspm9stc8um6cgyke2uzu94fvx8rr
bc1qt7qrwl2pyjmj9p68dn5nu5999q65cnfata84qa,1,0.36018597,1,2026-07-30 01:32,2026-07-30 01:32,bc1qc779m8gec84k3t0ffvu0pps94zheht7lr7ueyn,,https://mempool.space/address/bc1qt7qrwl2pyjmj9p68dn5nu5999q65cnfata84qa
bc1qwnaqjm7fqeygnxv3dp0tj6cp2n372l5gjaf87d,1,0.3556647,1,2026-07-30 01:32,2026-07-30 01:32,bc1qc779m8gec84k3t0ffvu0pps94zheht7lr7ueyn,,https://mempool.space/address/bc1qwnaqjm7fqeygnxv3dp0tj6cp2n372l5gjaf87d
bc1q5uh3k8tm2r0ppzn0y0xxvum4ajf8lfw8hqu58y,1,0.35547251,1,2026-07-30 01:32,2026-07-30 01:32,bc1qc779m8gec84k3t0ffvu0pps94zheht7lr7ueyn,,https://mempool.space/address/bc1q5uh3k8tm2r0ppzn0y0xxvum4ajf8lfw8hqu58y
bc1qzwvfn7mg9kszu3utx2dwwp299pfxm5fmwtrjg3,1,0.349217,1,2026-07-30 01:32,2026-07-30 01:32,bc1qc779m8gec84k3t0ffvu0pps94zheht7lr7ueyn,,https://mempool.space/address/bc1qzwvfn7mg9kszu3utx2dwwp299pfxm5fmwtrjg3
bc1qwrpj0n4nsg3a6ugsxxseede6vqqjyq85xfupdk,1,0.349217,1,2026-07-30 01:32,2026-07-30 01:32,bc1qc779m8gec84k3t0ffvu0pps94zheht7lr7ueyn,,https://mempool.space/address/bc1qwrpj0n4nsg3a6ugsxxseede6vqqjyq85xfupdk
bc1q32pqy8r9px3lw6s39yjpafttt2m92y9uvqr4hc,1,0.34771,1,2026-07-30 01:32,2026-07-30 01:32,bc1qc779m8gec84k3t0ffvu0pps94zheht7lr7ueyn,,https://mempool.space/address/bc1q32pqy8r9px3lw6s39yjpafttt2m92y9uvqr4hc
bc1q9g39pr4uj7f2drdp4r8mccr7w8tcw7ewh96s7r,1,0.33587367,1,2026-07-30 01:32,2026-07-30 01:32,bc1qc779m8gec84k3t0ffvu0pps94zheht7lr7ueyn,,https://mempool.space/address/bc1q9g39pr4uj7f2drdp4r8mccr7w8tcw7ewh96s7r
bc1qws6pmp875wgr5anmdhwpgldqer8pqsqcv4epww,1,0.33551022,1,2026-07-30 01:32,2026-07-30 01:32,bc1qc779m8gec84k3t0ffvu0pps94zheht7lr7ueyn,,https://mempool.space/address/bc1qws6pmp875wgr5anmdhwpgldqer8pqsqcv4epww
bc1qj2z78y6k0ntuuk5yj7yns0p754sm4frq0c5qrv,1,0.33028349,1,2026-07-30 01:32,2026-07-30 01:32,bc1qc779m8gec84k3t0ffvu0pps94zheht7lr7ueyn,,https://mempool.space/address/bc1qj2z78y6k0ntuuk5yj7yns0p754sm4frq0c5qrv
bc1q85flxv7yll3t7nh3lac5n0xjrq562kvrgjjunk,1,0.32998618,1,2026-07-30 01:32,2026-07-30 01:32,bc1qc779m8gec84k3t0ffvu0pps94zheht7lr7ueyn,,https://mempool.space/address/bc1q85flxv7yll3t7nh3lac5n0xjrq562kvrgjjunk
bc1qvz7fkc3zvs6jv9cm4cq3hjsqnwyjed0svza0an,1,0.32983085,1,2026-07-30 01:32,2026-07-30 01:32,bc1qc779m8gec84k3t0ffvu0pps94zheht7lr7ueyn,,https://mempool.space/address/bc1qvz7fkc3zvs6jv9cm4cq3hjsqnwyjed0svza0an
bc1qqwh956mfs2lzn293gmn24jfwlwxm4gvdpsmqfm,1,0.32932953,1,2026-07-30 01:32,2026-07-30 01:32,bc1qc779m8gec84k3t0ffvu0pps94zheht7lr7ueyn,,https://mempool.space/address/bc1qqwh956mfs2lzn293gmn24jfwlwxm4gvdpsmqfm
bc1qd22nqf8g6ln8hrf80fhr3sz0p7yjjheaghmp0v,1,0.32904049,1,2026-07-30 01:32,2026-07-30 01:32,bc1qc779m8gec84k3t0ffvu0pps94zheht7lr7ueyn,,https://mempool.space/address/bc1qd22nqf8g6ln8hrf80fhr3sz0p7yjjheaghmp0v
bc1qrk2wgaj82cjlq4687k7x6smjs8658kav489mgj,1,0.32809301,1,2026-07-30 01:32,2026-07-30 01:32,bc1qc779m8gec84k3t0ffvu0pps94zheht7lr7ueyn,,https://mempool.space/address/bc1qrk2wgaj82cjlq4687k7x6smjs8658kav489mgj
bc1q3vqs9ja20z756kwaxhqn73hmwfpp9dzlxxz0hy,1,0.32709364,1,2026-07-30 01:32,2026-07-30 01:32,bc1qc779m8gec84k3t0ffvu0pps94zheht7lr7ueyn,,https://mempool.space/address/bc1q3vqs9ja20z756kwaxhqn73hmwfpp9dzlxxz0hy
bc1qwyfyshtckpdt8ly6vtffe8gzzyje9yuujc967k,1,0.325967,1,2026-07-30 01:32,2026-07-30 01:32,bc1qc779m8gec84k3t0ffvu0pps94zheht7lr7ueyn,,https://mempool.space/address/bc1qwyfyshtckpdt8ly6vtffe8gzzyje9yuujc967k
bc1qqrknf64tg3zpageypqfqqdp7rzt98k9e4puvwu,1,0.32577601,1,2026-07-30 01:32,2026-07-30 01:32,bc1qc779m8gec84k3t0ffvu0pps94zheht7lr7ueyn,,https://mempool.space/address/bc1qqrknf64tg3zpageypqfqqdp7rzt98k9e4puvwu
bc1qz0msgpxvytaq6pa7m0ppn6j3wtrdrmnu3j568j,1,0.32429626,1,2026-07-30 01:32,2026-07-30 01:32,bc1qc779m8gec84k3t0ffvu0pps94zheht7lr7ueyn,,https://mempool.space/address/bc1qz0msgpxvytaq6pa7m0ppn6j3wtrdrmnu3j568j
bc1qhpda7sgyf0vv8jmp3528l5x3typf7pph4pc635,1,0.32407004,1,2026-07-30 01:32,2026-07-30 01:32,bc1qc779m8gec84k3t0ffvu0pps94zheht7lr7ueyn,,https://mempool.space/address/bc1qhpda7sgyf0vv8jmp3528l5x3typf7pph4pc635
bc1qyvgn3eau57l0cxj9pgpgw89xah765qyw5vsuk2,1,0.32355397,1,2026-07-30 01:32,2026-07-30 01:32,bc1qc779m8gec84k3t0ffvu0pps94zheht7lr7ueyn,,https://mempool.space/address/bc1qyvgn3eau57l0cxj9pgpgw89xah765qyw5vsuk2
bc1q9uk7vxxw95l67kdq2c0lunzkqm9h6sdz9jkarq,1,0.32345858,1,2026-07-30 01:32,2026-07-30 01:32,bc1qc779m8gec84k3t0ffvu0pps94zheht7lr7ueyn,,https://mempool.space/address/bc1q9uk7vxxw95l67kdq2c0lunzkqm9h6sdz9jkarq
bc1qs8e8f3cdlfxeege8ewtd7jsfxrq5qyacfj0cqz,1,0.32281499,1,2026-07-30 01:32,2026-07-30 01:32,bc1qc779m8gec84k3t0ffvu0pps94zheht7lr7ueyn,,https://mempool.space/address/bc1qs8e8f3cdlfxeege8ewtd7jsfxrq5qyacfj0cqz
bc1qw0hwnjcn240nt2y5jjy3ygc4t8e8dqf6cxv4ax,1,0.32151823,1,2026-07-30 01:32,2026-07-30 01:32,bc1qc779m8gec84k3t0ffvu0pps94zheht7lr7ueyn,,https://mempool.space/address/bc1qw0hwnjcn240nt2y5jjy3ygc4t8e8dqf6cxv4ax
bc1q9ws29zuvljamx869e7z4xlnah3fkw340y0uunf,1,0.32005876,1,2026-07-30 01:32,2026-07-30 01:32,bc1qc779m8gec84k3t0ffvu0pps94zheht7lr7ueyn,,https://mempool.space/address/bc1q9ws29zuvljamx869e7z4xlnah3fkw340y0uunf
bc1qmmg7ck257gddu62dcd66txgdxmp7j8mdwwwj80,1,0.31964402,1,2026-07-30 01:32,2026-07-30 01:32,bc1qc779m8gec84k3t0ffvu0pps94zheht7lr7ueyn,,https://mempool.space/address/bc1qmmg7ck257gddu62dcd66txgdxmp7j8mdwwwj80
bc1qgts890qkmggx5xks3gxgnrlgm0s26vhp0l4hq0,1,0.3183685,1,2026-07-30 01:32,2026-07-30 01:32,bc1qc779m8gec84k3t0ffvu0pps94zheht7lr7ueyn,,https://mempool.space/address/bc1qgts890qkmggx5xks3gxgnrlgm0s26vhp0l4hq0
bc1q2hqm9xjlq06fytjqw3a9824nspsc62fvya0zcn,1,0.31513874,1,2026-07-30 01:32,2026-07-30 01:32,bc1qc779m8gec84k3t0ffvu0pps94zheht7lr7ueyn,,https://mempool.space/address/bc1q2hqm9xjlq06fytjqw3a9824nspsc62fvya0zcn
bc1qxl95n2xfmdrrpg6n9jkmx66cj92faxyq7wz5rt,1,0.31192756,1,2026-07-30 01:32,2026-07-30 01:32,bc1qc779m8gec84k3t0ffvu0pps94zheht7lr7ueyn,,https://mempool.space/address/bc1qxl95n2xfmdrrpg6n9jkmx66cj92faxyq7wz5rt
bc1qwkwh43l78vvndfq64af6fkladdfkysarhps3dv,1,0.306367,1,2026-07-30 01:32,2026-07-30 01:32,bc1qc779m8gec84k3t0ffvu0pps94zheht7lr7ueyn,,https://mempool.space/address/bc1qwkwh43l78vvndfq64af6fkladdfkysarhps3dv
bc1q7nd3uw8gq4ue9q62knkej8ame5nl38xlmc8t5w,1,0.300617,1,2026-07-30 01:32,2026-07-30 01:32,bc1qc779m8gec84k3t0ffvu0pps94zheht7lr7ueyn,,https://mempool.space/address/bc1q7nd3uw8gq4ue9q62knkej8ame5nl38xlmc8t5w
bc1qftezgyjt8t0su5w7kkfq44kst9edsp6txwmll9,1,0.299967,1,2026-07-30 01:32,2026-07-30 01:32,bc1qc779m8gec84k3t0ffvu0pps94zheht7lr7ueyn,,https://mempool.space/address/bc1qftezgyjt8t0su5w7kkfq44kst9edsp6txwmll9
bc1qpxnu35xhqnksz30c6x3j7rzl3tn5cca0e7jyt3,1,0.299967,1,2026-07-30 01:32,2026-07-30 01:32,bc1qc779m8gec84k3t0ffvu0pps94zheht7lr7ueyn,,https://mempool.space/address/bc1qpxnu35xhqnksz30c6x3j7rzl3tn5cca0e7jyt3
bc1q80d3vntqjrde0yvdnwcnsy02pm3z3hyr3xkh6d,1,0.299967,1,2026-07-30 01:32,2026-07-30 01:32,bc1qc779m8gec84k3t0ffvu0pps94zheht7lr7ueyn,,https://mempool.space/address/bc1q80d3vntqjrde0yvdnwcnsy02pm3z3hyr3xkh6d
bc1qqdlldjnfkw66pkvszvuak23epsqtdn6r007cl7,1,0.299967,1,2026-07-30 01:32,2026-07-30 01:32,bc1qc779m8gec84k3t0ffvu0pps94zheht7lr7ueyn,,https://mempool.space/address/bc1qqdlldjnfkw66pkvszvuak23epsqtdn6r007cl7
bc1q0lksj6hgd7e5g3e2jupeh7m4n9nl3d5amv3ulr,1,0.299967,1,2026-07-30 01:32,2026-07-30 01:32,bc1qc779m8gec84k3t0ffvu0pps94zheht7lr7ueyn,,https://mempool.space/address/bc1q0lksj6hgd7e5g3e2jupeh7m4n9nl3d5amv3ulr
bc1qd9z85qm8yayhyutkxy968l58qhwys6yvlqt0u9,1,0.299967,1,2026-07-30 01:32,2026-07-30 01:32,bc1qc779m8gec84k3t0ffvu0pps94zheht7lr7ueyn,,https://mempool.space/address/bc1qd9z85qm8yayhyutkxy968l58qhwys6yvlqt0u9
bc1q9wm37s5reazzd3hgc6ykseqg94ff99es5vlx49,1,0.299217,1,2026-07-30 01:32,2026-07-30 01:32,bc1qc779m8gec84k3t0ffvu0pps94zheht7lr7ueyn,,https://mempool.space/address/bc1q9wm37s5reazzd3hgc6ykseqg94ff99es5vlx49
bc1q34y2q26rttdehw6u46ak6edpgph3ut25yv24ag,1,0.29457538,1,2026-07-30 01:32,2026-07-30 01:32,bc1qc779m8gec84k3t0ffvu0pps94zheht7lr7ueyn,,https://mempool.space/address/bc1q34y2q26rttdehw6u46ak6edpgph3ut25yv24ag
bc1qjtydlg5tjgxxexygs5vf9sal8gwqjud0y4q35v,1,0.29334622,1,2026-07-30 01:32,2026-07-30 01:32,bc1qc779m8gec84k3t0ffvu0pps94zheht7lr7ueyn,,https://mempool.space/address/bc1qjtydlg5tjgxxexygs5vf9sal8gwqjud0y4q35v
bc1q46aktv3mmu3pzxj7yvqmfvlfdxp0h2vng7xw5g,1,0.29326988,1,2026-07-30 01:32,2026-07-30 01:32,bc1qc779m8gec84k3t0ffvu0pps94zheht7lr7ueyn,,https://mempool.space/address/bc1q46aktv3mmu3pzxj7yvqmfvlfdxp0h2vng7xw5g
bc1qxzw46pdumrz4un5694pq5yu8s4lhdt5rzqtfkh,1,0.27970368,1,2026-07-30 01:32,2026-07-30 01:32,bc1qc779m8gec84k3t0ffvu0pps94zheht7lr7ueyn,,https://mempool.space/address/bc1qxzw46pdumrz4un5694pq5yu8s4lhdt5rzqtfkh
bc1qxflxcgry7twyt566qhjw43xj9vpfnd5gamk7wq,1,0.27670621,1,2026-07-30 01:32,2026-07-30 01:32,bc1qc779m8gec84k3t0ffvu0pps94zheht7lr7ueyn,,https://mempool.space/address/bc1qxflxcgry7twyt566qhjw43xj9vpfnd5gamk7wq
bc1qzqney5k3c3quamanud4g0dlac5ks06szxvxwlg,1,0.27276888,1,2026-07-30 01:32,2026-07-30 01:32,bc1qc779m8gec84k3t0ffvu0pps94zheht7lr7ueyn,,https://mempool.space/address/bc1qzqney5k3c3quamanud4g0dlac5ks06szxvxwlg
bc1qa7l90gj4w3mwdd276yfc47dhhmrmyv5xrle3j4,1,0.27175611,1,2026-07-30 01:32,2026-07-30 01:32,bc1qc779m8gec84k3t0ffvu0pps94zheht7lr7ueyn,,https://mempool.space/address/bc1qa7l90gj4w3mwdd276yfc47dhhmrmyv5xrle3j4
bc1qr43n89l958smj69y8sqnr26mxy5y46v9q29eka,1,0.26998631,1,2026-07-30 01:32,2026-07-30 01:32,bc1qc779m8gec84k3t0ffvu0pps94zheht7lr7ueyn,,https://mempool.space/address/bc1qr43n89l958smj69y8sqnr26mxy5y46v9q29eka
bc1q9p6fagf8rp72tdatx33t42je3fzqlartgg7p4e,1,0.269387,1,2026-07-30 01:32,2026-07-30 01:32,bc1qc779m8gec84k3t0ffvu0pps94zheht7lr7ueyn,,https://mempool.space/address/bc1q9p6fagf8rp72tdatx33t42je3fzqlartgg7p4e
bc1qa3kxnyklnk95wxesppqjemvr52fe4y3fghd3vk,1,0.26887593,1,2026-07-30 01:32,2026-07-30 01:32,bc1qc779m8gec84k3t0ffvu0pps94zheht7lr7ueyn,,https://mempool.space/address/bc1qa3kxnyklnk95wxesppqjemvr52fe4y3fghd3vk
bc1qrz3mzye4uk74022cjf7uw4vcvedu95a5a9k89a,1,0.26833602,1,2026-07-30 01:32,2026-07-30 01:32,bc1qc779m8gec84k3t0ffvu0pps94zheht7lr7ueyn,,https://mempool.space/address/bc1qrz3mzye4uk74022cjf7uw4vcvedu95a5a9k89a
bc1q3xw7tmdrua8jsn70rddsklx9q2w3dzhzxedume,1,0.26669021,1,2026-07-30 01:32,2026-07-30 01:32,bc1qc779m8gec84k3t0ffvu0pps94zheht7lr7ueyn,,https://mempool.space/address/bc1q3xw7tmdrua8jsn70rddsklx9q2w3dzhzxedume
bc1q2ncncn8qmckk6f5c8cqhvzuw8gyjvyqmxyucd0,1,0.26473988,1,2026-07-30 01:32,2026-07-30 01:32,bc1qc779m8gec84k3t0ffvu0pps94zheht7lr7ueyn,,https://mempool.space/address/bc1q2ncncn8qmckk6f5c8cqhvzuw8gyjvyqmxyucd0
bc1qm8l95x607qxjyr45yxsgvkewqxfelz4v054tt8,1,0.261629,1,2026-07-30 01:32,2026-07-30 01:32,bc1qc779m8gec84k3t0ffvu0pps94zheht7lr7ueyn,,https://mempool.space/address/bc1qm8l95x607qxjyr45yxsgvkewqxfelz4v054tt8
bc1qw9klyl0t6n6jxlfdycy0agftpn2cklq79y7m9f,1,0.26013589,1,2026-07-30 01:32,2026-07-30 01:32,bc1qc779m8gec84k3t0ffvu0pps94zheht7lr7ueyn,,https://mempool.space/address/bc1qw9klyl0t6n6jxlfdycy0agftpn2cklq79y7m9f
bc1qsj36xa9l5rskxkrdvu9uev6689uhtl5txrqft6,1,0.2596768,1,2026-07-30 01:32,2026-07-30 01:32,bc1qc779m8gec84k3t0ffvu0pps94zheht7lr7ueyn,,https://mempool.space/address/bc1qsj36xa9l5rskxkrdvu9uev6689uhtl5txrqft6
bc1q4r9erc0ktwm379fqx3ss27ge80lv4aju5vesuf,1,0.2558504,1,2026-07-30 01:32,2026-07-30 01:32,bc1qc779m8gec84k3t0ffvu0pps94zheht7lr7ueyn,,https://mempool.space/address/bc1q4r9erc0ktwm379fqx3ss27ge80lv4aju5vesuf
bc1q8xanje6dm8vs9hq3kefux6yn3ve3juxc07al4m,1,0.25217076,1,2026-07-30 01:32,2026-07-30 01:32,bc1qc779m8gec84k3t0ffvu0pps94zheht7lr7ueyn,,https://mempool.space/address/bc1q8xanje6dm8vs9hq3kefux6yn3ve3juxc07al4m
bc1qdfm9w7f4gjk0kn9xv45af92rxftulzt73zgptw,1,0.250967,1,2026-07-30 01:32,2026-07-30 01:32,bc1qc779m8gec84k3t0ffvu0pps94zheht7lr7ueyn,,https://mempool.space/address/bc1qdfm9w7f4gjk0kn9xv45af92rxftulzt73zgptw
bc1qcdtd9cszw2hzvw8tqpup8k455w9ja43raxs0ln,1,0.24971722,1,2026-07-30 01:32,2026-07-30 01:32,bc1qc779m8gec84k3t0ffvu0pps94zheht7lr7ueyn,,https://mempool.space/address/bc1qcdtd9cszw2hzvw8tqpup8k455w9ja43raxs0ln
bc1qulv4wzdu46pgfkrmq05r08jd0ca4gyqcs0rjsk,1,0.24938042,1,2026-07-30 01:32,2026-07-30 01:32,bc1qc779m8gec84k3t0ffvu0pps94zheht7lr7ueyn,,https://mempool.space/address/bc1qulv4wzdu46pgfkrmq05r08jd0ca4gyqcs0rjsk
bc1q6v5apec7ma6xuv6zfrnhl2498nhs03c7t8rtz6,1,0.24883407,1,2026-07-30 01:32,2026-07-30 01:32,bc1qc779m8gec84k3t0ffvu0pps94zheht7lr7ueyn,,https://mempool.space/address/bc1q6v5apec7ma6xuv6zfrnhl2498nhs03c7t8rtz6
bc1qh9d5ndu393kles2a9pzn74852vl4yg6q2gx7zu,1,0.248735,1,2026-07-30 01:32,2026-07-30 01:32,bc1qc779m8gec84k3t0ffvu0pps94zheht7lr7ueyn,,https://mempool.space/address/bc1qh9d5ndu393kles2a9pzn74852vl4yg6q2gx7zu
bc1qv6ga6q0uxlh29ny6at3hnzlse72yms83e8l66l,1,0.24813521,1,2026-07-30 01:32,2026-07-30 01:32,bc1qc779m8gec84k3t0ffvu0pps94zheht7lr7ueyn,,https://mempool.space/address/bc1qv6ga6q0uxlh29ny6at3hnzlse72yms83e8l66l
bc1q6mma333pdfrq4tlwk4pjshhyzczjxgq8jcyw0r,1,0.24621083,1,2026-07-30 01:32,2026-07-30 01:32,bc1qc779m8gec84k3t0ffvu0pps94zheht7lr7ueyn,,https://mempool.space/address/bc1q6mma333pdfrq4tlwk4pjshhyzczjxgq8jcyw0r
bc1qmjpm4s0d6h5rta9yk0hhdv50de0vptnmdaa9j3,1,0.24607325,1,2026-07-30 01:32,2026-07-30 01:32,bc1qc779m8gec84k3t0ffvu0pps94zheht7lr7ueyn,,https://mempool.space/address/bc1qmjpm4s0d6h5rta9yk0hhdv50de0vptnmdaa9j3
bc1quhu5r7fw4p8ln6eft66h6vgnjgk88x3csqf0hq,1,0.24558784,1,2026-07-30 01:32,2026-07-30 01:32,bc1qc779m8gec84k3t0ffvu0pps94zheht7lr7ueyn,,https://mempool.space/address/bc1quhu5r7fw4p8ln6eft66h6vgnjgk88x3csqf0hq
bc1qxd8endrmqunzpnyfevwl5cnapms6x6ezr4arsd,1,0.24488365,1,2026-07-30 01:32,2026-07-30 01:32,bc1qc779m8gec84k3t0ffvu0pps94zheht7lr7ueyn,,https://mempool.space/address/bc1qxd8endrmqunzpnyfevwl5cnapms6x6ezr4arsd
bc1qpnkks520wwr0r2nw3nutyvw6my5vn5u6qkmafn,1,0.24029896,1,2026-07-30 01:32,2026-07-30 01:32,bc1qc779m8gec84k3t0ffvu0pps94zheht7lr7ueyn,,https://mempool.space/address/bc1qpnkks520wwr0r2nw3nutyvw6my5vn5u6qkmafn
bc1qjq9g937tgzkfm4whnancfrmmswjl7cygazlgf9,1,0.239967,1,2026-07-30 01:32,2026-07-30 01:32,bc1qc779m8gec84k3t0ffvu0pps94zheht7lr7ueyn,,https://mempool.space/address/bc1qjq9g937tgzkfm4whnancfrmmswjl7cygazlgf9
bc1qkx9vw4lk2sn8sexu25q4frq04nrfw7hwrrquku,1,0.239217,1,2026-07-30 01:32,2026-07-30 01:32,bc1qc779m8gec84k3t0ffvu0pps94zheht7lr7ueyn,,https://mempool.space/address/bc1qkx9vw4lk2sn8sexu25q4frq04nrfw7hwrrquku
bc1q6vxkgqarahg9ktx2mkraj3fe504c9qfkzr5wvg,1,0.238574,1,2026-07-30 01:32,2026-07-30 01:32,bc1qc779m8gec84k3t0ffvu0pps94zheht7lr7ueyn,,https://mempool.space/address/bc1q6vxkgqarahg9ktx2mkraj3fe504c9qfkzr5wvg
bc1q0z7jht45cyxp7mxzsw7ydsupl2psqua6q3qaa2,1,0.23599639,1,2026-07-30 01:32,2026-07-30 01:32,bc1qc779m8gec84k3t0ffvu0pps94zheht7lr7ueyn,,https://mempool.space/address/bc1q0z7jht45cyxp7mxzsw7ydsupl2psqua6q3qaa2
bc1qq96elxglxqt8vxhz86qxy5m6fyqclnu58q40gp,1,0.233967,1,2026-07-30 01:32,2026-07-30 01:32,bc1qc779m8gec84k3t0ffvu0pps94zheht7lr7ueyn,,https://mempool.space/address/bc1qq96elxglxqt8vxhz86qxy5m6fyqclnu58q40gp
bc1qjk3r93m99r6un6hw4agpvnazg377mmhyauwp2v,1,0.22845839,1,2026-07-30 01:32,2026-07-30 01:32,bc1qc779m8gec84k3t0ffvu0pps94zheht7lr7ueyn,,https://mempool.space/address/bc1qjk3r93m99r6un6hw4agpvnazg377mmhyauwp2v
bc1qrc4ys5vpy8mrt2x0fpxlt8x4jqfsp3jw5c4wrj,1,0.22728301,1,2026-07-30 01:32,2026-07-30 01:32,bc1qc779m8gec84k3t0ffvu0pps94zheht7lr7ueyn,,https://mempool.space/address/bc1qrc4ys5vpy8mrt2x0fpxlt8x4jqfsp3jw5c4wrj
bc1qvdqxyrudejln7u6p8mkhdcc6ytz0tfhk3chxng,1,0.225967,1,2026-07-30 01:32,2026-07-30 01:32,bc1qc779m8gec84k3t0ffvu0pps94zheht7lr7ueyn,,https://mempool.space/address/bc1qvdqxyrudejln7u6p8mkhdcc6ytz0tfhk3chxng
bc1qe60nl2g09xu8r4s3uwgdwx5wpcgpkg53evj9dr,1,0.22358627,1,2026-07-30 01:32,2026-07-30 01:32,bc1qc779m8gec84k3t0ffvu0pps94zheht7lr7ueyn,,https://mempool.space/address/bc1qe60nl2g09xu8r4s3uwgdwx5wpcgpkg53evj9dr
bc1qazext8ntehcqkvtwadgef6ntemum0skfv2t6dl,1,0.22275251,1,2026-07-30 01:32,2026-07-30 01:32,bc1qc779m8gec84k3t0ffvu0pps94zheht7lr7ueyn,,https://mempool.space/address/bc1qazext8ntehcqkvtwadgef6ntemum0skfv2t6dl
bc1q7sg8q83l8h3qe4ld2negu62z6fam5e4egkl77d,1,0.21979129,1,2026-07-30 01:32,2026-07-30 01:32,bc1qc779m8gec84k3t0ffvu0pps94zheht7lr7ueyn,,https://mempool.space/address/bc1q7sg8q83l8h3qe4ld2negu62z6fam5e4egkl77d
bc1qrcmu5ypgd9dle2ryjdqgxtlh6mzy3kwtp3we56,1,0.21935249,1,2026-07-30 01:32,2026-07-30 01:32,bc1qc779m8gec84k3t0ffvu0pps94zheht7lr7ueyn,,https://mempool.space/address/bc1qrcmu5ypgd9dle2ryjdqgxtlh6mzy3kwtp3we56
bc1qmhmqjtea3jegkfg6tdltyyxytkhpn44h6u0mft,1,0.21935109,1,2026-07-30 01:32,2026-07-30 01:32,bc1qc779m8gec84k3t0ffvu0pps94zheht7lr7ueyn,,https://mempool.space/address/bc1qmhmqjtea3jegkfg6tdltyyxytkhpn44h6u0mft
bc1qh7gn63wmn6ydakrscrzny2ct7v0kzlzdgn5aqz,1,0.21920015,1,2026-07-30 01:32,2026-07-30 01:32,bc1qc779m8gec84k3t0ffvu0pps94zheht7lr7ueyn,,https://mempool.space/address/bc1qh7gn63wmn6ydakrscrzny2ct7v0kzlzdgn5aqz
bc1q996cyupnydejcz0q4q60j2ylntkha0a446sah4,1,0.21843224,1,2026-07-30 01:32,2026-07-30 01:32,bc1qc779m8gec84k3t0ffvu0pps94zheht7lr7ueyn,,https://mempool.space/address/bc1q996cyupnydejcz0q4q60j2ylntkha0a446sah4
bc1qccpx7pljepglj3ulhf7rhc5prwu83wp75xvd2h,1,0.21842596,1,2026-07-30 01:32,2026-07-30 01:32,bc1qc779m8gec84k3t0ffvu0pps94zheht7lr7ueyn,,https://mempool.space/address/bc1qccpx7pljepglj3ulhf7rhc5prwu83wp75xvd2h
bc1qnh2uj76qlnn704f5nv3x2dxggpjvk2ve0zr3d7,1,0.21841584,1,2026-07-30 01:32,2026-07-30 01:32,bc1qc779m8gec84k3t0ffvu0pps94zheht7lr7ueyn,,https://mempool.space/address/bc1qnh2uj76qlnn704f5nv3x2dxggpjvk2ve0zr3d7
bc1qltf4p2xn9l3ery87eu8le64lx9r8eu4h8mtjzh,1,0.21840106,1,2026-07-30 01:32,2026-07-30 01:32,bc1qc779m8gec84k3t0ffvu0pps94zheht7lr7ueyn,,https://mempool.space/address/bc1qltf4p2xn9l3ery87eu8le64lx9r8eu4h8mtjzh
bc1qvdj4uee43hqxshcxkwch38wwjzuwr8r59rzq29,1,0.21839924,1,2026-07-30 01:32,2026-07-30 01:32,bc1qc779m8gec84k3t0ffvu0pps94zheht7lr7ueyn,,https://mempool.space/address/bc1qvdj4uee43hqxshcxkwch38wwjzuwr8r59rzq29
bc1qmh4fml4q8ujsmknp8f6ax3ymwdftf7ffmxueng,1,0.21839608,1,2026-07-30 01:32,2026-07-30 01:32,bc1qc779m8gec84k3t0ffvu0pps94zheht7lr7ueyn,,https://mempool.space/address/bc1qmh4fml4q8ujsmknp8f6ax3ymwdftf7ffmxueng
bc1qmuut7509nz6e0gtt67sd04uy852zktqwc48aas,1,0.21839296,1,2026-07-30 01:32,2026-07-30 01:32,bc1qc779m8gec84k3t0ffvu0pps94zheht7lr7ueyn,,https://mempool.space/address/bc1qmuut7509nz6e0gtt67sd04uy852zktqwc48aas
bc1qf74auyjtl34uamuzxxdugtd23vcwh5f2v7nm05,1,0.21567368,1,2026-07-30 01:32,2026-07-30 01:32,bc1qc779m8gec84k3t0ffvu0pps94zheht7lr7ueyn,,https://mempool.space/address/bc1qf74auyjtl34uamuzxxdugtd23vcwh5f2v7nm05
bc1qcdt5uwwg9432c6gs5shz94hsd03w2jxcecpdsn,1,0.21482972,1,2026-07-30 01:32,2026-07-30 01:32,bc1qc779m8gec84k3t0ffvu0pps94zheht7lr7ueyn,,https://mempool.space/address/bc1qcdt5uwwg9432c6gs5shz94hsd03w2jxcecpdsn
bc1q89rgfnjaj334d5ewmnkdcq9rqr07qup6uv5m7j,1,0.2147808,1,2026-07-30 01:32,2026-07-30 01:32,bc1qc779m8gec84k3t0ffvu0pps94zheht7lr7ueyn,,https://mempool.space/address/bc1q89rgfnjaj334d5ewmnkdcq9rqr07qup6uv5m7j
bc1qe3ezdmxjzvn3uxddrcel9mzv9ma90y58pt5kkm,1,0.212669,1,2026-07-30 01:32,2026-07-30 01:32,bc1qc779m8gec84k3t0ffvu0pps94zheht7lr7ueyn,,https://mempool.space/address/bc1qe3ezdmxjzvn3uxddrcel9mzv9ma90y58pt5kkm
bc1qtqxyv7fuhhnvk9t5raw3g9s84yytar4yhc6uqc,1,0.21208642,1,2026-07-30 01:32,2026-07-30 01:32,bc1qc779m8gec84k3t0ffvu0pps94zheht7lr7ueyn,,https://mempool.space/address/bc1qtqxyv7fuhhnvk9t5raw3g9s84yytar4yhc6uqc
bc1qnp4e269uypg04ssgad5csu6a26rg2a4ejvrxy4,1,0.21199021,1,2026-07-30 01:32,2026-07-30 01:32,bc1qc779m8gec84k3t0ffvu0pps94zheht7lr7ueyn,,https://mempool.space/address/bc1qnp4e269uypg04ssgad5csu6a26rg2a4ejvrxy4
bc1q27all5n98wy8hvkv0ef4mc550xen3fk2yvam9r,1,0.21178004,1,2026-07-30 01:32,2026-07-30 01:32,bc1qc779m8gec84k3t0ffvu0pps94zheht7lr7ueyn,,https://mempool.space/address/bc1q27all5n98wy8hvkv0ef4mc550xen3fk2yvam9r
bc1qcxk69qrdycrcsnmemtj2nuzh3quvx8r8skgqdm,1,0.209217,1,2026-07-30 01:32,2026-07-30 01:32,bc1qc779m8gec84k3t0ffvu0pps94zheht7lr7ueyn,,https://mempool.space/address/bc1qcxk69qrdycrcsnmemtj2nuzh3quvx8r8skgqdm
bc1qszf6lf7jyxpujmkf5lny4us0gftke6dq0vq5mg,1,0.20451427,1,2026-07-30 01:32,2026-07-30 01:32,bc1qc779m8gec84k3t0ffvu0pps94zheht7lr7ueyn,,https://mempool.space/address/bc1qszf6lf7jyxpujmkf5lny4us0gftke6dq0vq5mg
bc1qtujycluqp7ytd4ll2d0dd6p8ene2x24qdhlrlx,1,0.20441707,1,2026-07-30 01:32,2026-07-30 01:32,bc1qc779m8gec84k3t0ffvu0pps94zheht7lr7ueyn,,https://mempool.space/address/bc1qtujycluqp7ytd4ll2d0dd6p8ene2x24qdhlrlx
bc1q7pgky4lynrxhdhpx349hd9auj25090ucd4fleg,1,0.20409121,1,2026-07-30 01:32,2026-07-30 01:32,bc1qc779m8gec84k3t0ffvu0pps94zheht7lr7ueyn,,https://mempool.space/address/bc1q7pgky4lynrxhdhpx349hd9auj25090ucd4fleg
bc1qpp29plr9tpz582ds45y3umj5tflec6g0nryt9q,1,0.20314353,1,2026-07-30 01:32,2026-07-30 01:32,bc1qc779m8gec84k3t0ffvu0pps94zheht7lr7ueyn,,https://mempool.space/address/bc1qpp29plr9tpz582ds45y3umj5tflec6g0nryt9q
bc1q7997uzc8q2q7vex524hsh5etsvwmhvmmfyx0sw,1,0.20310528,1,2026-07-30 01:32,2026-07-30 01:32,bc1qc779m8gec84k3t0ffvu0pps94zheht7lr7ueyn,,https://mempool.space/address/bc1q7997uzc8q2q7vex524hsh5etsvwmhvmmfyx0sw
bc1q8vqlur7lhh7xuezg3202027dl76m3c0cxcvg4s,1,0.20249062,1,2026-07-30 01:32,2026-07-30 01:32,bc1qc779m8gec84k3t0ffvu0pps94zheht7lr7ueyn,,https://mempool.space/address/bc1q8vqlur7lhh7xuezg3202027dl76m3c0cxcvg4s
bc1qrs84tpqcgcxzffh4fvfzvjxfg8tn0szf9z6ajm,1,0.20228195,1,2026-07-30 01:32,2026-07-30 01:32,bc1qc779m8gec84k3t0ffvu0pps94zheht7lr7ueyn,,https://mempool.space/address/bc1qrs84tpqcgcxzffh4fvfzvjxfg8tn0szf9z6ajm
bc1qc6glrwwx6pdyx598rlcragysjhd02pwauk3n8d,1,0.20165057,1,2026-07-30 01:32,2026-07-30 01:32,bc1qc779m8gec84k3t0ffvu0pps94zheht7lr7ueyn,,https://mempool.space/address/bc1qc6glrwwx6pdyx598rlcragysjhd02pwauk3n8d
bc1qlhmw5c6eqnvjdsy4tg4q6r4xdg57zaazu2g9he,1,0.199967,1,2026-07-30 01:32,2026-07-30 01:32,bc1qc779m8gec84k3t0ffvu0pps94zheht7lr7ueyn,,https://mempool.space/address/bc1qlhmw5c6eqnvjdsy4tg4q6r4xdg57zaazu2g9he
bc1qe9mpc879hekuvnu7hrrsw2jrnqtfpw9zggak5v,1,0.199967,1,2026-07-30 01:32,2026-07-30 01:32,bc1qc779m8gec84k3t0ffvu0pps94zheht7lr7ueyn,,https://mempool.space/address/bc1qe9mpc879hekuvnu7hrrsw2jrnqtfpw9zggak5v
bc1qnr2pgfhx03m5gkxqsynw9nvvn2l2mxqpqvj3k3,1,0.199967,1,2026-07-30 01:32,2026-07-30 01:32,bc1qc779m8gec84k3t0ffvu0pps94zheht7lr7ueyn,,https://mempool.space/address/bc1qnr2pgfhx03m5gkxqsynw9nvvn2l2mxqpqvj3k3
bc1q5gn8nx94ge7jt6zpj28rquqdr4m3hdn3s425pt,1,0.199967,1,2026-07-30 01:32,2026-07-30 01:32,bc1qc779m8gec84k3t0ffvu0pps94zheht7lr7ueyn,,https://mempool.space/address/bc1q5gn8nx94ge7jt6zpj28rquqdr4m3hdn3s425pt
bc1qgwn47j52fuddk0xddauqgymm5dx309kc8es8f5,1,0.199967,1,2026-07-30 01:32,2026-07-30 01:32,bc1qc779m8gec84k3t0ffvu0pps94zheht7lr7ueyn,,https://mempool.space/address/bc1qgwn47j52fuddk0xddauqgymm5dx309kc8es8f5
bc1qw7zuj4avq388eayq2hcrf2d7sqe6m79vw5rgqg,1,0.199967,1,2026-07-30 01:32,2026-07-30 01:32,bc1qc779m8gec84k3t0ffvu0pps94zheht7lr7ueyn,,https://mempool.space/address/bc1qw7zuj4avq388eayq2hcrf2d7sqe6m79vw5rgqg
bc1q0dtl8f4qf58ep04vddyzp7wsra6u2flvmwfq5y,1,0.199967,1,2026-07-30 01:32,2026-07-30 01:32,bc1qc779m8gec84k3t0ffvu0pps94zheht7lr7ueyn,,https://mempool.space/address/bc1q0dtl8f4qf58ep04vddyzp7wsra6u2flvmwfq5y
bc1q6fjdchd57xdme9zr0y7zjm96yf3n52j7k2uqas,1,0.19992527,1,2026-07-30 01:32,2026-07-30 01:32,bc1qc779m8gec84k3t0ffvu0pps94zheht7lr7ueyn,,https://mempool.space/address/bc1q6fjdchd57xdme9zr0y7zjm96yf3n52j7k2uqas
bc1q5cu4pfvqppp00925rf47rm4f73fqmu78cudy4j,1,0.199217,1,2026-07-30 01:32,2026-07-30 01:32,bc1qc779m8gec84k3t0ffvu0pps94zheht7lr7ueyn,,https://mempool.space/address/bc1q5cu4pfvqppp00925rf47rm4f73fqmu78cudy4j
bc1qngzy9fjmlty7yzhrptd3jyv56dxjpxpkhsxfrz,1,0.19917266,1,2026-07-30 01:32,2026-07-30 01:32,bc1qc779m8gec84k3t0ffvu0pps94zheht7lr7ueyn,,https://mempool.space/address/bc1qngzy9fjmlty7yzhrptd3jyv56dxjpxpkhsxfrz
bc1q8c6rt4e36xphx3hqk9qzaqldxcczms70n7rgp5,1,0.19905994,1,2026-07-30 01:32,2026-07-30 01:32,bc1qc779m8gec84k3t0ffvu0pps94zheht7lr7ueyn,,https://mempool.space/address/bc1q8c6rt4e36xphx3hqk9qzaqldxcczms70n7rgp5
bc1qjnhj784vwkjx7h89n7cwjgfut9eya5fxeh8nne,1,0.19780139,1,2026-07-30 01:32,2026-07-30 01:32,bc1qc779m8gec84k3t0ffvu0pps94zheht7lr7ueyn,,https://mempool.space/address/bc1qjnhj784vwkjx7h89n7cwjgfut9eya5fxeh8nne
bc1qlv3m20055m3vm6cqsxddsk5d29dm3khq09dsl3,1,0.19723953,1,2026-07-30 01:32,2026-07-30 01:32,bc1qc779m8gec84k3t0ffvu0pps94zheht7lr7ueyn,,https://mempool.space/address/bc1qlv3m20055m3vm6cqsxddsk5d29dm3khq09dsl3
bc1qd2mum7eju7wfxxa4jg4w7spvlxsvhrt7ju32g5,1,0.19600018,1,2026-07-30 01:32,2026-07-30 01:32,bc1qc779m8gec84k3t0ffvu0pps94zheht7lr7ueyn,,https://mempool.space/address/bc1qd2mum7eju7wfxxa4jg4w7spvlxsvhrt7ju32g5
bc1qm8vw989tk9kqf4x25ucp7yjlw36lahc00ww7g2,1,0.19588542,1,2026-07-30 01:32,2026-07-30 01:32,bc1qc779m8gec84k3t0ffvu0pps94zheht7lr7ueyn,,https://mempool.space/address/bc1qm8vw989tk9kqf4x25ucp7yjlw36lahc00ww7g2
bc1qwvuux6d9ysvkfwsk6l376rh0fpfmcee5erxy46,1,0.195268,1,2026-07-30 01:32,2026-07-30 01:32,bc1qc779m8gec84k3t0ffvu0pps94zheht7lr7ueyn,,https://mempool.space/address/bc1qwvuux6d9ysvkfwsk6l376rh0fpfmcee5erxy46
bc1q2t2qsdx33fka247jz3dnmzp7xv9lyaxd9y27ej,1,0.19492647,1,2026-07-30 01:32,2026-07-30 01:32,bc1qc779m8gec84k3t0ffvu0pps94zheht7lr7ueyn,,https://mempool.space/address/bc1q2t2qsdx33fka247jz3dnmzp7xv9lyaxd9y27ej
bc1qj62xx96c70jhxgd8ytatns209j2ray3luvv7r2,1,0.19408253,1,2026-07-30 01:32,2026-07-30 01:32,bc1qc779m8gec84k3t0ffvu0pps94zheht7lr7ueyn,,https://mempool.space/address/bc1qj62xx96c70jhxgd8ytatns209j2ray3luvv7r2
bc1q25z4vs6mdr8lvyp8zz4vw7239gp9kymdx2q36v,1,0.192057,1,2026-07-30 01:32,2026-07-30 01:32,bc1qc779m8gec84k3t0ffvu0pps94zheht7lr7ueyn,,https://mempool.space/address/bc1q25z4vs6mdr8lvyp8zz4vw7239gp9kymdx2q36v
bc1q2hvl72j5cgs9ty96u4dqzffsncwrg08m8n3epa,1,0.19196833,1,2026-07-30 01:32,2026-07-30 01:32,bc1qc779m8gec84k3t0ffvu0pps94zheht7lr7ueyn,,https://mempool.space/address/bc1q2hvl72j5cgs9ty96u4dqzffsncwrg08m8n3epa
bc1q9ue932kqk3exzj5mlf7w6kedt9avxcktjrlw9q,1,0.19056971,1,2026-07-30 01:32,2026-07-30 01:32,bc1qc779m8gec84k3t0ffvu0pps94zheht7lr7ueyn,,https://mempool.space/address/bc1q9ue932kqk3exzj5mlf7w6kedt9avxcktjrlw9q
bc1qhuyzgwxwt7rjjadk5qczklkpuu257xumem8kvp,1,0.18990021,1,2026-07-30 01:32,2026-07-30 01:32,bc1qc779m8gec84k3t0ffvu0pps94zheht7lr7ueyn,,https://mempool.space/address/bc1qhuyzgwxwt7rjjadk5qczklkpuu257xumem8kvp
bc1qc9du92x394uzjv6gda8w3n3tez6vwgdgesgutd,1,0.18969802,1,2026-07-30 01:32,2026-07-30 01:32,bc1qc779m8gec84k3t0ffvu0pps94zheht7lr7ueyn,,https://mempool.space/address/bc1qc9du92x394uzjv6gda8w3n3tez6vwgdgesgutd
bc1quuxanhy4ylegdxvhf6y5upk0yp9y5zp04pp2fw,1,0.18644617,1,2026-07-30 01:32,2026-07-30 01:32,bc1qc779m8gec84k3t0ffvu0pps94zheht7lr7ueyn,,https://mempool.space/address/bc1quuxanhy4ylegdxvhf6y5upk0yp9y5zp04pp2fw
bc1qx3aauk3kkwr24u8qv837uqlmz6wfhzssn2wf88,1,0.1858548,1,2026-07-30 01:32,2026-07-30 01:32,bc1qc779m8gec84k3t0ffvu0pps94zheht7lr7ueyn,,https://mempool.space/address/bc1qx3aauk3kkwr24u8qv837uqlmz6wfhzssn2wf88
bc1qltypn65u5u8mt0w5v0qah4vk6vtef5vm292jra,1,0.18521771,1,2026-07-30 01:32,2026-07-30 01:32,bc1qc779m8gec84k3t0ffvu0pps94zheht7lr7ueyn,,https://mempool.space/address/bc1qltypn65u5u8mt0w5v0qah4vk6vtef5vm292jra
bc1qse3lq93efk590rvdut8aftkaw9mjyjs38227e9,1,0.18450543,1,2026-07-30 01:32,2026-07-30 01:32,bc1qc779m8gec84k3t0ffvu0pps94zheht7lr7ueyn,,https://mempool.space/address/bc1qse3lq93efk590rvdut8aftkaw9mjyjs38227e9
bc1qd8d9ghrnlrmddx65vw3kujqxk7yklv2dnqvt6f,1,0.18360997,1,2026-07-30 01:32,2026-07-30 01:32,bc1qc779m8gec84k3t0ffvu0pps94zheht7lr7ueyn,,https://mempool.space/address/bc1qd8d9ghrnlrmddx65vw3kujqxk7yklv2dnqvt6f
bc1qyqvj5eud2ez6j87n7f9xz96wzcpt36px2nk3we,1,0.18345542,1,2026-07-30 01:32,2026-07-30 01:32,bc1qc779m8gec84k3t0ffvu0pps94zheht7lr7ueyn,,https://mempool.space/address/bc1qyqvj5eud2ez6j87n7f9xz96wzcpt36px2nk3we
bc1qlqcvedqh8p9d4jz5ecvl4q8dxawtvvzzfpc0w3,1,0.18246528,1,2026-07-30 01:32,2026-07-30 01:32,bc1qc779m8gec84k3t0ffvu0pps94zheht7lr7ueyn,,https://mempool.space/address/bc1qlqcvedqh8p9d4jz5ecvl4q8dxawtvvzzfpc0w3
bc1q7dn3rfzkskvhywumesp92ky9pvn2ddnl0yegjm,1,0.18243537,1,2026-07-30 01:32,2026-07-30 01:32,bc1qc779m8gec84k3t0ffvu0pps94zheht7lr7ueyn,,https://mempool.space/address/bc1q7dn3rfzkskvhywumesp92ky9pvn2ddnl0yegjm
bc1qfv32rx7atts8mlg5r0xxvwx5yac5n2zwjncc0q,1,0.18071643,1,2026-07-30 01:32,2026-07-30 01:32,bc1qc779m8gec84k3t0ffvu0pps94zheht7lr7ueyn,,https://mempool.space/address/bc1qfv32rx7atts8mlg5r0xxvwx5yac5n2zwjncc0q
bc1qkcfwka0ehzrsxrehyu7rzk00unwygzct8jxht0,1,0.179967,1,2026-07-30 01:32,2026-07-30 01:32,bc1qc779m8gec84k3t0ffvu0pps94zheht7lr7ueyn,,https://mempool.space/address/bc1qkcfwka0ehzrsxrehyu7rzk00unwygzct8jxht0
bc1qy0mut00s6xk4ahjcz7aruzku9hr7geltm2r2sp,1,0.17552125,1,2026-07-30 01:32,2026-07-30 01:32,bc1qc779m8gec84k3t0ffvu0pps94zheht7lr7ueyn,,https://mempool.space/address/bc1qy0mut00s6xk4ahjcz7aruzku9hr7geltm2r2sp
bc1q2gs3n9y6l6vnxttsjanffnava2a6k3hnejrkez,1,0.17518459,1,2026-07-30 01:32,2026-07-30 01:32,bc1qc779m8gec84k3t0ffvu0pps94zheht7lr7ueyn,,https://mempool.space/address/bc1q2gs3n9y6l6vnxttsjanffnava2a6k3hnejrkez
bc1qytwukrvqlw07t79nqwaqq7t98pat37ylk68vrr,1,0.17479857,1,2026-07-30 01:32,2026-07-30 01:32,bc1qc779m8gec84k3t0ffvu0pps94zheht7lr7ueyn,,https://mempool.space/address/bc1qytwukrvqlw07t79nqwaqq7t98pat37ylk68vrr
bc1qezq6apdam2zxc2g7sn5um6v292lpjzz5ldh5rl,1,0.17465482,1,2026-07-30 01:32,2026-07-30 01:32,bc1qc779m8gec84k3t0ffvu0pps94zheht7lr7ueyn,,https://mempool.space/address/bc1qezq6apdam2zxc2g7sn5um6v292lpjzz5ldh5rl
bc1qg2qrpejuf84a7p7evfce5tyhjjdcq0mztzvlry,1,0.17461224,1,2026-07-30 01:32,2026-07-30 01:32,bc1qc779m8gec84k3t0ffvu0pps94zheht7lr7ueyn,,https://mempool.space/address/bc1qg2qrpejuf84a7p7evfce5tyhjjdcq0mztzvlry
bc1qy59thx7sclhkx337vs52lfx3pa0m86zpwtdr88,1,0.17418559,1,2026-07-30 01:32,2026-07-30 01:32,bc1qc779m8gec84k3t0ffvu0pps94zheht7lr7ueyn,,https://mempool.space/address/bc1qy59thx7sclhkx337vs52lfx3pa0m86zpwtdr88
bc1qv6hyqznrq3tcd03ly0ysvu3trk7vlg8r2gc7xz,1,0.17396657,1,2026-07-30 01:32,2026-07-30 01:32,bc1qc779m8gec84k3t0ffvu0pps94zheht7lr7ueyn,,https://mempool.space/address/bc1qv6hyqznrq3tcd03ly0ysvu3trk7vlg8r2gc7xz
bc1q0j8jzeawyqnr7zrx64y3yu5n7qw07dmhecs4pa,1,0.17388305,1,2026-07-30 01:32,2026-07-30 01:32,bc1qc779m8gec84k3t0ffvu0pps94zheht7lr7ueyn,,https://mempool.space/address/bc1q0j8jzeawyqnr7zrx64y3yu5n7qw07dmhecs4pa
bc1qack3d626nmqll0tcn72zalutnkqe4cqjxkldgu,1,0.17315857,1,2026-07-30 01:32,2026-07-30 01:32,bc1qc779m8gec84k3t0ffvu0pps94zheht7lr7ueyn,,https://mempool.space/address/bc1qack3d626nmqll0tcn72zalutnkqe4cqjxkldgu
bc1qm26ykwv2u9yn9ww00vgx7vhh9xmd89pzun4ejt,1,0.16891671,1,2026-07-30 01:32,2026-07-30 01:32,bc1qc779m8gec84k3t0ffvu0pps94zheht7lr7ueyn,,https://mempool.space/address/bc1qm26ykwv2u9yn9ww00vgx7vhh9xmd89pzun4ejt
bc1qrau5kc0yu63880xayywpjw03cawsec8t7lksrp,1,0.16754218,1,2026-07-30 01:32,2026-07-30 01:32,bc1qc779m8gec84k3t0ffvu0pps94zheht7lr7ueyn,,https://mempool.space/address/bc1qrau5kc0yu63880xayywpjw03cawsec8t7lksrp
bc1qzjxvw0vwus9a3ugr6x7ttrrpggygw80gf68xpp,1,0.1663841,1,2026-07-30 01:32,2026-07-30 01:32,bc1qc779m8gec84k3t0ffvu0pps94zheht7lr7ueyn,,https://mempool.space/address/bc1qzjxvw0vwus9a3ugr6x7ttrrpggygw80gf68xpp
bc1q6prcx70jz8em7den2jsekuvr0ffpwvfkau3usy,1,0.16551555,1,2026-07-30 01:32,2026-07-30 01:32,bc1qc779m8gec84k3t0ffvu0pps94zheht7lr7ueyn,,https://mempool.space/address/bc1q6prcx70jz8em7den2jsekuvr0ffpwvfkau3usy
bc1qrnkcdsyn0uhkxcxhcdcd2k5aw0mayq67p2w8xj,1,0.16490082,1,2026-07-30 01:32,2026-07-30 01:32,bc1qc779m8gec84k3t0ffvu0pps94zheht7lr7ueyn,,https://mempool.space/address/bc1qrnkcdsyn0uhkxcxhcdcd2k5aw0mayq67p2w8xj
bc1qq6fs6rqcjnuzg2vjakj3rpdx3sukav6my7npsk,1,0.16412289,1,2026-07-30 01:32,2026-07-30 01:32,bc1qc779m8gec84k3t0ffvu0pps94zheht7lr7ueyn,,https://mempool.space/address/bc1qq6fs6rqcjnuzg2vjakj3rpdx3sukav6my7npsk
bc1qh8zf43strydrq30sltyygc29t5tlh8xw0u8gcz,1,0.16224002,1,2026-07-30 01:32,2026-07-30 01:32,bc1qc779m8gec84k3t0ffvu0pps94zheht7lr7ueyn,,https://mempool.space/address/bc1qh8zf43strydrq30sltyygc29t5tlh8xw0u8gcz
bc1q60fqffl34h8hdu00gc92vuyvfvz64f23vut0jn,1,0.16198912,1,2026-07-30 01:32,2026-07-30 01:32,bc1qc779m8gec84k3t0ffvu0pps94zheht7lr7ueyn,,https://mempool.space/address/bc1q60fqffl34h8hdu00gc92vuyvfvz64f23vut0jn
bc1q09gpq590gfjjpeegc6l9zqjm4akjlnryax6f20,1,0.16113098,1,2026-07-30 01:32,2026-07-30 01:32,bc1qc779m8gec84k3t0ffvu0pps94zheht7lr7ueyn,,https://mempool.space/address/bc1q09gpq590gfjjpeegc6l9zqjm4akjlnryax6f20
bc1qej84mrgrlf3gvezspz74c4gcnaerd39v9gpv9z,1,0.16094797,1,2026-07-30 01:32,2026-07-30 01:32,bc1qc779m8gec84k3t0ffvu0pps94zheht7lr7ueyn,,https://mempool.space/address/bc1qej84mrgrlf3gvezspz74c4gcnaerd39v9gpv9z
bc1qdye80ngczk5a2ct2dmll3kv7wh6x6akyxawew5,1,0.16049198,1,2026-07-30 01:32,2026-07-30 01:32,bc1qc779m8gec84k3t0ffvu0pps94zheht7lr7ueyn,,https://mempool.space/address/bc1qdye80ngczk5a2ct2dmll3kv7wh6x6akyxawew5
bc1q075lfpe4rcm6r25lkm9yd3ctarh3yz8ys8jmtd,1,0.15999473,1,2026-07-30 01:32,2026-07-30 01:32,bc1qc779m8gec84k3t0ffvu0pps94zheht7lr7ueyn,,https://mempool.space/address/bc1q075lfpe4rcm6r25lkm9yd3ctarh3yz8ys8jmtd
bc1qrh9kzkvkjffvm9x9nckumvlq6epsj20x29vq59,1,0.15899774,1,2026-07-30 01:32,2026-07-30 01:32,bc1qc779m8gec84k3t0ffvu0pps94zheht7lr7ueyn,,https://mempool.space/address/bc1qrh9kzkvkjffvm9x9nckumvlq6epsj20x29vq59
bc1qp9tr2ksq4p89ahl9ha7j8pez0rexzfdmun7fm7,1,0.15838178,1,2026-07-30 01:32,2026-07-30 01:32,bc1qc779m8gec84k3t0ffvu0pps94zheht7lr7ueyn,,https://mempool.space/address/bc1qp9tr2ksq4p89ahl9ha7j8pez0rexzfdmun7fm7
bc1qu98gs94q57mw3xveps8074uhp00lsq2wtclylr,1,0.15810659,1,2026-07-30 01:32,2026-07-30 01:32,bc1qc779m8gec84k3t0ffvu0pps94zheht7lr7ueyn,,https://mempool.space/address/bc1qu98gs94q57mw3xveps8074uhp00lsq2wtclylr
bc1q4p9y99cu6mm43vln05rmn7mh0u7zlrfv95z06t,1,0.1576091,1,2026-07-30 01:32,2026-07-30 01:32,bc1qc779m8gec84k3t0ffvu0pps94zheht7lr7ueyn,,https://mempool.space/address/bc1q4p9y99cu6mm43vln05rmn7mh0u7zlrfv95z06t
bc1qytuhs7xtepqa7709tg6vdwm4qslv0ew3wn6lf6,1,0.15754997,1,2026-07-30 01:32,2026-07-30 01:32,bc1qc779m8gec84k3t0ffvu0pps94zheht7lr7ueyn,,https://mempool.space/address/bc1qytuhs7xtepqa7709tg6vdwm4qslv0ew3wn6lf6
bc1qjcx6t9sgqj53qnjx59q4qj574zxdvyx3xlah42,1,0.15712558,1,2026-07-30 01:32,2026-07-30 01:32,bc1qc779m8gec84k3t0ffvu0pps94zheht7lr7ueyn,,https://mempool.space/address/bc1qjcx6t9sgqj53qnjx59q4qj574zxdvyx3xlah42
bc1qx4qxzz9pl2hkmpgxnwu3jrldmly46ly8ju2n23,1,0.15690311,1,2026-07-30 01:32,2026-07-30 01:32,bc1qc779m8gec84k3t0ffvu0pps94zheht7lr7ueyn,,https://mempool.space/address/bc1qx4qxzz9pl2hkmpgxnwu3jrldmly46ly8ju2n23
bc1qau3lmss6dcd6vvj2q4dkr64x0zlghdzkf23lfz,1,0.15612189,1,2026-07-30 01:32,2026-07-30 01:32,bc1qc779m8gec84k3t0ffvu0pps94zheht7lr7ueyn,,https://mempool.space/address/bc1qau3lmss6dcd6vvj2q4dkr64x0zlghdzkf23lfz
bc1qfm6a7p274krh7eagx7a8sh2jstan7m2udw7zjv,1,0.1559072,1,2026-07-30 01:32,2026-07-30 01:32,bc1qc779m8gec84k3t0ffvu0pps94zheht7lr7ueyn,,https://mempool.space/address/bc1qfm6a7p274krh7eagx7a8sh2jstan7m2udw7zjv
bc1qezgrgjtaf2jjduv3cwzf8ypr5fhuh08cc4qa9u,1,0.15521254,1,2026-07-30 01:32,2026-07-30 01:32,bc1qc779m8gec84k3t0ffvu0pps94zheht7lr7ueyn,,https://mempool.space/address/bc1qezgrgjtaf2jjduv3cwzf8ypr5fhuh08cc4qa9u
bc1qfclt6yvcvc7skdteqfkvuxfxryn45k0rv6s5r4,1,0.1541739,1,2026-07-30 01:32,2026-07-30 01:32,bc1qc779m8gec84k3t0ffvu0pps94zheht7lr7ueyn,,https://mempool.space/address/bc1qfclt6yvcvc7skdteqfkvuxfxryn45k0rv6s5r4
bc1qtzt2esux3m6qwc00z9m0lft00ny0qremjrvw9l,1,0.15401301,1,2026-07-30 01:32,2026-07-30 01:32,bc1qc779m8gec84k3t0ffvu0pps94zheht7lr7ueyn,,https://mempool.space/address/bc1qtzt2esux3m6qwc00z9m0lft00ny0qremjrvw9l
bc1quavwp7ht8qntxvhp0dk5fz7954cl0qnsazq4ef,1,0.153036,1,2026-07-30 01:32,2026-07-30 01:32,bc1qc779m8gec84k3t0ffvu0pps94zheht7lr7ueyn,,https://mempool.space/address/bc1quavwp7ht8qntxvhp0dk5fz7954cl0qnsazq4ef
bc1qf7gu07u92wd93x7kx3qw2h6xq2vdmkdp7w5kmk,1,0.15212128,1,2026-07-30 01:32,2026-07-30 01:32,bc1qc779m8gec84k3t0ffvu0pps94zheht7lr7ueyn,,https://mempool.space/address/bc1qf7gu07u92wd93x7kx3qw2h6xq2vdmkdp7w5kmk
bc1q43lx2gjkl39dujp7vh3tr433szkuptytq7tt7n,1,0.15197489,1,2026-07-30 01:32,2026-07-30 01:32,bc1qc779m8gec84k3t0ffvu0pps94zheht7lr7ueyn,,https://mempool.space/address/bc1q43lx2gjkl39dujp7vh3tr433szkuptytq7tt7n
bc1qzxat990n3dr74n3f83cf0jjw5h8ac8nxyt5may,1,0.15075727,1,2026-07-30 01:32,2026-07-30 01:32,bc1qc779m8gec84k3t0ffvu0pps94zheht7lr7ueyn,,https://mempool.space/address/bc1qzxat990n3dr74n3f83cf0jjw5h8ac8nxyt5may
bc1q7qdyxlh3rhv7znnl9v6wy5k4nufdpnr4qkewwu,1,0.149967,1,2026-07-30 01:32,2026-07-30 01:32,bc1qc779m8gec84k3t0ffvu0pps94zheht7lr7ueyn,,https://mempool.space/address/bc1q7qdyxlh3rhv7znnl9v6wy5k4nufdpnr4qkewwu
bc1qpushc6f4lvnrtc7rxf4zau8glkue8x80zz79tc,1,0.149967,1,2026-07-30 01:32,2026-07-30 01:32,bc1qc779m8gec84k3t0ffvu0pps94zheht7lr7ueyn,,https://mempool.space/address/bc1qpushc6f4lvnrtc7rxf4zau8glkue8x80zz79tc
bc1qspsgdratwzw3nkkw86ekrkrnh0jqgvrw4q6r5p,1,0.149967,1,2026-07-30 01:32,2026-07-30 01:32,bc1qc779m8gec84k3t0ffvu0pps94zheht7lr7ueyn,,https://mempool.space/address/bc1qspsgdratwzw3nkkw86ekrkrnh0jqgvrw4q6r5p
bc1q2js9lx932xt47twa9sxrwwvry2wyajtk945anu,1,0.149967,1,2026-07-30 01:32,2026-07-30 01:32,bc1qc779m8gec84k3t0ffvu0pps94zheht7lr7ueyn,,https://mempool.space/address/bc1q2js9lx932xt47twa9sxrwwvry2wyajtk945anu
bc1q4vhdmlt8w5xjkme0auefwk0jxc05d45kcs3hj6,1,0.149967,1,2026-07-30 01:32,2026-07-30 01:32,bc1qc779m8gec84k3t0ffvu0pps94zheht7lr7ueyn,,https://mempool.space/address/bc1q4vhdmlt8w5xjkme0auefwk0jxc05d45kcs3hj6
bc1qghvugjt3l38hfhpyry7qumssr4wjpmga6u4yvg,1,0.149967,1,2026-07-30 01:32,2026-07-30 01:32,bc1qc779m8gec84k3t0ffvu0pps94zheht7lr7ueyn,,https://mempool.space/address/bc1qghvugjt3l38hfhpyry7qumssr4wjpmga6u4yvg
bc1qsvcmgf4uurxmtu7xsv0a9094g4ag5z767mjacz,1,0.149967,1,2026-07-30 01:32,2026-07-30 01:32,bc1qc779m8gec84k3t0ffvu0pps94zheht7lr7ueyn,,https://mempool.space/address/bc1qsvcmgf4uurxmtu7xsv0a9094g4ag5z767mjacz
bc1qjyrx2utjsepfym5xg8tu7vxheg84hhwms35kje,1,0.149967,1,2026-07-30 01:32,2026-07-30 01:32,bc1qc779m8gec84k3t0ffvu0pps94zheht7lr7ueyn,,https://mempool.space/address/bc1qjyrx2utjsepfym5xg8tu7vxheg84hhwms35kje
bc1qm5uwhmyf7xkl0j8e55dy5sr26vgsvpv9eeqfzw,1,0.149967,1,2026-07-30 01:32,2026-07-30 01:32,bc1qc779m8gec84k3t0ffvu0pps94zheht7lr7ueyn,,https://mempool.space/address/bc1qm5uwhmyf7xkl0j8e55dy5sr26vgsvpv9eeqfzw
bc1q38sknwyqqwr9vtss94v0fv7zys4yekzt8rndhu,1,0.149967,1,2026-07-30 01:32,2026-07-30 01:32,bc1qc779m8gec84k3t0ffvu0pps94zheht7lr7ueyn,,https://mempool.space/address/bc1q38sknwyqqwr9vtss94v0fv7zys4yekzt8rndhu
bc1q5pz7cppsdruuwmulxx7yxg8qgwwx97rjyre63x,1,0.149967,1,2026-07-30 01:32,2026-07-30 01:32,bc1qc779m8gec84k3t0ffvu0pps94zheht7lr7ueyn,,https://mempool.space/address/bc1q5pz7cppsdruuwmulxx7yxg8qgwwx97rjyre63x
bc1qeamrmw0vphsygm67yr9907k2lmysffugcpy6vy,1,0.149967,1,2026-07-30 01:32,2026-07-30 01:32,bc1qc779m8gec84k3t0ffvu0pps94zheht7lr7ueyn,,https://mempool.space/address/bc1qeamrmw0vphsygm67yr9907k2lmysffugcpy6vy
bc1qt8rg0rqqsztfamksvm2hsw0pkn4p0tsv72efen,1,0.149967,1,2026-07-30 01:32,2026-07-30 01:32,bc1qc779m8gec84k3t0ffvu0pps94zheht7lr7ueyn,,https://mempool.space/address/bc1qt8rg0rqqsztfamksvm2hsw0pkn4p0tsv72efen
bc1qlpsmyy9k6ar2ksz0fumue76s6qmpr5wxwpafp7,1,0.149967,1,2026-07-30 01:32,2026-07-30 01:32,bc1qc779m8gec84k3t0ffvu0pps94zheht7lr7ueyn,,https://mempool.space/address/bc1qlpsmyy9k6ar2ksz0fumue76s6qmpr5wxwpafp7
bc1qsx2r2qa2d3ps9jyae2hazmjtxldaad2ydxuz4a,1,0.149967,1,2026-07-30 01:32,2026-07-30 01:32,bc1qc779m8gec84k3t0ffvu0pps94zheht7lr7ueyn,,https://mempool.space/address/bc1qsx2r2qa2d3ps9jyae2hazmjtxldaad2ydxuz4a
bc1qne92k9jgmmnq2lvl654xvezy6akf9539lpe23p,1,0.149967,1,2026-07-30 01:32,2026-07-30 01:32,bc1qc779m8gec84k3t0ffvu0pps94zheht7lr7ueyn,,https://mempool.space/address/bc1qne92k9jgmmnq2lvl654xvezy6akf9539lpe23p
bc1qk8d3xu7v0h559gs6alzmsp7j66fe36nrdsv6pk,1,0.149967,1,2026-07-30 01:32,2026-07-30 01:32,bc1qc779m8gec84k3t0ffvu0pps94zheht7lr7ueyn,,https://mempool.space/address/bc1qk8d3xu7v0h559gs6alzmsp7j66fe36nrdsv6pk
bc1qjwsv43zau6hvsyd5ydj0mr3re5tgtgh86qrmsv,1,0.14996295,1,2026-07-30 01:32,2026-07-30 01:32,bc1qc779m8gec84k3t0ffvu0pps94zheht7lr7ueyn,,https://mempool.space/address/bc1qjwsv43zau6hvsyd5ydj0mr3re5tgtgh86qrmsv
bc1qgf2zss4ftxpzqfc6an3r02s076zmn30qyl6jct,1,0.1499598,1,2026-07-30 01:32,2026-07-30 01:32,bc1qc779m8gec84k3t0ffvu0pps94zheht7lr7ueyn,,https://mempool.space/address/bc1qgf2zss4ftxpzqfc6an3r02s076zmn30qyl6jct
bc1qn8ph67vcn3ux5rxamsrfq7wc33x0xd8rapqt2c,1,0.1482401,1,2026-07-30 01:32,2026-07-30 01:32,bc1qc779m8gec84k3t0ffvu0pps94zheht7lr7ueyn,,https://mempool.space/address/bc1qn8ph67vcn3ux5rxamsrfq7wc33x0xd8rapqt2c
bc1qphfh3qqa0al8kjqmg4m99skpj80vkrx5hqx9n2,1,0.14765288,1,2026-07-30 01:32,2026-07-30 01:32,bc1qc779m8gec84k3t0ffvu0pps94zheht7lr7ueyn,,https://mempool.space/address/bc1qphfh3qqa0al8kjqmg4m99skpj80vkrx5hqx9n2
bc1q8umfzljw0y3438g6ustyddmf0jj9fvzya7vncf,1,0.14662668,1,2026-07-30 01:32,2026-07-30 01:32,bc1qc779m8gec84k3t0ffvu0pps94zheht7lr7ueyn,,https://mempool.space/address/bc1q8umfzljw0y3438g6ustyddmf0jj9fvzya7vncf
bc1qy5q6jkynhfqzvelgy82jahz83ngxzny8f2r45v,1,0.14583427,1,2026-07-30 01:32,2026-07-30 01:32,bc1qc779m8gec84k3t0ffvu0pps94zheht7lr7ueyn,,https://mempool.space/address/bc1qy5q6jkynhfqzvelgy82jahz83ngxzny8f2r45v
bc1qumzsakw4729qq2ry4mvepz8vfewv8a0rrytnx3,1,0.14532834,1,2026-07-30 01:32,2026-07-30 01:32,bc1qc779m8gec84k3t0ffvu0pps94zheht7lr7ueyn,,https://mempool.space/address/bc1qumzsakw4729qq2ry4mvepz8vfewv8a0rrytnx3
bc1qe2qjed2p3xu3rx3enk00tzunv4tjw5l4zfa04c,1,0.14394986,1,2026-07-30 01:32,2026-07-30 01:32,bc1qc779m8gec84k3t0ffvu0pps94zheht7lr7ueyn,,https://mempool.space/address/bc1qe2qjed2p3xu3rx3enk00tzunv4tjw5l4zfa04c
bc1q0dsye9mmtlghup9xpnyhm3mq389queyw59anvf,1,0.14215172,1,2026-07-30 01:32,2026-07-30 01:32,bc1qc779m8gec84k3t0ffvu0pps94zheht7lr7ueyn,,https://mempool.space/address/bc1q0dsye9mmtlghup9xpnyhm3mq389queyw59anvf
bc1qemrtwwjwqfsgzc4wfrvz5fsfmyrnu5vht29w3c,1,0.14209111,1,2026-07-30 01:32,2026-07-30 01:32,bc1qc779m8gec84k3t0ffvu0pps94zheht7lr7ueyn,,https://mempool.space/address/bc1qemrtwwjwqfsgzc4wfrvz5fsfmyrnu5vht29w3c
bc1qw8tpy90ht53qncg0jezxnq0cwwky0w7ns0724w,1,0.14015653,1,2026-07-30 01:32,2026-07-30 01:32,bc1qc779m8gec84k3t0ffvu0pps94zheht7lr7ueyn,,https://mempool.space/address/bc1qw8tpy90ht53qncg0jezxnq0cwwky0w7ns0724w
bc1qrdud78474f59nu63q4e85p7dglvnls0a2zqpfq,1,0.13965578,1,2026-07-30 01:32,2026-07-30 01:32,bc1qc779m8gec84k3t0ffvu0pps94zheht7lr7ueyn,,https://mempool.space/address/bc1qrdud78474f59nu63q4e85p7dglvnls0a2zqpfq
bc1qrq4qg7uvhpnjrvaygag2dwj0cetmntwsguy7ag,1,0.13952253,1,2026-07-30 01:32,2026-07-30 01:32,bc1qc779m8gec84k3t0ffvu0pps94zheht7lr7ueyn,,https://mempool.space/address/bc1qrq4qg7uvhpnjrvaygag2dwj0cetmntwsguy7ag
bc1qycaw6ywt866g454zh8egw72j87msm5gd6qu2cc,1,0.13761911,1,2026-07-30 01:32,2026-07-30 01:32,bc1qc779m8gec84k3t0ffvu0pps94zheht7lr7ueyn,,https://mempool.space/address/bc1qycaw6ywt866g454zh8egw72j87msm5gd6qu2cc
bc1qydxg8r7ljneutmruw8l9gpcchw5mfgjg2v5wmw,1,0.13741417,1,2026-07-30 01:32,2026-07-30 01:32,bc1qc779m8gec84k3t0ffvu0pps94zheht7lr7ueyn,,https://mempool.space/address/bc1qydxg8r7ljneutmruw8l9gpcchw5mfgjg2v5wmw
bc1qqnkjf3sf66tnh6q6xa4aav0tscl58rfdg83450,1,0.13557798,1,2026-07-30 01:32,2026-07-30 01:32,bc1qc779m8gec84k3t0ffvu0pps94zheht7lr7ueyn,,https://mempool.space/address/bc1qqnkjf3sf66tnh6q6xa4aav0tscl58rfdg83450
bc1qgtjpdqwdr7kkzstqm6w4vll5s8u6s62y8993y0,1,0.1350323,1,2026-07-30 01:32,2026-07-30 01:32,bc1qc779m8gec84k3t0ffvu0pps94zheht7lr7ueyn,,https://mempool.space/address/bc1qgtjpdqwdr7kkzstqm6w4vll5s8u6s62y8993y0
bc1q08fjxvz0e5rpdpjm0cu5r95kfkx20z2f3t3swt,1,0.13495606,1,2026-07-30 01:32,2026-07-30 01:32,bc1qc779m8gec84k3t0ffvu0pps94zheht7lr7ueyn,,https://mempool.space/address/bc1q08fjxvz0e5rpdpjm0cu5r95kfkx20z2f3t3swt
bc1qx59kvz98aye9u0nr6atkstdljh5mx7yszjfyvw,1,0.13193052,1,2026-07-30 01:32,2026-07-30 01:32,bc1qc779m8gec84k3t0ffvu0pps94zheht7lr7ueyn,,https://mempool.space/address/bc1qx59kvz98aye9u0nr6atkstdljh5mx7yszjfyvw
bc1qdtrd75ynkt8xu3ks0e7hrlfgzftacfeu5aqj89,1,0.13134686,1,2026-07-30 01:32,2026-07-30 01:32,bc1qc779m8gec84k3t0ffvu0pps94zheht7lr7ueyn,,https://mempool.space/address/bc1qdtrd75ynkt8xu3ks0e7hrlfgzftacfeu5aqj89
bc1qcw25vnpmnt7cx7vntu25ckyrrqpu75vsma4dfs,1,0.13043695,1,2026-07-30 01:32,2026-07-30 01:32,bc1qc779m8gec84k3t0ffvu0pps94zheht7lr7ueyn,,https://mempool.space/address/bc1qcw25vnpmnt7cx7vntu25ckyrrqpu75vsma4dfs
bc1qckekr0qz5hezqne3zgcvdaq03897xp3yjcm6mr,1,0.1299637,1,2026-07-30 01:32,2026-07-30 01:32,bc1qc779m8gec84k3t0ffvu0pps94zheht7lr7ueyn,,https://mempool.space/address/bc1qckekr0qz5hezqne3zgcvdaq03897xp3yjcm6mr
bc1qazj2k6avn3qce3xwtvwtnx3ajk79uavkf6vlul,1,0.12956177,1,2026-07-30 01:32,2026-07-30 01:32,bc1qc779m8gec84k3t0ffvu0pps94zheht7lr7ueyn,,https://mempool.space/address/bc1qazj2k6avn3qce3xwtvwtnx3ajk79uavkf6vlul
bc1quzlke3gftj69tx6hyhxngeykzc3q96xun2fqw9,1,0.1295536,1,2026-07-30 01:32,2026-07-30 01:32,bc1qc779m8gec84k3t0ffvu0pps94zheht7lr7ueyn,,https://mempool.space/address/bc1quzlke3gftj69tx6hyhxngeykzc3q96xun2fqw9
bc1qypmgp9r4l4vmx3sh6hhffmxsvfctnsw788lk45,1,0.12886116,1,2026-07-30 01:32,2026-07-30 01:32,bc1qc779m8gec84k3t0ffvu0pps94zheht7lr7ueyn,,https://mempool.space/address/bc1qypmgp9r4l4vmx3sh6hhffmxsvfctnsw788lk45
bc1qqlun4se9fvwka0gj98aj0vd0txsm3n8hrr2hp3,1,0.12812215,1,2026-07-30 01:32,2026-07-30 01:32,bc1qc779m8gec84k3t0ffvu0pps94zheht7lr7ueyn,,https://mempool.space/address/bc1qqlun4se9fvwka0gj98aj0vd0txsm3n8hrr2hp3
bc1qk52ejpyexvmf4x50uw0pleaem3am67kea8ydmz,1,0.127063,1,2026-07-30 01:32,2026-07-30 01:32,bc1qc779m8gec84k3t0ffvu0pps94zheht7lr7ueyn,,https://mempool.space/address/bc1qk52ejpyexvmf4x50uw0pleaem3am67kea8ydmz
bc1q6nz89fumaw33ezch099yqzwddjudpmhzwjlh7q,1,0.12661417,1,2026-07-30 01:32,2026-07-30 01:32,bc1qc779m8gec84k3t0ffvu0pps94zheht7lr7ueyn,,https://mempool.space/address/bc1q6nz89fumaw33ezch099yqzwddjudpmhzwjlh7q
bc1qswgn92u00nr0smpwhw54hztz0854xuyj0jutcm,1,0.12588535,1,2026-07-30 01:32,2026-07-30 01:32,bc1qc779m8gec84k3t0ffvu0pps94zheht7lr7ueyn,,https://mempool.space/address/bc1qswgn92u00nr0smpwhw54hztz0854xuyj0jutcm
bc1qtgvvveczq7ug97pwmgu2q2futmwfhpdlj8g6nw,1,0.12509191,1,2026-07-30 01:32,2026-07-30 01:32,bc1qc779m8gec84k3t0ffvu0pps94zheht7lr7ueyn,,https://mempool.space/address/bc1qtgvvveczq7ug97pwmgu2q2futmwfhpdlj8g6nw
bc1qfqcrg2suc2wxqx4vvar6hrn4njndrtqqy26mqz,1,0.12502213,1,2026-07-30 01:32,2026-07-30 01:32,bc1qc779m8gec84k3t0ffvu0pps94zheht7lr7ueyn,,https://mempool.space/address/bc1qfqcrg2suc2wxqx4vvar6hrn4njndrtqqy26mqz
bc1q4v37qpve80x7gs67r42s5hkku25kvwv2r35ca8,1,0.124967,1,2026-07-30 01:32,2026-07-30 01:32,bc1qc779m8gec84k3t0ffvu0pps94zheht7lr7ueyn,,https://mempool.space/address/bc1q4v37qpve80x7gs67r42s5hkku25kvwv2r35ca8
bc1qqhh035wrnu85xn6ksm3r5e5vtexyvr2z6tg0yw,1,0.12487029,1,2026-07-30 01:32,2026-07-30 01:32,bc1qc779m8gec84k3t0ffvu0pps94zheht7lr7ueyn,,https://mempool.space/address/bc1qqhh035wrnu85xn6ksm3r5e5vtexyvr2z6tg0yw
bc1qw0et5s60xfcts4ntxhk0whtwvpt4dn3ta8zlz3,1,0.1247424,1,2026-07-30 01:32,2026-07-30 01:32,bc1qc779m8gec84k3t0ffvu0pps94zheht7lr7ueyn,,https://mempool.space/address/bc1qw0et5s60xfcts4ntxhk0whtwvpt4dn3ta8zlz3
bc1qzeavay237vsdx2mu74ur9re84r03cfdwvf2wgt,1,0.12307191,1,2026-07-30 01:32,2026-07-30 01:32,bc1qc779m8gec84k3t0ffvu0pps94zheht7lr7ueyn,,https://mempool.space/address/bc1qzeavay237vsdx2mu74ur9re84r03cfdwvf2wgt
bc1q0f0w2fghl7hg9kw493g3qrtm3pjhmssvec40df,1,0.12294264,1,2026-07-30 01:32,2026-07-30 01:32,bc1qc779m8gec84k3t0ffvu0pps94zheht7lr7ueyn,,https://mempool.space/address/bc1q0f0w2fghl7hg9kw493g3qrtm3pjhmssvec40df
bc1qag3slduznv7tdhgtf893646rk6mrz6xrgeme0s,1,0.12290629,1,2026-07-30 01:32,2026-07-30 01:32,bc1qc779m8gec84k3t0ffvu0pps94zheht7lr7ueyn,,https://mempool.space/address/bc1qag3slduznv7tdhgtf893646rk6mrz6xrgeme0s
bc1qddkv7rcseufmy54qggqdmeq6qt2tfcxv5rxcp6,1,0.1228367,1,2026-07-30 01:32,2026-07-30 01:32,bc1qc779m8gec84k3t0ffvu0pps94zheht7lr7ueyn,,https://mempool.space/address/bc1qddkv7rcseufmy54qggqdmeq6qt2tfcxv5rxcp6
bc1q7jpc3tu8cch6qthx643zyj8eevg4vknehmktsu,1,0.12171476,1,2026-07-30 01:32,2026-07-30 01:32,bc1qc779m8gec84k3t0ffvu0pps94zheht7lr7ueyn,,https://mempool.space/address/bc1q7jpc3tu8cch6qthx643zyj8eevg4vknehmktsu
bc1q3glatq0q92suk2xljuwzgn8dp06nrljl32ap2h,1,0.12124399,1,2026-07-30 01:32,2026-07-30 01:32,bc1qc779m8gec84k3t0ffvu0pps94zheht7lr7ueyn,,https://mempool.space/address/bc1q3glatq0q92suk2xljuwzgn8dp06nrljl32ap2h
bc1q02y2my28t4ut3ewcsjz3ctu7xc6d9n6fhzlqgy,1,0.12117012,1,2026-07-30 01:32,2026-07-30 01:32,bc1qc779m8gec84k3t0ffvu0pps94zheht7lr7ueyn,,https://mempool.space/address/bc1q02y2my28t4ut3ewcsjz3ctu7xc6d9n6fhzlqgy
bc1qzv0a47tklf4rdsldljtdvprhk7zl7acyxgh6xy,1,0.12092562,1,2026-07-30 01:32,2026-07-30 01:32,bc1qc779m8gec84k3t0ffvu0pps94zheht7lr7ueyn,,https://mempool.space/address/bc1qzv0a47tklf4rdsldljtdvprhk7zl7acyxgh6xy
bc1q6tljdjclmguc24p7ygwrl3wr2rzy2d0kejfrtg,1,0.12045482,1,2026-07-30 01:32,2026-07-30 01:32,bc1qc779m8gec84k3t0ffvu0pps94zheht7lr7ueyn,,https://mempool.space/address/bc1q6tljdjclmguc24p7ygwrl3wr2rzy2d0kejfrtg
bc1q3mz9ljslwp33vyr0kahjx6wrstf734qfvq0wpl,1,0.119967,1,2026-07-30 01:32,2026-07-30 01:32,bc1qc779m8gec84k3t0ffvu0pps94zheht7lr7ueyn,,https://mempool.space/address/bc1q3mz9ljslwp33vyr0kahjx6wrstf734qfvq0wpl
bc1qnqrpgh4nu0rkrhlpcyyj7za9w48lww608n02t3,1,0.11969051,1,2026-07-30 01:32,2026-07-30 01:32,bc1qc779m8gec84k3t0ffvu0pps94zheht7lr7ueyn,,https://mempool.space/address/bc1qnqrpgh4nu0rkrhlpcyyj7za9w48lww608n02t3
bc1qg3qucmrkgc2a4srynajzx3fgflsynyhwa9rvt2,1,0.119217,1,2026-07-30 01:32,2026-07-30 01:32,bc1qc779m8gec84k3t0ffvu0pps94zheht7lr7ueyn,,https://mempool.space/address/bc1qg3qucmrkgc2a4srynajzx3fgflsynyhwa9rvt2
bc1qluly52pel0pa04h9up7nk2p8lr3l3uccywkugq,1,0.11916119,1,2026-07-30 01:32,2026-07-30 01:32,bc1qc779m8gec84k3t0ffvu0pps94zheht7lr7ueyn,,https://mempool.space/address/bc1qluly52pel0pa04h9up7nk2p8lr3l3uccywkugq
bc1q29l2lv8dhpumfzvelh6mjg7yz0we5jx8ut8ltj,1,0.11887334,1,2026-07-30 01:32,2026-07-30 01:32,bc1qc779m8gec84k3t0ffvu0pps94zheht7lr7ueyn,,https://mempool.space/address/bc1q29l2lv8dhpumfzvelh6mjg7yz0we5jx8ut8ltj
bc1qghdygewg7459hyhszj0ed9uz6gzhqadajjfxhr,1,0.11791089,1,2026-07-30 01:32,2026-07-30 01:32,bc1qc779m8gec84k3t0ffvu0pps94zheht7lr7ueyn,,https://mempool.space/address/bc1qghdygewg7459hyhszj0ed9uz6gzhqadajjfxhr
bc1q2jvcfxpm9qmsxzradvrsm3w0v2pnhd308wceg2,1,0.11778499,1,2026-07-30 01:32,2026-07-30 01:32,bc1qc779m8gec84k3t0ffvu0pps94zheht7lr7ueyn,,https://mempool.space/address/bc1q2jvcfxpm9qmsxzradvrsm3w0v2pnhd308wceg2
bc1qyue2v4qkr3sz493gn30jdyu6867ffv336au705,1,0.11753924,1,2026-07-30 01:32,2026-07-30 01:32,bc1qc779m8gec84k3t0ffvu0pps94zheht7lr7ueyn,,https://mempool.space/address/bc1qyue2v4qkr3sz493gn30jdyu6867ffv336au705
bc1qee7r99vk0km2l73435v45r78wmmr4v7mxs22t9,1,0.11636783,1,2026-07-30 01:32,2026-07-30 01:32,bc1qc779m8gec84k3t0ffvu0pps94zheht7lr7ueyn,,https://mempool.space/address/bc1qee7r99vk0km2l73435v45r78wmmr4v7mxs22t9
bc1qll742h36v9ds3n3rtrswpsnqfdgafztzyr6jfa,1,0.11611427,1,2026-07-30 01:32,2026-07-30 01:32,bc1qc779m8gec84k3t0ffvu0pps94zheht7lr7ueyn,,https://mempool.space/address/bc1qll742h36v9ds3n3rtrswpsnqfdgafztzyr6jfa
bc1qckeaxsv9zlszahgeshactsr24mg4gkvsamrmaj,1,0.11497935,1,2026-07-30 01:32,2026-07-30 01:32,bc1qc779m8gec84k3t0ffvu0pps94zheht7lr7ueyn,,https://mempool.space/address/bc1qckeaxsv9zlszahgeshactsr24mg4gkvsamrmaj
bc1qzggmgcg5rm6cn5tuuf2emvxgzxrmm3zrshg0sv,1,0.11446311,1,2026-07-30 01:32,2026-07-30 01:32,bc1qc779m8gec84k3t0ffvu0pps94zheht7lr7ueyn,,https://mempool.space/address/bc1qzggmgcg5rm6cn5tuuf2emvxgzxrmm3zrshg0sv
bc1q7ph9fgrqqmv890qakn8266qm8uzg27kna608jw,1,0.114258,1,2026-07-30 01:32,2026-07-30 01:32,bc1qc779m8gec84k3t0ffvu0pps94zheht7lr7ueyn,,https://mempool.space/address/bc1q7ph9fgrqqmv890qakn8266qm8uzg27kna608jw
bc1q2n0dclm4ztjrlan2z95cltnh7hvj3stx35cwl5,1,0.11315614,1,2026-07-30 01:32,2026-07-30 01:32,bc1qc779m8gec84k3t0ffvu0pps94zheht7lr7ueyn,,https://mempool.space/address/bc1q2n0dclm4ztjrlan2z95cltnh7hvj3stx35cwl5
bc1q53908xs6y9n8svfpm729e0x8vscmqw4dwu3sm5,1,0.1116177,1,2026-07-30 01:32,2026-07-30 01:32,bc1qc779m8gec84k3t0ffvu0pps94zheht7lr7ueyn,,https://mempool.space/address/bc1q53908xs6y9n8svfpm729e0x8vscmqw4dwu3sm5
bc1qy83x9mgwg3jne08xdjrr2g6rltypucdkxeel5d,1,0.11000514,1,2026-07-30 01:32,2026-07-30 01:32,bc1qc779m8gec84k3t0ffvu0pps94zheht7lr7ueyn,,https://mempool.space/address/bc1qy83x9mgwg3jne08xdjrr2g6rltypucdkxeel5d
bc1qqr4ju6ryc496x7x0rgygmtrv2smu7naj6y2nrs,1,0.109882,1,2026-07-30 01:32,2026-07-30 01:32,bc1qc779m8gec84k3t0ffvu0pps94zheht7lr7ueyn,,https://mempool.space/address/bc1qqr4ju6ryc496x7x0rgygmtrv2smu7naj6y2nrs
bc1qv7a25m9knsqy3srrj4t7cqrrl9mphxkts5lxqy,1,0.10984342,1,2026-07-30 01:32,2026-07-30 01:32,bc1qc779m8gec84k3t0ffvu0pps94zheht7lr7ueyn,,https://mempool.space/address/bc1qv7a25m9knsqy3srrj4t7cqrrl9mphxkts5lxqy
bc1qhael7a0asjexrwma0gmcm0ku87mpsazze7rxt2,1,0.10966299,1,2026-07-30 01:32,2026-07-30 01:32,bc1qc779m8gec84k3t0ffvu0pps94zheht7lr7ueyn,,https://mempool.space/address/bc1qhael7a0asjexrwma0gmcm0ku87mpsazze7rxt2
bc1q202ry7zy8r7k5506wnc8uhvw90r5d9gslvkx5s,1,0.10966148,1,2026-07-30 01:32,2026-07-30 01:32,bc1qc779m8gec84k3t0ffvu0pps94zheht7lr7ueyn,,https://mempool.space/address/bc1q202ry7zy8r7k5506wnc8uhvw90r5d9gslvkx5s
bc1qk9m8u9vhj5m64rnwx9lvdrgenlkpjgwl7y9755,1,0.10966091,1,2026-07-30 01:32,2026-07-30 01:32,bc1qc779m8gec84k3t0ffvu0pps94zheht7lr7ueyn,,https://mempool.space/address/bc1qk9m8u9vhj5m64rnwx9lvdrgenlkpjgwl7y9755
bc1q55m787qkvxhemm6y4w8gws9la2pjfvssnvumh3,1,0.10966056,1,2026-07-30 01:32,2026-07-30 01:32,bc1qc779m8gec84k3t0ffvu0pps94zheht7lr7ueyn,,https://mempool.space/address/bc1q55m787qkvxhemm6y4w8gws9la2pjfvssnvumh3
bc1quz3zg6k6yc6gqsdzruq79up0jg8zupptqmks6e,1,0.10966008,1,2026-07-30 01:32,2026-07-30 01:32,bc1qc779m8gec84k3t0ffvu0pps94zheht7lr7ueyn,,https://mempool.space/address/bc1quz3zg6k6yc6gqsdzruq79up0jg8zupptqmks6e
bc1q2xg2lh5emgxmrn0lgx3n9f74egw3g3f70nudrf,1,0.10965959,1,2026-07-30 01:32,2026-07-30 01:32,bc1qc779m8gec84k3t0ffvu0pps94zheht7lr7ueyn,,https://mempool.space/address/bc1q2xg2lh5emgxmrn0lgx3n9f74egw3g3f70nudrf
bc1q05r7yc3gv87sc7pm3cg8qg0pkg3g6dt7da9kks,1,0.10960247,1,2026-07-30 01:32,2026-07-30 01:32,bc1qc779m8gec84k3t0ffvu0pps94zheht7lr7ueyn,,https://mempool.space/address/bc1q05r7yc3gv87sc7pm3cg8qg0pkg3g6dt7da9kks
bc1qsk646ahlm2gxdyld9y0z007lycht7775thufwj,1,0.10902938,1,2026-07-30 01:32,2026-07-30 01:32,bc1qc779m8gec84k3t0ffvu0pps94zheht7lr7ueyn,,https://mempool.space/address/bc1qsk646ahlm2gxdyld9y0z007lycht7775thufwj
bc1qyp5pmem2yk8mzc3qq8954c5k65l7w82uv37qsv,1,0.10885016,1,2026-07-30 01:32,2026-07-30 01:32,bc1qc779m8gec84k3t0ffvu0pps94zheht7lr7ueyn,,https://mempool.space/address/bc1qyp5pmem2yk8mzc3qq8954c5k65l7w82uv37qsv
bc1q8ql23tspqjpndnl6kwwd949x78swm80wn6vls4,1,0.10872226,1,2026-07-30 01:32,2026-07-30 01:32,bc1qc779m8gec84k3t0ffvu0pps94zheht7lr7ueyn,,https://mempool.space/address/bc1q8ql23tspqjpndnl6kwwd949x78swm80wn6vls4
bc1qp8853lctwlrn0mrsvylvr5346xxkme9zhxwusz,1,0.10871963,1,2026-07-30 01:32,2026-07-30 01:32,bc1qc779m8gec84k3t0ffvu0pps94zheht7lr7ueyn,,https://mempool.space/address/bc1qp8853lctwlrn0mrsvylvr5346xxkme9zhxwusz
bc1qj3r5nz59lqhn653grwd24v62r2xdlgl5mcu7g2,1,0.10871636,1,2026-07-30 01:32,2026-07-30 01:32,bc1qc779m8gec84k3t0ffvu0pps94zheht7lr7ueyn,,https://mempool.space/address/bc1qj3r5nz59lqhn653grwd24v62r2xdlgl5mcu7g2
bc1qc4dp509gfum22243d0z47z6we8uk8ppeva08gt,1,0.10871571,1,2026-07-30 01:32,2026-07-30 01:32,bc1qc779m8gec84k3t0ffvu0pps94zheht7lr7ueyn,,https://mempool.space/address/bc1qc4dp509gfum22243d0z47z6we8uk8ppeva08gt
bc1qvfzaq6pw4nwg9k64jp0d332ct24pps69eth9mz,1,0.10870715,1,2026-07-30 01:32,2026-07-30 01:32,bc1qc779m8gec84k3t0ffvu0pps94zheht7lr7ueyn,,https://mempool.space/address/bc1qvfzaq6pw4nwg9k64jp0d332ct24pps69eth9mz
bc1qvccml7w4ghhfvc83frlhyss8yg0wfld5q9hxat,1,0.10870599,1,2026-07-30 01:32,2026-07-30 01:32,bc1qc779m8gec84k3t0ffvu0pps94zheht7lr7ueyn,,https://mempool.space/address/bc1qvccml7w4ghhfvc83frlhyss8yg0wfld5q9hxat
bc1qwkc58jmct5hn38m9nmudrjvfsp02t522ufwx34,1,0.10870573,1,2026-07-30 01:32,2026-07-30 01:32,bc1qc779m8gec84k3t0ffvu0pps94zheht7lr7ueyn,,https://mempool.space/address/bc1qwkc58jmct5hn38m9nmudrjvfsp02t522ufwx34
bc1q6ue4gjpjayy3cgz43wr70vzkeyu9p2ygp55rd0,1,0.10870426,1,2026-07-30 01:32,2026-07-30 01:32,bc1qc779m8gec84k3t0ffvu0pps94zheht7lr7ueyn,,https://mempool.space/address/bc1q6ue4gjpjayy3cgz43wr70vzkeyu9p2ygp55rd0
bc1q47rkawyty9r7fyww5vsrkmugcxynhnmcpnavuk,1,0.10870305,1,2026-07-30 01:32,2026-07-30 01:32,bc1qc779m8gec84k3t0ffvu0pps94zheht7lr7ueyn,,https://mempool.space/address/bc1q47rkawyty9r7fyww5vsrkmugcxynhnmcpnavuk
bc1q2xhelhkkmentp9vqd8yek2fpzwxj2ujcteegp4,1,0.10870264,1,2026-07-30 01:32,2026-07-30 01:32,bc1qc779m8gec84k3t0ffvu0pps94zheht7lr7ueyn,,https://mempool.space/address/bc1q2xhelhkkmentp9vqd8yek2fpzwxj2ujcteegp4
bc1q534d5e07drlphs5kat7qk2yc8v2cuelr0a0jzy,1,0.10870212,1,2026-07-30 01:32,2026-07-30 01:32,bc1qc779m8gec84k3t0ffvu0pps94zheht7lr7ueyn,,https://mempool.space/address/bc1q534d5e07drlphs5kat7qk2yc8v2cuelr0a0jzy
bc1qtrarycvn2us376we55wqk3p8460vw50kvxpt7q,1,0.10870085,1,2026-07-30 01:32,2026-07-30 01:32,bc1qc779m8gec84k3t0ffvu0pps94zheht7lr7ueyn,,https://mempool.space/address/bc1qtrarycvn2us376we55wqk3p8460vw50kvxpt7q
bc1qauxcdl773hyl6jl32ytz2dl0yrnvw7frhn30qu,1,0.10870085,1,2026-07-30 01:32,2026-07-30 01:32,bc1qc779m8gec84k3t0ffvu0pps94zheht7lr7ueyn,,https://mempool.space/address/bc1qauxcdl773hyl6jl32ytz2dl0yrnvw7frhn30qu
bc1qj5xwekpt0u8avav4c8yvyr5rklpfvuatuwpfqp,1,0.10869975,1,2026-07-30 01:32,2026-07-30 01:32,bc1qc779m8gec84k3t0ffvu0pps94zheht7lr7ueyn,,https://mempool.space/address/bc1qj5xwekpt0u8avav4c8yvyr5rklpfvuatuwpfqp
bc1qmgz9l2j08sz7keyu77u5lm22e5rtvn9ekk5lwy,1,0.10869872,1,2026-07-30 01:32,2026-07-30 01:32,bc1qc779m8gec84k3t0ffvu0pps94zheht7lr7ueyn,,https://mempool.space/address/bc1qmgz9l2j08sz7keyu77u5lm22e5rtvn9ekk5lwy
bc1qeycj7xf8tz8zx7cu9j5xwdvth5kzf8dvqrj2hx,1,0.1086978,1,2026-07-30 01:32,2026-07-30 01:32,bc1qc779m8gec84k3t0ffvu0pps94zheht7lr7ueyn,,https://mempool.space/address/bc1qeycj7xf8tz8zx7cu9j5xwdvth5kzf8dvqrj2hx
bc1q56xd3j046execvz3yxgjj6lvnwpj6cwnhrn4xr,1,0.10869684,1,2026-07-30 01:32,2026-07-30 01:32,bc1qc779m8gec84k3t0ffvu0pps94zheht7lr7ueyn,,https://mempool.space/address/bc1q56xd3j046execvz3yxgjj6lvnwpj6cwnhrn4xr
bc1qzufavqyqf5j0jcytvcf87x7nfjgsv3ljvl7hqj,1,0.10869648,1,2026-07-30 01:32,2026-07-30 01:32,bc1qc779m8gec84k3t0ffvu0pps94zheht7lr7ueyn,,https://mempool.space/address/bc1qzufavqyqf5j0jcytvcf87x7nfjgsv3ljvl7hqj
bc1q2uzrfctph09uym5rw4aqamrqqs689sp9f6palh,1,0.10869558,1,2026-07-30 01:32,2026-07-30 01:32,bc1qc779m8gec84k3t0ffvu0pps94zheht7lr7ueyn,,https://mempool.space/address/bc1q2uzrfctph09uym5rw4aqamrqqs689sp9f6palh
bc1ql6eajsvn26akw4gwcm6fcp57wv0e383q4tcwpl,1,0.10868735,1,2026-07-30 01:32,2026-07-30 01:32,bc1qc779m8gec84k3t0ffvu0pps94zheht7lr7ueyn,,https://mempool.space/address/bc1ql6eajsvn26akw4gwcm6fcp57wv0e383q4tcwpl
bc1qglrfmt629y484skpurgnn2dl2v4ac9p8557uf5,1,0.10868735,1,2026-07-30 01:32,2026-07-30 01:32,bc1qc779m8gec84k3t0ffvu0pps94zheht7lr7ueyn,,https://mempool.space/address/bc1qglrfmt629y484skpurgnn2dl2v4ac9p8557uf5
bc1qrkvjs0u5nrcl72wl6q5a7jn580ct4v43wxqmj3,1,0.10868326,1,2026-07-30 01:32,2026-07-30 01:32,bc1qc779m8gec84k3t0ffvu0pps94zheht7lr7ueyn,,https://mempool.space/address/bc1qrkvjs0u5nrcl72wl6q5a7jn580ct4v43wxqmj3
bc1qgkn4esdagqctc5hn0v4xy860trtj5xckrls00d,1,0.10868302,1,2026-07-30 01:32,2026-07-30 01:32,bc1qc779m8gec84k3t0ffvu0pps94zheht7lr7ueyn,,https://mempool.space/address/bc1qgkn4esdagqctc5hn0v4xy860trtj5xckrls00d
bc1qwt35d52w89tj3lcux5t60huavcaxs6sj7nlde0,1,0.10865877,1,2026-07-30 01:32,2026-07-30 01:32,bc1qc779m8gec84k3t0ffvu0pps94zheht7lr7ueyn,,https://mempool.space/address/bc1qwt35d52w89tj3lcux5t60huavcaxs6sj7nlde0
bc1qfl46wgstwlg5tgg94y9m3dct30xt5c33pcz9az,1,0.10865541,1,2026-07-30 01:32,2026-07-30 01:32,bc1qc779m8gec84k3t0ffvu0pps94zheht7lr7ueyn,,https://mempool.space/address/bc1qfl46wgstwlg5tgg94y9m3dct30xt5c33pcz9az
bc1q48day5w7nuced8xl32v8jlwruy6hpqh5mtv94f,1,0.10860799,1,2026-07-30 01:32,2026-07-30 01:32,bc1qc779m8gec84k3t0ffvu0pps94zheht7lr7ueyn,,https://mempool.space/address/bc1q48day5w7nuced8xl32v8jlwruy6hpqh5mtv94f
bc1qdl938ty5tnrknn5s2h35225w3ugaujznj3r6t4,1,0.10860533,1,2026-07-30 01:32,2026-07-30 01:32,bc1qc779m8gec84k3t0ffvu0pps94zheht7lr7ueyn,,https://mempool.space/address/bc1qdl938ty5tnrknn5s2h35225w3ugaujznj3r6t4
bc1qeesuj07fuu78snxdwcrf4a46nsqkjwee5pt44c,1,0.10856726,1,2026-07-30 01:32,2026-07-30 01:32,bc1qc779m8gec84k3t0ffvu0pps94zheht7lr7ueyn,,https://mempool.space/address/bc1qeesuj07fuu78snxdwcrf4a46nsqkjwee5pt44c
bc1qavp5re4f4gg54ssm35kh2jyt6yfhyehn3flh7f,1,0.10854166,1,2026-07-30 01:32,2026-07-30 01:32,bc1qc779m8gec84k3t0ffvu0pps94zheht7lr7ueyn,,https://mempool.space/address/bc1qavp5re4f4gg54ssm35kh2jyt6yfhyehn3flh7f
bc1qh93pgzff0zyve5prmdczlx8h7j9am3e2rf2qrv,1,0.10844747,1,2026-07-30 01:32,2026-07-30 01:32,bc1qc779m8gec84k3t0ffvu0pps94zheht7lr7ueyn,,https://mempool.space/address/bc1qh93pgzff0zyve5prmdczlx8h7j9am3e2rf2qrv
bc1qws4f5j26tdw0068nae3e7dymkpecz4u50253qz,1,0.10841573,1,2026-07-30 01:32,2026-07-30 01:32,bc1qc779m8gec84k3t0ffvu0pps94zheht7lr7ueyn,,https://mempool.space/address/bc1qws4f5j26tdw0068nae3e7dymkpecz4u50253qz
bc1qpa99lrlhfyzqtlevczwgmzez3kjurxstgdzk0d,1,0.10838954,1,2026-07-30 01:32,2026-07-30 01:32,bc1qc779m8gec84k3t0ffvu0pps94zheht7lr7ueyn,,https://mempool.space/address/bc1qpa99lrlhfyzqtlevczwgmzez3kjurxstgdzk0d
bc1q34h36nvwp0qmvzwz7v2dvwrxmu03ggltc747cg,1,0.1083563,1,2026-07-30 01:32,2026-07-30 01:32,bc1qc779m8gec84k3t0ffvu0pps94zheht7lr7ueyn,,https://mempool.space/address/bc1q34h36nvwp0qmvzwz7v2dvwrxmu03ggltc747cg
bc1qw8rzfjjthxku327qyrm0sr2dxzwdtr6kklqt6x,1,0.10833989,1,2026-07-30 01:32,2026-07-30 01:32,bc1qc779m8gec84k3t0ffvu0pps94zheht7lr7ueyn,,https://mempool.space/address/bc1qw8rzfjjthxku327qyrm0sr2dxzwdtr6kklqt6x
bc1qlzypahvphqtwvwp8dqakrjvewy0v072pklh6zf,1,0.1083347,1,2026-07-30 01:32,2026-07-30 01:32,bc1qc779m8gec84k3t0ffvu0pps94zheht7lr7ueyn,,https://mempool.space/address/bc1qlzypahvphqtwvwp8dqakrjvewy0v072pklh6zf
bc1qyav73dlwhtjh0wfz76prz6fjdc5awu5kna8gh0,1,0.10833273,1,2026-07-30 01:32,2026-07-30 01:32,bc1qc779m8gec84k3t0ffvu0pps94zheht7lr7ueyn,,https://mempool.space/address/bc1qyav73dlwhtjh0wfz76prz6fjdc5awu5kna8gh0
bc1q2hpac7hgvphjk6hllfv2pcejpnjss2gwwhs8h3,1,0.10826589,1,2026-07-30 01:32,2026-07-30 01:32,bc1qc779m8gec84k3t0ffvu0pps94zheht7lr7ueyn,,https://mempool.space/address/bc1q2hpac7hgvphjk6hllfv2pcejpnjss2gwwhs8h3
bc1q2f7c9te8tzcj6yqnkwssz0477k6sr3m0hvl70d,1,0.10823152,1,2026-07-30 01:32,2026-07-30 01:32,bc1qc779m8gec84k3t0ffvu0pps94zheht7lr7ueyn,,https://mempool.space/address/bc1q2f7c9te8tzcj6yqnkwssz0477k6sr3m0hvl70d
bc1q3ly4aut9863xjteyvy9atljpsex34vnmlsact7,1,0.10819632,1,2026-07-30 01:32,2026-07-30 01:32,bc1qc779m8gec84k3t0ffvu0pps94zheht7lr7ueyn,,https://mempool.space/address/bc1q3ly4aut9863xjteyvy9atljpsex34vnmlsact7
bc1q5xpkdgc76jge6wcfc5dgk0qg8zxl7rgtsz94lv,1,0.10819579,1,2026-07-30 01:32,2026-07-30 01:32,bc1qc779m8gec84k3t0ffvu0pps94zheht7lr7ueyn,,https://mempool.space/address/bc1q5xpkdgc76jge6wcfc5dgk0qg8zxl7rgtsz94lv
bc1qgufnmwpya9txdr2ymm9u7dgufxqqmhxt5f2n8f,1,0.1081948,1,2026-07-30 01:32,2026-07-30 01:32,bc1qc779m8gec84k3t0ffvu0pps94zheht7lr7ueyn,,https://mempool.space/address/bc1qgufnmwpya9txdr2ymm9u7dgufxqqmhxt5f2n8f
